Locus Annotations,,,,,
,,,,,
Locus ID,Disorder,Chr,Pos/Cytoband,Lead SNP,Annotated Gene
1,PSP,1,85603051,rs114573015,WDR63
2,PSP,1,180993146,rs57113693,STX6
3,AD,1,207692049,rs6656401,CR1
4,PSP,1,221995092,rs12125383,DUSP10
5,AD,10,11720308,rs7920721,ECHDC3
6,AD,11,47557871;47380340,rs10838725;rs3740688 *,CELF1/ SPI1-PU.1
7,AD,11,59923508,rs983392,MS4A6A
8,AD,11,85867875,rs10792832,PICALM
9,AD,11,121435587,rs11218343,SORL1
10,PSP,12,21314281,rs7966334,SLC01A2
11,PSP,12,53788003,rs147124286,SP1
12,AD,14,53400629; 53391680,rs17125944; rs17125924,FERMT2
13,AD,14,92926952; 92932828,rs10498633; rs12881735,SLC24A4/RIN3
14,AD,15,59045774,rs593742,ADAM10
15,AD,16,19808163,rs7185636,IQCK
16,PSP,17,17q21.31,NA,MAPT
17,AD,17,61538148,rs138190086,ACE
18,AD,18,29088958,rs8093731,DSG2
19,AD,19,1063443,rs4147929,ABCA7
20,AD,19,19q13.32,NA,APOE/TOMM40
21,AD,19,51727962,rs3865444,CD33
22,AD,2,127892810,rs6733839,BIN1
23,AD,2,234068476,rs35349669,INPP5D
24,AD,20,55018260; 54997568,rs7274581; rs6024870,CASS4
25,AD,21,28156856,rs2830500,ADAMTS1
26,PSP,3,39510287,rs10675541,MOBP
27,AD,6,32578530,rs9271192,HLA-DRB5– HLA-DRB1
28,PSP,6,45499614,rs35740963,RUNX2
29,AD,6,47487762,rs10948363,CD2AP
30,AD,7,100004446; 100091795,rs1476679; rs12539172,ZCWPW1; NYAP1
31,AD,7,143110762,rs11771145,EPHA1
32a,AD,8,27195121,rs28834970,PTK2B
32b,AD,8,27467686,rs9331896,CLU
33,PSP,8,131075859,rs2045091,ASAP1