Supplementary Data 1,,,,,,,,
,,,,,,,,
"Results of the two MPRA screens, sorted by absolute log2 score in L363 cells. The P- and Q-values are the final results from MPRA-score, integrating all barcodes that represent the variant (i.e., all three genomic windows and both strands). ",,,,,,,,
,,,,,,,,
rsID,Ref,Alt,L363 cells,,,MOLP8 cells,,
,,,log2 score,P-value,Q-value,log2 score,P-value,Q-value
rs3777189,C,G,1.21,1.22E-08,0.00E+00,0.22,1.29E-03,4.07E-02
rs78740585,G,A,1.15,1.22E-08,0.00E+00,1.05,1.22E-08,0.00E+00
rs188468174,C,T,0.94,1.22E-08,0.00E+00,1.22,1.22E-08,0.00E+00
rs73169649,T,C,0.75,1.22E-08,0.00E+00,0.15,1.17E-02,1.49E-01
rs4273077,A,G,0.72,1.22E-08,0.00E+00,0.69,1.22E-08,0.00E+00
rs11711621,C,T,0.57,1.22E-08,0.00E+00,0.54,1.22E-08,0.00E+00
rs3827644,G,C,0.52,1.22E-08,0.00E+00,0.62,1.22E-08,0.00E+00
rs6066831,C,A,-0.48,1.22E-08,0.00E+00,-0.41,1.22E-08,0.00E+00
rs4792800,A,G,0.47,1.22E-08,0.00E+00,0.27,9.76E-08,6.36E-06
rs6066837,A,C,-0.46,1.22E-08,0.00E+00,-0.14,4.27E-02,2.72E-01
rs13198600,A,G,0.43,1.22E-08,0.00E+00,0.26,1.51E-05,7.76E-04
rs2790444,C,T,0.41,2.44E-08,3.23E-07,0.96,1.22E-08,0.00E+00
rs77791277,G,A,0.35,2.44E-08,3.23E-07,0.41,1.22E-08,0.00E+00
rs4487645,C,A,-0.35,1.22E-08,0.00E+00,-0.16,1.54E-04,6.63E-03
rs11960493,T,G,0.33,2.44E-08,3.23E-07,0.23,3.00E-04,1.17E-02
rs11086029,T,A,0.32,2.44E-08,3.23E-07,0.15,1.02E-02,1.42E-01
rs11241694,T,C,-0.32,1.22E-08,0.00E+00,-0.26,4.88E-07,3.00E-05
rs7625734,T,C,-0.31,2.44E-08,3.23E-07,-0.20,1.81E-03,5.11E-02
rs71551045,A,G,-0.31,3.35E-01,5.59E-01,-0.46,3.30E-01,6.99E-01
rs3777183,G,A,0.31,2.44E-08,3.23E-07,0.43,1.22E-08,0.00E+00
rs3777182,T,A,0.31,2.44E-08,3.23E-07,0.24,2.49E-04,1.02E-02
rs6881175,T,G,-0.30,1.22E-08,0.00E+00,-0.16,7.97E-04,2.61E-02
rs112883732,G,A,0.29,1.22E-08,0.00E+00,0.11,6.86E-03,1.20E-01
rs139388,C,G,0.28,2.44E-08,3.23E-07,0.13,2.18E-02,2.05E-01
rs73169674,G,A,0.26,2.44E-08,3.23E-07,0.12,1.01E-02,1.42E-01
rs9831661,G,T,-0.25,2.44E-08,3.23E-07,-0.06,2.97E-01,6.81E-01
rs139407,G,A,-0.25,2.44E-08,3.23E-07,-0.10,2.75E-02,2.30E-01
rs139403,G,A,-0.22,6.10E-08,1.18E-06,-0.10,7.73E-02,3.61E-01
rs6971909,C,T,0.22,2.44E-08,3.23E-07,0.09,9.42E-02,3.90E-01
rs3777188,T,C,0.21,2.44E-08,3.23E-07,0.06,1.47E-01,4.93E-01
rs3804329,A,G,0.21,2.88E-06,4.90E-05,0.28,2.51E-05,1.14E-03
rs6891155,A,G,0.21,1.04E-03,9.39E-03,0.21,2.83E-02,2.34E-01
rs6565197,T,C,0.21,2.84E-05,4.16E-04,0.15,3.89E-02,2.69E-01
rs62376437,A,G,0.20,3.54E-07,7.57E-06,0.09,4.18E-02,2.72E-01
rs3804333,C,T,-0.20,9.76E-07,1.88E-05,-0.15,1.20E-02,1.49E-01
rs6066832,C,A,0.20,2.44E-08,3.23E-07,0.21,1.90E-06,1.11E-04
rs4808485,C,T,-0.20,2.44E-08,3.23E-07,-0.09,3.32E-02,2.55E-01
rs10485966,T,C,-0.19,6.65E-06,1.07E-04,0.11,8.85E-02,3.74E-01
rs3777185,C,T,-0.19,3.90E-07,8.16E-06,-0.06,2.85E-01,6.64E-01
rs58647797,G,C,-0.19,2.44E-08,3.23E-07,-0.09,3.91E-02,2.69E-01
rs4792798,G,A,-0.19,1.90E-06,3.37E-05,-0.20,6.57E-04,2.24E-02
rs890913,A,T,-0.18,2.95E-05,4.17E-04,-0.27,6.73E-06,3.67E-04
rs139386,T,C,0.18,7.99E-03,4.61E-02,0.16,1.21E-01,4.45E-01
rs34340185,G,A,-0.18,8.54E-08,1.71E-06,-0.03,5.63E-01,8.41E-01
rs1050979,A,G,0.18,1.46E-07,3.06E-06,-0.02,6.39E-01,8.95E-01
rs722560,T,C,0.17,1.38E-04,1.67E-03,0.16,1.15E-02,1.49E-01
rs17150407,C,A,-0.17,8.84E-05,1.17E-03,-0.15,2.74E-02,2.30E-01
rs13154717,G,T,0.17,9.34E-04,8.70E-03,0.20,1.38E-02,1.56E-01
rs56144810,G,T,-0.17,2.45E-06,4.26E-05,-0.05,3.24E-01,6.99E-01
rs989177,A,G,0.17,7.93E-07,1.60E-05,-0.01,8.57E-01,9.74E-01
rs71551040,T,A,-0.17,1.00E-06,1.88E-05,-0.14,5.35E-03,9.75E-02
rs10265763,G,A,0.16,8.81E-02,2.53E-01,-0.02,8.89E-01,9.75E-01
rs8051148,T,C,-0.16,3.66E-08,6.06E-07,-0.10,2.50E-02,2.26E-01
rs17085249,G,A,-0.16,2.12E-05,3.27E-04,-0.11,6.66E-02,3.35E-01
rs2033221,G,T,-0.16,8.86E-04,8.35E-03,-0.14,5.22E-02,2.96E-01
rs11958776,C,G,-0.16,5.98E-07,1.23E-05,-0.08,7.55E-02,3.60E-01
rs6595448,G,C,-0.16,1.90E-05,2.99E-04,-0.10,9.09E-02,3.81E-01
rs1057963,G,C,0.16,2.64E-05,3.93E-04,0.16,2.32E-03,5.43E-02
rs139401,C,G,-0.16,3.35E-03,2.46E-02,-0.07,4.10E-01,7.49E-01
rs2042577,G,A,-0.15,8.14E-05,1.09E-03,-0.10,1.05E-01,4.10E-01
rs55714084,C,A,0.15,7.70E-04,7.52E-03,0.04,5.31E-01,8.28E-01
rs1265840,C,T,-0.15,1.24E-06,2.30E-05,-0.06,1.89E-01,5.53E-01
rs3815768,C,T,-0.15,1.19E-04,1.45E-03,-0.11,6.56E-02,3.32E-01
rs56068542,T,C,0.15,1.29E-03,1.12E-02,0.11,1.08E-01,4.13E-01
rs7903703,T,C,-0.15,3.66E-08,6.06E-07,-0.05,2.41E-01,6.19E-01
rs73184243,G,A,-0.15,9.78E-05,1.27E-03,-0.06,2.59E-01,6.40E-01
rs2239532,A,C,0.15,1.85E-03,1.42E-02,0.09,2.08E-01,5.83E-01
rs138759,G,A,0.15,6.86E-03,4.08E-02,0.14,3.53E-02,2.63E-01
rs4821389,G,A,-0.14,8.41E-07,1.66E-05,-0.09,4.63E-02,2.86E-01
rs144184252,A,G,-0.14,5.95E-04,6.09E-03,-0.08,1.86E-01,5.48E-01
rs56651385,G,T,-0.14,2.78E-01,5.05E-01,0.01,9.50E-01,9.89E-01
rs139390,A,G,0.14,2.19E-04,2.46E-03,0.08,1.76E-01,5.31E-01
rs9866776,C,A,-0.14,1.15E-04,1.43E-03,-0.06,3.26E-01,6.99E-01
rs2547997,G,T,0.14,8.83E-04,8.35E-03,0.11,4.19E-02,2.72E-01
rs3777201,G,T,0.14,1.56E-02,8.14E-02,0.04,6.72E-01,9.05E-01
rs1944129,C,T,-0.14,4.59E-02,1.66E-01,0.02,8.73E-01,9.75E-01
rs28702851,G,A,-0.14,4.05E-04,4.25E-03,-0.05,4.08E-01,7.49E-01
rs67585224,A,C,-0.14,2.16E-03,1.64E-02,-0.06,3.48E-01,7.04E-01
rs714016,A,C,0.14,1.05E-04,1.32E-03,0.06,3.07E-01,6.90E-01
rs62422881,T,C,0.14,5.02E-05,6.86E-04,0.03,5.39E-01,8.32E-01
rs13171958,T,C,0.14,2.32E-02,1.06E-01,0.15,1.02E-01,4.05E-01
rs4325816,T,C,0.14,1.65E-03,1.31E-02,0.04,5.40E-01,8.32E-01
rs34040118,C,T,-0.14,1.44E-06,2.60E-05,-0.05,2.73E-01,6.56E-01
rs76492324,GT,G,-0.14,6.16E-04,6.24E-03,-0.07,2.47E-01,6.25E-01
rs11958836,G,A,0.14,3.63E-04,3.92E-03,0.07,2.06E-01,5.80E-01
rs138775,G,A,0.13,3.91E-03,2.79E-02,0.06,3.48E-01,7.04E-01
rs67552763,A,G,0.13,3.89E-04,4.15E-03,0.10,7.59E-02,3.60E-01
rs9398075,G,A,0.13,1.81E-03,1.40E-02,0.20,2.30E-03,5.43E-02
rs13231406,G,A,-0.13,1.57E-03,1.29E-02,-0.09,1.76E-01,5.31E-01
rs66513837,A,G,0.13,5.30E-03,3.56E-02,0.04,6.03E-01,8.70E-01
rs10700676,A,AG,0.13,2.58E-03,1.93E-02,0.15,2.67E-02,2.30E-01
rs6890954,T,C,-0.13,1.59E-04,1.89E-03,-0.10,5.94E-02,3.16E-01
rs6879652,T,C,0.13,3.20E-06,5.33E-05,0.10,1.94E-02,1.89E-01
rs10421742,T,C,0.13,7.86E-04,7.58E-03,0.12,3.77E-02,2.68E-01
rs73169668,C,T,-0.13,1.33E-03,1.13E-02,-0.12,3.74E-02,2.68E-01
rs6063316,A,G,0.13,2.01E-04,2.29E-03,0.12,2.35E-02,2.16E-01
rs35446936,G,A,-0.13,4.83E-06,7.90E-05,-0.08,5.92E-02,3.16E-01
rs7198250,C,A,0.12,1.83E-02,9.02E-02,0.08,3.26E-01,6.99E-01
rs67939974,C,T,-0.12,1.43E-03,1.19E-02,-0.05,3.62E-01,7.14E-01
rs6595449,A,C,0.12,7.31E-04,7.23E-03,0.02,5.49E-01,8.37E-01
rs9373842,T,G,0.12,4.69E-03,3.23E-02,0.07,2.76E-01,6.56E-01
rs201789818,C,G,-0.12,2.52E-02,1.11E-01,-0.11,1.95E-01,5.60E-01
rs17085266,A,C,0.12,2.48E-05,3.76E-04,0.13,3.82E-03,8.03E-02
rs149363788,TTTC,T,0.12,6.18E-03,3.90E-02,0.14,3.98E-02,2.70E-01
rs17443742,A,T,0.12,1.48E-02,7.79E-02,0.01,9.30E-01,9.86E-01
rs647451,C,T,-0.12,1.63E-03,1.31E-02,-0.03,6.53E-01,8.95E-01
rs139637361,A,G,0.12,2.94E-05,4.17E-04,0.22,4.02E-07,2.67E-05
rs1948915,T,C,-0.12,1.71E-03,1.34E-02,-0.15,1.36E-02,1.56E-01
rs12696304,C,G,0.12,1.86E-04,2.15E-03,0.08,1.28E-01,4.58E-01
rs2015159,C,T,0.12,6.46E-03,4.01E-02,0.09,1.77E-01,5.31E-01
rs200572943,C,T,-0.12,1.31E-02,7.01E-02,-0.15,3.95E-02,2.70E-01
rs6066829,T,G,0.12,1.86E-04,2.15E-03,0.04,4.55E-01,7.83E-01
rs1317082,A,G,-0.12,2.21E-02,1.02E-01,-0.19,1.47E-02,1.61E-01
rs16866,G,A,0.12,7.71E-03,4.51E-02,0.17,9.19E-03,1.37E-01
rs35969813,T,C,-0.12,1.79E-02,9.00E-02,-0.20,1.01E-02,1.42E-01
rs565544253,G,A,0.12,2.49E-02,1.11E-01,0.03,6.96E-01,9.13E-01
rs6063311,C,T,-0.12,1.06E-03,9.45E-03,-0.07,1.69E-01,5.22E-01
rs8048448,T,C,0.12,2.44E-04,2.70E-03,0.13,7.57E-03,1.29E-01
rs4568007,C,G,-0.12,7.49E-02,2.28E-01,-0.12,2.54E-01,6.34E-01
rs73169642,T,C,0.12,5.97E-03,3.84E-02,-0.06,3.80E-01,7.30E-01
rs6755906,T,C,-0.12,2.12E-02,9.92E-02,-0.18,1.86E-02,1.86E-01
rs370791354,ACG,A,0.12,4.45E-02,1.63E-01,0.21,1.58E-02,1.71E-01
rs2532744,T,G,0.12,5.58E-03,3.72E-02,0.11,8.29E-02,3.70E-01
rs12933037,G,A,0.11,2.51E-02,1.11E-01,-0.01,8.58E-01,9.74E-01
rs2402752,T,C,0.11,6.69E-03,4.07E-02,0.16,1.36E-02,1.56E-01
rs2532741,C,G,0.11,2.33E-03,1.75E-02,0.13,2.20E-02,2.05E-01
rs2362475,A,C,-0.11,9.80E-04,9.03E-03,-0.11,3.62E-02,2.67E-01
rs9398073,G,C,0.11,2.61E-02,1.14E-01,-0.07,3.42E-01,7.01E-01
rs1514044,A,G,-0.11,5.80E-02,1.94E-01,-0.05,5.69E-01,8.43E-01
rs34101942,G,GA,-0.11,2.89E-03,2.13E-02,-0.04,4.67E-01,7.85E-01
rs34078859,C,T,-0.11,3.17E-02,1.28E-01,0.05,5.25E-01,8.25E-01
rs56387611,G,A,0.11,1.14E-03,1.01E-02,0.06,2.50E-01,6.30E-01
rs6125448,G,A,-0.11,1.15E-02,6.32E-02,0.00,9.52E-01,9.89E-01
rs66922607,T,A,0.11,9.97E-04,9.08E-03,0.00,9.97E-01,9.98E-01
rs1122979,G,A,-0.11,6.58E-02,2.14E-01,-0.25,8.37E-03,1.35E-01
rs5755684,G,A,-0.11,5.88E-03,3.84E-02,0.04,5.11E-01,8.14E-01
rs4792795,A,G,0.11,3.45E-02,1.34E-01,0.13,8.57E-02,3.70E-01
rs10233596,A,G,0.11,1.62E-01,3.67E-01,-0.01,8.72E-01,9.75E-01
rs3777204,A,G,0.11,1.53E-01,3.57E-01,0.09,4.03E-01,7.47E-01
rs2235145,T,G,0.11,1.29E-03,1.12E-02,0.10,4.97E-02,2.96E-01
rs6884179,A,G,-0.11,1.42E-03,1.19E-02,-0.18,5.83E-04,2.08E-02
rs35500004,C,T,-0.11,6.89E-04,6.89E-03,-0.12,9.46E-03,1.39E-01
rs6749558,C,A,0.11,2.63E-02,1.14E-01,0.07,3.32E-01,6.99E-01
rs9607261,G,C,0.10,1.80E-02,9.00E-02,0.08,2.42E-01,6.19E-01
rs796319930,TTAAAAAA,TAAAAA,0.10,2.87E-02,1.22E-01,0.12,1.15E-01,4.30E-01
rs13159477,T,A,0.10,1.99E-02,9.60E-02,0.11,1.14E-01,4.28E-01
rs5757507,G,A,-0.10,6.88E-03,4.08E-02,-0.10,8.68E-02,3.70E-01
rs199924588,C,T,-0.10,1.02E-04,1.30E-03,-0.03,4.15E-01,7.50E-01
rs1383748,A,T,-0.10,2.44E-01,4.62E-01,-0.11,3.97E-01,7.39E-01
rs56228925,G,T,0.10,8.18E-02,2.44E-01,-0.06,4.85E-01,7.96E-01
rs9399978,A,G,-0.10,1.41E-03,1.19E-02,-0.04,3.55E-01,7.14E-01
rs12520233,T,G,0.10,5.67E-03,3.75E-02,-0.01,8.11E-01,9.56E-01
rs55998217,T,G,-0.10,1.35E-01,3.30E-01,-0.03,7.95E-01,9.52E-01
rs552746895,TAGAC,T,-0.10,4.74E-02,1.68E-01,-0.17,1.68E-02,1.74E-01
rs34986416,A,G,0.10,1.75E-03,1.37E-02,0.08,1.19E-01,4.41E-01
rs6090899,A,G,0.10,3.33E-02,1.30E-01,0.10,1.68E-01,5.22E-01
rs8141767,C,G,-0.10,4.37E-03,3.04E-02,-0.16,4.14E-03,8.29E-02
rs6565201,C,T,-0.10,3.66E-05,5.08E-04,-0.10,4.90E-03,9.13E-02
rs73169671,C,A,-0.10,2.46E-02,1.10E-01,-0.02,7.38E-01,9.31E-01
rs4516495,A,G,0.10,6.62E-03,4.07E-02,0.10,6.16E-02,3.19E-01
rs3777203,C,T,0.10,4.72E-02,1.68E-01,0.00,9.64E-01,9.91E-01
rs4836008,T,C,-0.10,2.04E-01,4.17E-01,-0.14,2.26E-01,5.99E-01
rs3751985,T,G,-0.10,1.03E-02,5.73E-02,-0.10,1.05E-01,4.10E-01
rs7795943,C,A,-0.10,1.56E-01,3.57E-01,-0.11,3.05E-01,6.88E-01
rs7702674,A,C,0.10,4.85E-02,1.70E-01,-0.01,9.14E-01,9.81E-01
rs3731197,C,T,-0.10,2.16E-02,1.00E-01,0.01,9.05E-01,9.77E-01
rs11741590,C,T,-0.10,4.97E-03,3.40E-02,-0.08,1.55E-01,5.09E-01
rs12158877,T,G,0.10,1.87E-02,9.18E-02,-0.10,9.96E-02,4.03E-01
rs28853644,C,T,-0.10,2.15E-02,1.00E-01,0.00,9.80E-01,9.92E-01
rs139383,G,A,-0.10,8.95E-03,5.13E-02,-0.09,9.75E-02,4.00E-01
rs17443700,T,C,-0.10,3.32E-02,1.30E-01,-0.21,2.24E-03,5.43E-02
rs737755,T,C,0.09,6.61E-02,2.14E-01,0.10,1.59E-01,5.16E-01
rs2072296,A,G,0.09,1.24E-01,3.15E-01,0.00,9.59E-01,9.91E-01
rs4749330,G,A,-0.09,4.08E-03,2.88E-02,-0.04,3.90E-01,7.32E-01
rs113839563,G,A,0.09,6.70E-03,4.07E-02,0.01,8.87E-01,9.75E-01
rs9392504,G,A,0.09,1.81E-02,9.00E-02,0.15,1.39E-02,1.56E-01
rs6860168,G,C,0.09,4.74E-04,4.92E-03,0.07,8.71E-02,3.70E-01
rs6943653,G,A,-0.09,1.81E-02,9.00E-02,-0.01,8.65E-01,9.75E-01
rs3747486,C,T,-0.09,2.35E-02,1.07E-01,-0.16,1.66E-02,1.74E-01
rs11953651,C,T,-0.09,1.65E-02,8.55E-02,-0.11,5.23E-02,2.96E-01
rs139389,T,C,0.09,4.31E-03,3.02E-02,0.08,1.15E-01,4.30E-01
rs72913032,T,C,-0.09,6.35E-02,2.10E-01,0.03,6.94E-01,9.13E-01
rs13174550,C,T,-0.09,1.63E-03,1.31E-02,-0.05,2.25E-01,5.97E-01
rs11089738,A,G,0.09,5.91E-03,3.84E-02,0.03,6.26E-01,8.87E-01
rs2299864,C,T,0.09,7.19E-02,2.25E-01,0.13,7.87E-02,3.63E-01
rs4402594,C,T,-0.09,2.99E-02,1.26E-01,-0.11,5.99E-02,3.16E-01
rs7500719,G,A,0.09,2.99E-02,1.26E-01,-0.01,8.95E-01,9.75E-01
rs4889534,T,C,0.09,1.36E-02,7.25E-02,0.11,4.09E-02,2.71E-01
rs72098212,AGTT,A,-0.09,6.35E-03,3.97E-02,-0.03,5.20E-01,8.22E-01
rs2930975,C,G,-0.09,8.45E-02,2.48E-01,-0.04,5.79E-01,8.56E-01
rs741995,T,C,0.09,3.63E-04,3.92E-03,0.03,3.91E-01,7.32E-01
rs66526112,C,A,-0.09,3.14E-02,1.28E-01,-0.06,3.62E-01,7.14E-01
rs11241696,T,C,0.09,2.43E-02,1.09E-01,0.12,5.05E-02,2.96E-01
rs8059475,A,G,0.09,3.07E-02,1.28E-01,0.00,9.81E-01,9.92E-01
rs2141595,C,T,-0.09,2.72E-02,1.17E-01,-0.01,9.33E-01,9.86E-01
rs17501656,G,A,-0.09,1.24E-02,6.71E-02,-0.06,2.63E-01,6.45E-01
rs2807754,C,T,-0.09,3.33E-02,1.30E-01,-0.03,5.99E-01,8.68E-01
rs877529,G,A,0.09,5.26E-03,3.56E-02,0.00,9.96E-01,9.98E-01
rs10249722,C,T,0.09,9.36E-03,5.29E-02,0.01,9.02E-01,9.77E-01
rs56356267,A,G,-0.09,6.92E-03,4.08E-02,0.01,8.20E-01,9.57E-01
rs3836901,GGT,G,-0.09,3.61E-02,1.38E-01,-0.03,6.86E-01,9.06E-01
rs4473974,G,T,-0.09,3.20E-02,1.28E-01,0.05,3.92E-01,7.32E-01
rs6518947,C,T,-0.09,3.69E-03,2.65E-02,0.06,1.60E-01,5.17E-01
rs6889862,C,A,-0.09,1.73E-02,8.83E-02,-0.05,3.22E-01,6.99E-01
rs72919402,T,C,0.09,5.10E-02,1.76E-01,0.01,8.96E-01,9.75E-01
rs1543302,A,C,-0.09,3.54E-02,1.36E-01,-0.02,7.02E-01,9.16E-01
rs3817991,G,C,0.09,2.91E-01,5.18E-01,0.01,9.43E-01,9.88E-01
rs36045816,G,A,0.09,1.18E-02,6.47E-02,-0.01,8.21E-01,9.57E-01
rs1265829,T,C,0.09,3.70E-02,1.40E-01,0.05,4.27E-01,7.58E-01
rs139398,C,G,-0.09,9.98E-02,2.78E-01,-0.06,3.42E-01,7.01E-01
rs3777194,C,T,-0.09,2.01E-02,9.62E-02,-0.05,3.56E-01,7.14E-01
rs9398078,G,C,0.08,1.07E-02,5.95E-02,0.00,9.43E-01,9.88E-01
rs777738600,G,T,-0.08,5.83E-01,7.70E-01,-0.01,9.61E-01,9.91E-01
rs1025129,T,C,0.08,8.46E-02,2.48E-01,0.05,5.31E-01,8.28E-01
rs35348432,G,A,-0.08,7.29E-02,2.25E-01,-0.01,8.90E-01,9.75E-01
rs1047440,C,T,-0.08,7.22E-02,2.25E-01,-0.02,7.42E-01,9.31E-01
rs79503,A,G,-0.08,6.49E-02,2.12E-01,0.01,8.54E-01,9.74E-01
rs7791430,G,T,0.08,7.93E-03,4.61E-02,0.08,1.07E-01,4.12E-01
rs11948639,C,T,0.08,1.40E-02,7.40E-02,-0.04,4.81E-01,7.95E-01
rs9928572,C,T,-0.08,5.47E-02,1.85E-01,-0.09,1.75E-01,5.31E-01
rs3777193,G,A,0.08,2.28E-02,1.04E-01,0.12,3.26E-02,2.55E-01
rs13156123,T,G,-0.08,6.96E-02,2.20E-01,-0.06,4.07E-01,7.49E-01
rs6125439,G,A,-0.08,7.69E-02,2.33E-01,-0.10,1.69E-01,5.22E-01
rs6952721,T,C,0.08,8.49E-02,2.48E-01,0.13,7.75E-02,3.61E-01
rs6948632,T,G,0.08,1.72E-02,8.82E-02,0.07,2.11E-01,5.85E-01
rs6066819,T,C,0.08,1.03E-02,5.73E-02,0.12,1.28E-02,1.53E-01
rs66770364,T,C,0.08,2.04E-01,4.17E-01,0.19,4.78E-02,2.92E-01
rs4889536,G,T,0.08,8.65E-02,2.50E-01,-0.01,9.03E-01,9.77E-01
rs73169672,A,T,0.08,1.31E-02,7.01E-02,0.04,4.14E-01,7.50E-01
rs9372120,T,G,0.08,9.07E-02,2.58E-01,0.05,4.66E-01,7.85E-01
rs28523990,C,T,0.08,4.48E-02,1.63E-01,0.07,2.76E-01,6.56E-01
rs602652,G,A,-0.08,1.54E-01,3.57E-01,-0.13,1.24E-01,4.51E-01
rs6793295,T,G,0.08,3.79E-02,1.43E-01,0.10,8.40E-02,3.70E-01
rs6125428,C,G,-0.08,9.09E-02,2.58E-01,0.05,4.71E-01,7.88E-01
rs67146030,T,G,0.08,3.18E-02,1.28E-01,-0.07,2.21E-01,5.92E-01
rs17327014,C,T,-0.08,1.90E-01,4.03E-01,-0.11,2.38E-01,6.17E-01
rs73292853,C,G,-0.08,7.33E-02,2.26E-01,-0.10,1.66E-01,5.22E-01
rs34229995,C,G,0.08,3.73E-02,1.41E-01,-0.04,4.52E-01,7.83E-01
rs3777208,A,G,0.08,1.65E-01,3.72E-01,0.25,4.30E-03,8.40E-02
rs2790457,G,A,0.08,6.94E-02,2.20E-01,0.05,4.75E-01,7.90E-01
rs727505,G,A,0.08,4.75E-02,1.68E-01,0.01,8.51E-01,9.74E-01
rs713909,G,C,0.08,1.93E-02,9.35E-02,0.05,3.29E-01,6.99E-01
rs9344,G,A,-0.08,7.01E-02,2.20E-01,0.01,9.36E-01,9.86E-01
rs9314162,C,A,-0.08,1.71E-02,8.81E-02,-0.12,2.47E-02,2.25E-01
rs2092029,C,T,-0.08,4.01E-02,1.50E-01,-0.07,2.11E-01,5.85E-01
rs79059935,T,C,-0.08,1.51E-01,3.53E-01,0.03,7.00E-01,9.16E-01
rs73136396,T,A,-0.08,1.56E-01,3.57E-01,-0.05,5.59E-01,8.41E-01
rs10485968,G,C,-0.08,1.34E-01,3.29E-01,-0.03,7.11E-01,9.16E-01
rs138747,A,C,0.08,6.05E-03,3.84E-02,0.08,5.59E-02,3.06E-01
rs139421,T,C,0.08,3.43E-02,1.33E-01,0.15,8.39E-03,1.35E-01
rs139411,A,G,0.08,8.60E-02,2.49E-01,0.08,2.20E-01,5.92E-01
rs12707461,G,A,0.08,6.44E-02,2.12E-01,0.17,8.70E-03,1.35E-01
rs139425,G,C,0.08,6.90E-02,2.20E-01,0.16,1.19E-02,1.49E-01
rs67084428,G,T,-0.08,5.17E-02,1.77E-01,-0.05,4.33E-01,7.62E-01
rs6761076,T,C,0.08,9.21E-03,5.24E-02,0.09,4.27E-02,2.72E-01
rs530178158,C,T,0.08,4.41E-01,6.55E-01,0.04,8.21E-01,9.57E-01
rs3821383,A,G,-0.08,1.07E-01,2.88E-01,0.05,4.75E-01,7.90E-01
rs200050521,G,A,-0.08,1.50E-01,3.53E-01,-0.01,8.48E-01,9.74E-01
rs12637184,G,A,0.08,3.13E-02,1.28E-01,-0.04,4.58E-01,7.85E-01
rs138778,C,T,-0.08,5.42E-02,1.84E-01,-0.11,7.46E-02,3.60E-01
rs139393,T,C,0.08,9.38E-02,2.64E-01,0.08,2.72E-01,6.56E-01
rs147761853,G,A,-0.08,6.77E-03,4.08E-02,0.02,6.65E-01,9.03E-01
rs71520776,TA,T,0.08,1.06E-01,2.86E-01,0.10,1.65E-01,5.22E-01
rs2413323,C,T,-0.08,2.10E-02,9.91E-02,-0.10,5.05E-02,2.96E-01
rs62465447,A,G,-0.08,7.49E-02,2.28E-01,-0.03,6.14E-01,8.78E-01
rs56156268,G,A,-0.07,1.92E-02,9.35E-02,-0.03,5.59E-01,8.41E-01
rs138756,C,T,-0.07,2.80E-02,1.20E-01,-0.02,7.18E-01,9.21E-01
rs5750094,G,A,0.07,3.53E-03,2.56E-02,0.07,8.63E-02,3.70E-01
rs1108268,G,A,-0.07,1.22E-01,3.11E-01,-0.01,9.30E-01,9.86E-01
rs139396,G,T,-0.07,4.89E-02,1.71E-01,-0.05,3.72E-01,7.27E-01
rs1525613,A,G,0.07,6.45E-02,2.12E-01,0.11,8.07E-02,3.66E-01
rs7801661,T,C,-0.07,6.64E-02,2.15E-01,-0.10,7.97E-02,3.63E-01
rs187269028,G,A,0.07,4.98E-01,6.96E-01,0.16,3.30E-01,6.99E-01
rs72911133,G,A,-0.07,4.60E-02,1.66E-01,-0.11,4.63E-02,2.86E-01
rs10265797,A,G,0.07,1.06E-01,2.86E-01,0.00,9.44E-01,9.88E-01
rs932290,G,A,-0.07,9.68E-02,2.72E-01,-0.13,5.30E-02,2.96E-01
rs2170352,G,A,-0.07,1.16E-01,3.03E-01,0.01,8.79E-01,9.75E-01
rs6095272,A,G,0.07,1.41E-01,3.37E-01,0.03,6.78E-01,9.06E-01
rs6066833,G,C,-0.07,4.06E-02,1.51E-01,-0.01,8.33E-01,9.66E-01
rs4808046,G,A,-0.07,1.01E-01,2.81E-01,-0.12,8.68E-02,3.70E-01
rs62422862,C,T,-0.07,1.80E-01,3.91E-01,0.01,8.90E-01,9.75E-01
rs1807543,T,G,0.07,3.13E-02,1.28E-01,0.00,9.24E-01,9.86E-01
rs7621631,C,A,-0.07,1.12E-01,2.96E-01,-0.08,2.69E-01,6.55E-01
rs6595438,T,C,0.07,1.20E-01,3.11E-01,0.04,5.66E-01,8.41E-01
rs713841,A,G,0.07,4.66E-02,1.67E-01,0.12,3.32E-02,2.55E-01
rs2034717,G,C,-0.07,5.89E-02,1.96E-01,-0.18,2.16E-03,5.43E-02
rs9373846,A,G,0.07,3.28E-02,1.30E-01,-0.02,7.04E-01,9.16E-01
rs57166795,G,A,0.07,1.59E-01,3.64E-01,-0.04,5.40E-01,8.32E-01
rs13361837,T,G,0.07,4.02E-02,1.50E-01,-0.05,3.60E-01,7.14E-01
rs6433457,G,A,-0.07,1.50E-01,3.53E-01,-0.02,7.99E-01,9.53E-01
rs28401265,T,C,0.07,1.81E-01,3.93E-01,-0.11,1.69E-01,5.22E-01
rs2532743,T,G,-0.07,3.26E-02,1.30E-01,-0.10,6.55E-02,3.32E-01
rs34511246,C,A,-0.07,1.20E-01,3.11E-01,0.01,8.20E-01,9.57E-01
rs60940635,A,G,0.07,4.28E-02,1.58E-01,-0.03,5.41E-01,8.32E-01
rs720614,T,C,-0.07,1.04E-01,2.84E-01,0.01,8.94E-01,9.75E-01
rs11241688,T,G,-0.07,1.40E-01,3.36E-01,-0.05,4.59E-01,7.85E-01
rs918966,T,C,-0.07,1.45E-01,3.44E-01,0.04,5.55E-01,8.41E-01
rs35268375,TC,T,-0.07,2.59E-02,1.14E-01,-0.06,2.19E-01,5.90E-01
rs35574017,C,T,0.07,1.12E-01,2.96E-01,0.07,2.92E-01,6.72E-01
rs6066835,T,C,-0.07,1.18E-01,3.07E-01,-0.06,3.89E-01,7.32E-01
rs71551043,G,T,-0.07,5.35E-02,1.82E-01,0.09,1.06E-01,4.11E-01
rs1265841,A,T,-0.07,2.07E-02,9.82E-02,-0.09,3.90E-02,2.69E-01
rs73169650,C,A,-0.07,7.88E-02,2.36E-01,0.03,5.94E-01,8.65E-01
rs7204278,A,G,0.07,3.62E-02,1.38E-01,0.09,7.95E-02,3.63E-01
rs72911183,T,C,0.07,2.02E-01,4.17E-01,0.16,5.27E-02,2.96E-01
rs139375,G,A,-0.07,3.02E-01,5.27E-01,-0.13,1.94E-01,5.60E-01
rs6746356,A,C,0.07,1.38E-01,3.35E-01,0.01,8.88E-01,9.75E-01
rs138726,A,G,0.07,2.06E-02,9.82E-02,-0.04,3.39E-01,7.01E-01
rs34843857,AT,A,-0.07,1.39E-01,3.36E-01,-0.05,5.13E-01,8.14E-01
rs66766907,C,T,-0.07,1.05E-01,2.86E-01,-0.02,7.16E-01,9.20E-01
rs139424,A,C,-0.07,6.92E-02,2.20E-01,-0.04,5.03E-01,8.10E-01
rs138753,G,A,-0.07,5.62E-02,1.89E-01,-0.10,6.13E-02,3.19E-01
rs113037360,A,G,0.07,2.72E-02,1.17E-01,0.04,3.60E-01,7.14E-01
rs111684288,G,A,-0.07,3.19E-02,1.28E-01,-0.04,4.17E-01,7.52E-01
rs12707464,T,G,0.07,1.93E-01,4.06E-01,0.07,3.25E-01,6.99E-01
rs17443998,C,G,0.07,1.21E-01,3.11E-01,0.05,4.53E-01,7.83E-01
rs6755387,C,T,0.06,1.06E-01,2.86E-01,-0.04,4.72E-01,7.88E-01
rs2402751,G,A,0.06,1.69E-01,3.75E-01,-0.02,7.85E-01,9.48E-01
rs138773,G,C,0.06,5.06E-02,1.75E-01,0.02,7.39E-01,9.31E-01
rs3745318,T,C,-0.06,4.52E-01,6.64E-01,-0.02,8.53E-01,9.74E-01
rs17150385,C,T,0.06,1.30E-01,3.22E-01,0.10,1.43E-01,4.84E-01
rs139412,G,A,-0.06,8.84E-02,2.53E-01,-0.11,5.57E-02,3.06E-01
rs34488826,G,C,-0.06,1.63E-01,3.69E-01,-0.08,2.38E-01,6.17E-01
rs2235150,T,G,-0.06,1.25E-01,3.16E-01,-0.08,2.15E-01,5.86E-01
rs6066820,T,C,0.06,2.02E-01,4.17E-01,0.01,8.98E-01,9.75E-01
rs5755683,G,A,-0.06,7.24E-02,2.25E-01,-0.08,1.49E-01,4.96E-01
rs586459,G,C,-0.06,1.14E-01,2.98E-01,0.07,2.85E-01,6.64E-01
rs2072705,T,C,0.06,9.89E-02,2.77E-01,0.06,3.02E-01,6.83E-01
rs3925331,C,G,0.06,1.85E-01,3.97E-01,0.07,3.16E-01,6.98E-01
rs3777197,T,C,-0.06,1.49E-01,3.53E-01,-0.09,1.05E-01,4.10E-01
rs115907768,G,T,-0.06,1.01E-01,2.80E-01,0.02,7.52E-01,9.32E-01
rs3830243,G,GT,-0.06,2.15E-01,4.31E-01,-0.03,7.40E-01,9.31E-01
rs4616297,G,A,0.06,6.90E-02,2.20E-01,-0.01,8.08E-01,9.54E-01
rs5750760,C,A,-0.06,5.99E-03,3.84E-02,-0.01,7.39E-01,9.31E-01
rs1841010,G,C,0.06,1.03E-01,2.84E-01,0.03,5.96E-01,8.65E-01
rs1920122,C,T,0.06,2.17E-01,4.32E-01,0.16,3.51E-02,2.63E-01
rs13338946,T,C,0.06,1.21E-01,3.11E-01,0.12,5.19E-02,2.96E-01
rs9942363,A,C,-0.06,5.34E-02,1.82E-01,-0.01,8.77E-01,9.75E-01
rs6877329,C,G,0.06,2.92E-01,5.19E-01,-0.02,7.54E-01,9.32E-01
rs13153729,T,A,0.06,2.31E-01,4.48E-01,0.03,7.16E-01,9.20E-01
rs4889614,G,A,-0.06,1.09E-01,2.91E-01,-0.14,1.14E-02,1.49E-01
rs10228201,A,G,0.06,2.01E-01,4.17E-01,0.07,3.12E-01,6.98E-01
rs4821391,T,A,-0.06,1.69E-01,3.75E-01,-0.10,1.42E-01,4.83E-01
rs138745,A,G,0.06,1.13E-01,2.97E-01,0.06,3.09E-01,6.93E-01
rs34889796,C,A,-0.06,8.44E-02,2.48E-01,-0.14,1.07E-02,1.44E-01
rs1265843,T,C,0.06,2.27E-01,4.44E-01,-0.01,8.47E-01,9.74E-01
rs138762,A,T,-0.06,2.48E-01,4.66E-01,-0.08,2.78E-01,6.59E-01
rs7790856,C,T,-0.06,2.30E-01,4.46E-01,-0.08,3.00E-01,6.83E-01
rs72913015,G,A,0.06,1.72E-01,3.77E-01,0.11,9.12E-02,3.81E-01
rs138735,T,G,-0.06,1.28E-01,3.21E-01,-0.03,6.40E-01,8.95E-01
rs6862676,C,A,0.06,1.05E-01,2.86E-01,0.01,8.99E-01,9.75E-01
rs6595444,G,C,-0.06,2.14E-01,4.31E-01,-0.07,2.75E-01,6.56E-01
rs11741563,C,T,0.06,2.52E-01,4.69E-01,0.06,4.65E-01,7.85E-01
rs62376438,C,T,-0.06,4.38E-02,1.61E-01,-0.08,7.28E-02,3.57E-01
rs7246669,A,G,-0.06,1.55E-01,3.57E-01,0.05,3.90E-01,7.32E-01
rs10240673,A,G,-0.06,1.68E-01,3.75E-01,-0.09,1.49E-01,4.96E-01
rs10464529,G,A,0.06,1.83E-01,3.95E-01,0.12,6.90E-02,3.45E-01
rs17408002,A,T,-0.06,9.31E-02,2.63E-01,-0.07,1.33E-01,4.68E-01
rs11241693,G,A,0.06,2.15E-01,4.31E-01,0.03,7.06E-01,9.16E-01
rs139402,T,C,0.06,2.72E-01,4.99E-01,0.02,7.72E-01,9.38E-01
rs7715829,T,C,0.06,1.51E-01,3.54E-01,0.00,9.98E-01,9.98E-01
rs4821387,A,G,0.06,1.10E-01,2.92E-01,0.06,2.82E-01,6.63E-01
rs11744881,A,T,-0.06,7.38E-02,2.27E-01,-0.03,5.08E-01,8.14E-01
rs3833424,CG,C,0.06,1.93E-01,4.06E-01,0.18,8.65E-03,1.35E-01
rs10279404,G,A,-0.06,2.10E-01,4.28E-01,-0.01,9.09E-01,9.79E-01
rs7715673,A,G,-0.06,2.49E-01,4.66E-01,-0.06,3.87E-01,7.32E-01
rs138721,G,C,0.06,3.12E-02,1.28E-01,0.03,3.88E-01,7.32E-01
rs2382894,G,C,0.06,1.24E-01,3.15E-01,0.00,9.68E-01,9.91E-01
rs11752888,G,A,-0.06,7.75E-02,2.34E-01,-0.04,3.62E-01,7.14E-01
rs6889029,G,A,-0.05,1.13E-01,2.98E-01,-0.07,1.68E-01,5.22E-01
rs34626784,AT,A,0.05,1.02E-01,2.81E-01,0.04,4.40E-01,7.69E-01
rs1265830,C,T,0.05,9.07E-02,2.58E-01,-0.01,8.43E-01,9.74E-01
rs6757221,T,G,0.05,1.36E-01,3.31E-01,-0.06,2.84E-01,6.64E-01
rs61591132,G,A,-0.05,2.49E-01,4.66E-01,-0.06,4.11E-01,7.49E-01
rs7711753,G,A,-0.05,2.02E-01,4.17E-01,0.04,5.29E-01,8.28E-01
rs57645908,T,A,-0.05,1.38E-01,3.35E-01,-0.08,1.74E-01,5.31E-01
rs10070197,T,C,0.05,2.13E-01,4.31E-01,0.07,2.79E-01,6.59E-01
rs3751991,C,A,-0.05,2.90E-01,5.18E-01,-0.06,4.51E-01,7.83E-01
rs2125293,T,C,0.05,1.06E-01,2.86E-01,0.00,9.86E-01,9.95E-01
rs3747481,C,T,-0.05,2.76E-01,5.04E-01,-0.07,3.81E-01,7.30E-01
rs7706662,C,T,-0.05,7.79E-02,2.34E-01,-0.15,1.43E-03,4.19E-02
rs2790446,A,G,-0.05,1.93E-01,4.06E-01,-0.13,8.25E-03,1.35E-01
rs34840035,C,T,-0.05,6.95E-02,2.20E-01,-0.08,1.00E-01,4.03E-01
rs6066830,C,T,-0.05,3.09E-02,1.28E-01,-0.06,1.37E-01,4.73E-01
rs138746,G,A,-0.05,1.33E-01,3.29E-01,-0.10,5.77E-02,3.13E-01
rs1025130,A,G,-0.05,5.99E-02,1.99E-01,-0.02,6.34E-01,8.92E-01
rs2772432,G,A,0.05,2.00E-01,4.17E-01,0.03,6.34E-01,8.92E-01
rs35147300,C,T,-0.05,2.14E-01,4.31E-01,0.02,7.08E-01,9.16E-01
rs5755692,A,C,0.05,1.89E-01,4.02E-01,0.12,5.25E-02,2.96E-01
rs139419,T,G,0.05,2.56E-01,4.75E-01,0.05,4.32E-01,7.62E-01
rs710191,G,T,-0.05,1.29E-01,3.21E-01,-0.09,8.33E-02,3.70E-01
rs4642392,G,A,-0.05,2.68E-01,4.95E-01,-0.02,7.63E-01,9.33E-01
rs16862227,G,T,0.05,2.74E-01,5.01E-01,0.00,9.88E-01,9.96E-01
rs1920123,C,T,0.05,2.98E-01,5.25E-01,0.03,6.75E-01,9.06E-01
rs35437441,A,G,0.05,1.67E-01,3.74E-01,-0.05,3.23E-01,6.99E-01
rs66492217,G,A,0.05,1.28E-01,3.21E-01,0.07,2.02E-01,5.74E-01
rs35347320,G,T,0.05,4.78E-02,1.68E-01,0.09,3.74E-02,2.68E-01
rs111471681,A,G,0.05,1.82E-01,3.95E-01,0.04,4.55E-01,7.83E-01
rs2407778,T,C,-0.05,2.19E-01,4.33E-01,-0.07,3.15E-01,6.98E-01
rs11739652,C,G,0.05,7.47E-02,2.28E-01,0.01,8.33E-01,9.66E-01
rs4254590,A,G,0.05,2.11E-01,4.29E-01,0.06,3.33E-01,6.99E-01
rs4836006,A,G,0.05,4.65E-02,1.67E-01,0.06,1.58E-01,5.16E-01
rs6873020,A,T,-0.05,2.04E-01,4.17E-01,-0.03,6.11E-01,8.78E-01
rs4820187,A,G,0.05,3.79E-01,6.02E-01,-0.01,9.04E-01,9.77E-01
rs7246538,A,G,0.05,1.71E-01,3.77E-01,-0.03,6.45E-01,8.95E-01
rs3777200,C,T,-0.05,2.37E-01,4.56E-01,0.06,3.41E-01,7.01E-01
rs148393777,G,A,-0.05,3.14E-01,5.39E-01,-0.02,7.89E-01,9.50E-01
rs68091803,C,T,0.05,2.88E-01,5.18E-01,0.14,5.94E-02,3.16E-01
rs2546191,G,A,0.05,1.46E-01,3.47E-01,-0.02,6.87E-01,9.06E-01
rs11007172,G,A,-0.05,3.48E-01,5.72E-01,0.05,5.60E-01,8.41E-01
rs2286175,G,A,-0.05,8.41E-02,2.48E-01,-0.06,2.15E-01,5.86E-01
rs141665685,C,T,-0.05,8.43E-02,2.48E-01,-0.14,2.67E-03,6.07E-02
rs1423268,T,C,0.05,2.42E-01,4.62E-01,0.05,4.62E-01,7.85E-01
rs139414,G,A,-0.05,1.60E-01,3.65E-01,-0.06,3.14E-01,6.98E-01
rs9331407|rs776110717|rs67343787,CAGTG,C,0.05,3.99E-01,6.24E-01,0.30,1.88E-05,9.05E-04
rs9986236,A,G,-0.05,1.72E-01,3.77E-01,-0.04,4.86E-01,7.96E-01
rs12630450,A,G,-0.05,1.87E-01,4.00E-01,0.00,9.76E-01,9.92E-01
rs139384,C,T,-0.05,3.16E-01,5.42E-01,0.07,3.32E-01,6.99E-01
rs988699,C,T,0.05,3.02E-01,5.27E-01,0.06,3.95E-01,7.37E-01
rs139400,C,T,-0.05,1.87E-01,4.00E-01,-0.05,3.86E-01,7.32E-01
rs4821392,A,G,-0.05,1.69E-01,3.75E-01,-0.13,2.10E-02,2.00E-01
rs10936600,A,T,0.05,1.89E-01,4.02E-01,0.14,1.62E-02,1.73E-01
rs138744,C,T,-0.05,1.33E-01,3.29E-01,0.01,8.72E-01,9.75E-01
rs28392553,C,T,0.05,2.27E-01,4.44E-01,-0.04,5.54E-01,8.41E-01
rs1265831,C,G,0.05,1.60E-01,3.65E-01,0.04,4.37E-01,7.67E-01
rs2153301,C,G,-0.05,2.81E-01,5.11E-01,0.00,9.46E-01,9.88E-01
rs6095270,T,C,-0.05,2.03E-01,4.17E-01,-0.02,7.47E-01,9.32E-01
rs1265847,G,A,-0.05,4.92E-02,1.71E-01,0.01,7.41E-01,9.31E-01
rs9372121,A,G,-0.05,2.43E-01,4.62E-01,0.00,9.41E-01,9.88E-01
rs201559773,A,G,0.05,2.38E-01,4.58E-01,-0.03,6.81E-01,9.06E-01
rs73169679,C,T,-0.05,3.74E-01,6.00E-01,0.17,4.25E-02,2.72E-01
rs34582442,A,G,0.05,1.39E-01,3.36E-01,0.03,5.65E-01,8.41E-01
rs7729285,A,G,0.05,4.23E-01,6.38E-01,0.02,8.11E-01,9.56E-01
rs59670428,C,A,-0.05,2.28E-01,4.45E-01,-0.12,5.25E-02,2.96E-01
rs61604748,C,T,-0.05,2.35E-01,4.54E-01,-0.17,4.43E-03,8.46E-02
rs17085231,C,T,-0.05,2.16E-01,4.32E-01,-0.19,1.35E-03,4.10E-02
rs12485178,G,A,-0.05,2.23E-01,4.38E-01,-0.03,6.48E-01,8.95E-01
rs7715577,G,C,-0.05,1.96E-01,4.10E-01,-0.02,6.87E-01,9.06E-01
rs1458018,G,T,-0.05,1.25E-01,3.16E-01,-0.11,2.60E-02,2.29E-01
rs714013,A,G,0.05,2.36E-01,4.55E-01,-0.02,7.92E-01,9.52E-01
rs1378901,T,C,-0.05,2.45E-01,4.62E-01,0.02,7.27E-01,9.26E-01
rs4465,C,T,-0.05,1.25E-01,3.16E-01,-0.04,3.50E-01,7.07E-01
rs138738,G,A,0.05,2.88E-01,5.18E-01,0.03,5.89E-01,8.65E-01
rs139395,T,C,0.05,1.96E-01,4.10E-01,0.15,6.32E-03,1.13E-01
rs2251795,T,A,0.05,2.90E-01,5.18E-01,-0.02,7.37E-01,9.31E-01
rs3788509,G,A,-0.05,2.89E-01,5.18E-01,-0.18,3.60E-03,7.97E-02
rs113810201,A,G,0.04,1.29E-01,3.22E-01,0.04,4.32E-01,7.62E-01
rs889302,A,C,0.04,2.19E-01,4.32E-01,0.10,7.96E-02,3.63E-01
rs2993984,T,A,0.04,3.47E-01,5.72E-01,0.18,1.27E-02,1.53E-01
rs2518717,T,C,0.04,3.23E-01,5.47E-01,0.00,9.97E-01,9.98E-01
rs3777196,A,C,0.04,3.47E-01,5.72E-01,-0.02,7.82E-01,9.46E-01
rs7781265,G,A,-0.04,3.07E-01,5.32E-01,0.00,9.67E-01,9.91E-01
rs8055315,C,T,0.04,1.30E-01,3.22E-01,0.08,7.36E-02,3.59E-01
rs138740,C,T,-0.04,2.64E-01,4.90E-01,-0.09,1.68E-01,5.22E-01
rs1031958,C,T,-0.04,3.04E-01,5.28E-01,-0.12,7.50E-02,3.60E-01
rs2106117,T,G,-0.04,3.02E-01,5.27E-01,-0.10,1.33E-01,4.68E-01
rs68102397,C,T,0.04,4.36E-01,6.50E-01,0.01,8.70E-01,9.75E-01
rs55672385,A,C,0.04,1.72E-01,3.77E-01,0.12,1.75E-02,1.80E-01
rs10262308,C,T,0.04,4.18E-01,6.37E-01,0.04,5.95E-01,8.65E-01
rs56321835,T,C,0.04,2.15E-01,4.31E-01,0.05,3.27E-01,6.99E-01
rs12153458,C,T,0.04,3.84E-01,6.07E-01,0.05,4.27E-01,7.58E-01
rs9765148,C,T,-0.04,1.71E-01,3.77E-01,-0.05,2.76E-01,6.56E-01
rs967546,G,A,-0.04,2.17E-01,4.32E-01,-0.04,4.76E-01,7.91E-01
rs56155943,T,G,0.04,2.71E-01,4.99E-01,0.00,9.47E-01,9.88E-01
rs66691367,G,T,0.04,3.41E-01,5.67E-01,-0.01,8.56E-01,9.74E-01
rs10936601,C,T,0.04,3.45E-01,5.70E-01,0.05,4.38E-01,7.67E-01
rs7716119,C,G,0.04,3.33E-01,5.59E-01,0.14,3.00E-02,2.44E-01
rs2042340,T,C,-0.04,4.61E-01,6.66E-01,-0.03,7.08E-01,9.16E-01
rs11647697,T,C,0.04,2.65E-01,4.90E-01,-0.06,3.18E-01,6.99E-01
rs4566417,A,G,0.04,2.96E-01,5.22E-01,0.12,3.65E-02,2.67E-01
rs11951973,T,C,-0.04,1.62E-01,3.67E-01,-0.08,8.21E-02,3.70E-01
rs10900767,T,C,0.04,2.27E-01,4.44E-01,0.06,2.13E-01,5.85E-01
rs139387,G,A,0.04,1.41E-01,3.36E-01,0.05,1.91E-01,5.56E-01
rs12152983,C,G,-0.04,4.81E-01,6.84E-01,0.03,6.87E-01,9.06E-01
rs6095249,T,C,-0.04,8.52E-02,2.48E-01,0.05,2.06E-01,5.80E-01
rs7197770,T,C,-0.04,3.08E-01,5.32E-01,0.03,6.55E-01,8.95E-01
rs7782699,C,T,0.04,3.77E-01,6.02E-01,-0.04,5.92E-01,8.65E-01
rs17501560,A,G,0.04,4.28E-01,6.44E-01,0.02,7.57E-01,9.32E-01
rs8058578,C,T,0.04,1.64E-01,3.70E-01,0.04,3.61E-01,7.14E-01
rs138741,G,A,-0.04,2.51E-01,4.69E-01,-0.06,2.16E-01,5.86E-01
rs34343506,C,T,0.04,1.40E-01,3.36E-01,0.04,3.23E-01,6.99E-01
rs73225498,C,T,0.04,4.58E-01,6.65E-01,0.11,1.38E-01,4.73E-01
rs11862859,G,A,-0.04,2.96E-01,5.22E-01,-0.08,1.65E-01,5.22E-01
rs3772190,G,A,0.04,3.87E-01,6.09E-01,0.03,5.95E-01,8.65E-01
rs67128646,A,C,0.04,3.24E-01,5.48E-01,-0.03,6.49E-01,8.95E-01
rs6595442,C,T,0.04,3.29E-01,5.54E-01,-0.08,1.52E-01,5.00E-01
rs13197919,C,T,-0.04,2.74E-01,5.01E-01,-0.11,1.77E-02,1.80E-01
rs2162826,A,C,-0.04,3.33E-01,5.59E-01,-0.03,5.94E-01,8.65E-01
rs1352075,C,T,0.04,2.43E-01,4.62E-01,0.01,7.69E-01,9.37E-01
rs1423269,A,G,-0.04,4.04E-01,6.29E-01,0.02,7.53E-01,9.32E-01
rs11241687,G,T,0.04,4.57E-01,6.65E-01,-0.02,8.06E-01,9.54E-01
rs9655845,G,C,0.04,3.75E-01,6.01E-01,0.13,3.87E-02,2.69E-01
rs68007199,T,C,0.04,4.49E-01,6.63E-01,0.03,5.13E-01,8.14E-01
rs143819005,T,C,0.04,1.75E-01,3.83E-01,0.01,8.02E-01,9.53E-01
rs1009450,C,G,0.04,2.94E-01,5.21E-01,0.10,6.01E-02,3.16E-01
rs57293260,A,T,0.04,1.55E-01,3.57E-01,0.11,2.06E-03,5.43E-02
rs112348182,G,A,0.04,4.12E-01,6.33E-01,-0.06,3.56E-01,7.14E-01
rs11135441,C,T,0.04,3.41E-01,5.66E-01,0.15,9.03E-03,1.37E-01
rs760513,C,T,-0.04,2.18E-01,4.32E-01,0.36,1.22E-08,0.00E+00
rs1265834,C,T,0.04,3.17E-01,5.42E-01,-0.09,1.24E-01,4.51E-01
rs9610275,A,G,0.04,1.87E-01,4.00E-01,0.07,1.37E-01,4.73E-01
rs1428389,T,G,0.04,3.11E-01,5.37E-01,-0.03,6.42E-01,8.95E-01
rs2263146,C,T,-0.04,3.44E-01,5.69E-01,0.04,5.32E-01,8.28E-01
rs1920120,T,C,0.04,4.35E-01,6.50E-01,-0.03,6.54E-01,8.95E-01
rs2235148,T,C,-0.04,3.91E-01,6.14E-01,-0.15,1.47E-02,1.61E-01
rs885107,T,C,0.04,2.91E-01,5.18E-01,0.15,3.78E-03,8.03E-02
rs113087182,G,A,-0.04,3.23E-01,5.47E-01,-0.01,8.76E-01,9.75E-01
rs10226033,C,A,-0.04,4.70E-01,6.73E-01,-0.15,4.11E-02,2.71E-01
rs200557844,AAAAC,A,0.03,2.83E-01,5.13E-01,0.07,1.73E-01,5.31E-01
rs139418,A,C,-0.03,3.02E-01,5.27E-01,0.11,3.39E-02,2.58E-01
rs6095271,C,G,-0.03,4.09E-01,6.31E-01,-0.05,4.04E-01,7.47E-01
rs8055661,C,T,-0.03,2.41E-01,4.61E-01,-0.07,1.29E-01,4.58E-01
rs34480360,G,A,-0.03,4.44E-01,6.58E-01,0.01,9.22E-01,9.86E-01
rs16902043,A,G,-0.03,4.17E-01,6.37E-01,-0.05,4.26E-01,7.58E-01
rs138779,C,T,-0.03,4.29E-01,6.44E-01,-0.01,8.62E-01,9.75E-01
rs7569631,C,G,-0.03,5.60E-01,7.52E-01,-0.04,6.57E-01,8.96E-01
rs4462,A,G,-0.03,3.19E-01,5.44E-01,-0.05,3.38E-01,7.01E-01
rs199694367,C,T,-0.03,4.85E-01,6.86E-01,0.12,9.92E-02,4.03E-01
rs73169651,C,A,0.03,3.54E-01,5.79E-01,0.00,9.66E-01,9.91E-01
rs3777192,G,A,-0.03,4.21E-01,6.38E-01,0.01,9.26E-01,9.86E-01
rs713770,A,G,0.03,3.71E-01,5.97E-01,0.06,3.03E-01,6.83E-01
rs3796145,A,C,-0.03,5.89E-01,7.74E-01,-0.02,8.13E-01,9.57E-01
rs1458019,A,G,0.03,5.05E-01,7.02E-01,0.11,1.27E-01,4.57E-01
rs73138221,T,C,0.03,3.13E-01,5.39E-01,0.06,2.68E-01,6.55E-01
rs139385,C,A,0.03,3.70E-01,5.97E-01,0.00,9.72E-01,9.91E-01
rs796279278,GA,G,0.03,3.62E-01,5.90E-01,0.00,9.30E-01,9.86E-01
rs8142590,G,A,0.03,4.02E-01,6.28E-01,-0.01,8.50E-01,9.74E-01
rs4532534,T,A,0.03,3.21E-01,5.46E-01,-0.02,6.42E-01,8.95E-01
rs2348984,A,C,0.03,4.93E-01,6.92E-01,0.05,4.66E-01,7.85E-01
rs2811710,C,T,-0.03,5.85E-01,7.71E-01,-0.09,3.39E-01,7.01E-01
rs13227454,T,C,0.03,4.40E-01,6.54E-01,0.04,5.12E-01,8.14E-01
rs9868000,G,A,0.03,4.51E-01,6.64E-01,0.00,9.91E-01,9.97E-01
rs7812088,G,A,-0.03,5.23E-01,7.17E-01,0.03,7.21E-01,9.22E-01
rs73169652,A,G,-0.03,4.73E-01,6.77E-01,-0.07,3.32E-01,6.99E-01
rs1541416,T,C,0.03,4.21E-01,6.38E-01,-0.01,9.15E-01,9.81E-01
rs138764,T,C,0.03,3.50E-01,5.75E-01,0.00,9.35E-01,9.86E-01
rs7708474,T,G,-0.03,6.84E-01,8.51E-01,0.01,9.55E-01,9.91E-01
rs28421305,G,A,-0.03,3.39E-01,5.65E-01,0.06,2.52E-01,6.31E-01
rs59294613,C,A,0.03,4.33E-01,6.50E-01,-0.01,8.21E-01,9.57E-01
rs6556893,A,G,-0.03,4.91E-01,6.91E-01,-0.06,3.86E-01,7.32E-01
rs8142763,G,A,0.03,3.77E-01,6.02E-01,0.00,9.66E-01,9.91E-01
rs34853485,GT,G,-0.03,2.91E-01,5.18E-01,-0.03,5.49E-01,8.37E-01
rs67456513,A,T,0.03,4.14E-01,6.35E-01,-0.02,7.24E-01,9.25E-01
rs4561508,C,T,0.03,3.65E-01,5.92E-01,0.03,6.10E-01,8.78E-01
rs7971,A,G,-0.03,4.09E-01,6.31E-01,-0.11,4.87E-02,2.96E-01
rs7577599,T,C,0.03,4.20E-01,6.38E-01,0.09,1.36E-01,4.73E-01
rs12111865,G,A,0.03,3.73E-01,6.00E-01,-0.07,1.85E-01,5.48E-01
rs13069553,A,G,0.03,5.53E-01,7.46E-01,0.07,3.84E-01,7.32E-01
rs55768077,A,G,-0.03,3.83E-01,6.07E-01,0.03,6.32E-01,8.92E-01
rs7806680,G,A,-0.03,3.83E-01,6.07E-01,-0.01,9.12E-01,9.80E-01
rs2107939,T,G,0.03,2.42E-01,4.62E-01,0.02,6.50E-01,8.95E-01
rs5755689,A,G,0.03,5.01E-01,6.98E-01,0.13,7.14E-02,3.55E-01
rs139406,T,C,0.03,3.86E-01,6.09E-01,0.08,1.52E-01,5.00E-01
rs67167896,T,C,0.03,4.64E-01,6.68E-01,0.06,3.85E-01,7.32E-01
rs3751998,C,T,-0.03,3.92E-01,6.15E-01,-0.09,1.37E-01,4.73E-01
rs138767,T,C,-0.03,4.77E-01,6.80E-01,0.03,5.86E-01,8.63E-01
rs13361341,A,T,-0.03,4.04E-01,6.29E-01,-0.05,3.15E-01,6.98E-01
rs139397,T,C,0.03,4.10E-01,6.31E-01,0.09,1.00E-01,4.03E-01
rs28844358,A,C,-0.03,4.56E-01,6.65E-01,0.06,3.58E-01,7.14E-01
rs4500770,A,T,-0.03,3.65E-01,5.92E-01,-0.08,1.14E-01,4.28E-01
rs6518948,G,T,-0.03,4.84E-01,6.86E-01,-0.03,5.95E-01,8.65E-01
rs8051050,A,G,-0.03,4.06E-01,6.30E-01,0.12,2.75E-02,2.30E-01
rs7785157,G,C,-0.03,4.67E-01,6.71E-01,0.01,9.09E-01,9.79E-01
rs111851374,G,C,0.03,3.02E-01,5.27E-01,-0.05,2.81E-01,6.62E-01
rs2289442,T,C,0.03,4.77E-01,6.80E-01,-0.04,5.36E-01,8.30E-01
rs147295,T,C,0.03,4.99E-01,6.97E-01,0.02,8.19E-01,9.57E-01
rs5755690,C,T,0.03,3.60E-01,5.86E-01,-0.04,4.59E-01,7.85E-01
rs7725869,A,C,-0.03,5.23E-01,7.17E-01,-0.11,1.27E-01,4.57E-01
rs6122720,G,A,0.03,2.45E-01,4.62E-01,-0.02,6.82E-01,9.06E-01
rs13176035,G,A,0.03,6.20E-01,7.93E-01,0.03,7.72E-01,9.38E-01
rs2548594,C,T,0.03,6.28E-01,7.98E-01,-0.20,2.57E-02,2.29E-01
rs2153302,A,C,0.03,2.73E-01,5.01E-01,0.05,2.52E-01,6.31E-01
rs138769,G,C,-0.03,2.18E-01,4.32E-01,-0.02,6.15E-01,8.79E-01
rs138765,A,G,0.03,5.15E-01,7.12E-01,-0.05,4.31E-01,7.62E-01
rs66665074,C,T,0.03,5.83E-01,7.70E-01,0.00,9.72E-01,9.91E-01
rs138774,G,A,0.03,3.17E-01,5.42E-01,0.04,3.67E-01,7.22E-01
rs148338174,AG,A,-0.03,4.55E-01,6.65E-01,0.03,6.55E-01,8.95E-01
rs113394869,G,C,0.03,4.86E-01,6.86E-01,0.08,1.65E-01,5.22E-01
rs1474558,A,G,-0.03,4.82E-01,6.85E-01,-0.01,8.52E-01,9.74E-01
rs71551041,T,C,0.03,5.66E-01,7.57E-01,0.02,7.55E-01,9.32E-01
rs74892229,G,A,-0.03,4.09E-01,6.31E-01,-0.01,8.88E-01,9.75E-01
rs139391,G,GA,-0.03,5.27E-01,7.22E-01,0.01,7.82E-01,9.46E-01
rs5755685,G,A,-0.03,5.68E-01,7.57E-01,0.00,9.50E-01,9.89E-01
rs139410,A,G,-0.03,4.24E-01,6.40E-01,-0.06,2.13E-01,5.85E-01
rs12658906,G,C,0.03,5.60E-01,7.52E-01,0.05,4.93E-01,8.00E-01
rs66871687,A,G,0.03,4.47E-01,6.62E-01,-0.02,6.72E-01,9.05E-01
rs8058961,G,A,-0.03,5.13E-01,7.12E-01,-0.04,5.27E-01,8.26E-01
rs2003424,G,C,-0.03,4.64E-01,6.68E-01,0.02,7.88E-01,9.50E-01
rs7720259,G,T,0.03,5.14E-01,7.12E-01,0.06,3.44E-01,7.01E-01
rs1568883,G,A,0.03,4.23E-01,6.38E-01,0.01,8.71E-01,9.75E-01
rs13181772,C,T,-0.03,3.70E-01,5.97E-01,-0.02,7.10E-01,9.16E-01
rs4820189,A,G,-0.03,3.60E-01,5.86E-01,0.08,7.19E-02,3.55E-01
rs56176024,G,A,0.03,4.36E-01,6.50E-01,-0.03,5.64E-01,8.41E-01
rs73169662,T,C,0.03,4.61E-01,6.66E-01,0.06,2.92E-01,6.72E-01
rs138752,G,A,0.03,5.00E-01,6.97E-01,-0.02,6.68E-01,9.03E-01
rs11957435,T,C,-0.03,5.20E-01,7.16E-01,-0.02,7.60E-01,9.32E-01
rs2106118,T,A,0.02,5.46E-01,7.39E-01,-0.04,4.68E-01,7.85E-01
rs8058928,T,G,0.02,4.07E-01,6.30E-01,0.04,3.78E-01,7.30E-01
rs6887350,C,T,0.02,6.03E-01,7.85E-01,0.03,6.18E-01,8.81E-01
rs2293607,T,C,-0.02,6.13E-01,7.91E-01,0.02,7.58E-01,9.32E-01
rs9373843,A,G,0.02,4.54E-01,6.65E-01,0.05,3.81E-01,7.30E-01
rs12707459,G,A,0.02,4.50E-01,6.63E-01,0.01,8.84E-01,9.75E-01
rs139423,A,G,-0.02,6.18E-01,7.92E-01,-0.08,3.32E-01,6.99E-01
rs1567854,T,A,-0.02,5.79E-01,7.67E-01,-0.02,7.10E-01,9.16E-01
rs10954065,C,A,-0.02,4.87E-01,6.87E-01,-0.07,1.83E-01,5.43E-01
rs2115173,T,C,0.02,5.33E-01,7.29E-01,0.03,6.29E-01,8.89E-01
rs6001455,C,T,0.02,3.35E-01,5.59E-01,0.03,4.20E-01,7.54E-01
rs2532742,C,G,0.02,5.44E-01,7.37E-01,-0.08,1.81E-01,5.43E-01
rs12612999,C,T,0.02,3.78E-01,6.02E-01,0.13,2.31E-03,5.43E-02
rs62465445,T,C,0.02,6.55E-01,8.23E-01,-0.09,1.88E-01,5.52E-01
rs7789055,G,T,-0.02,7.13E-01,8.66E-01,0.09,2.56E-01,6.36E-01
rs112932071,A,G,0.02,3.25E-01,5.48E-01,-0.01,8.57E-01,9.74E-01
rs9763676,A,C,0.02,5.48E-01,7.40E-01,0.00,9.88E-01,9.96E-01
rs7199068,C,G,-0.02,6.05E-01,7.87E-01,-0.02,7.54E-01,9.32E-01
rs34562254,G,A,-0.02,6.14E-01,7.91E-01,-0.05,4.87E-01,7.96E-01
rs5755674,C,T,-0.02,5.93E-01,7.78E-01,0.01,8.33E-01,9.66E-01
rs6066815,T,C,0.02,4.88E-01,6.87E-01,-0.06,2.62E-01,6.44E-01
rs2413338,C,T,-0.02,4.54E-01,6.65E-01,0.02,6.14E-01,8.78E-01
rs34720256,T,C,-0.02,5.18E-01,7.14E-01,0.03,5.62E-01,8.41E-01
rs4821393,C,A,0.02,6.97E-01,8.57E-01,0.01,8.79E-01,9.75E-01
rs75341503,A,C,-0.02,5.96E-01,7.79E-01,-0.06,2.30E-01,6.03E-01
rs10244817,T,C,-0.02,7.09E-01,8.65E-01,-0.10,2.19E-01,5.90E-01
rs2168834,T,C,-0.02,5.72E-01,7.61E-01,-0.05,3.70E-01,7.24E-01
rs9306298,T,C,0.02,6.37E-01,8.07E-01,0.10,1.62E-01,5.22E-01
rs2772431,C,T,-0.02,5.98E-01,7.80E-01,0.00,9.46E-01,9.88E-01
rs12707455,G,A,-0.02,5.39E-01,7.33E-01,-0.04,4.83E-01,7.96E-01
rs1534877,C,T,-0.02,6.08E-01,7.87E-01,-0.01,8.80E-01,9.75E-01
rs35747377,T,A,0.02,5.89E-01,7.74E-01,-0.01,8.80E-01,9.75E-01
rs154460,A,T,-0.02,7.09E-01,8.65E-01,0.03,7.19E-01,9.22E-01
rs34052134,C,CA,0.02,6.97E-01,8.57E-01,-0.09,2.42E-01,6.19E-01
rs28507905,C,T,0.02,4.59E-01,6.65E-01,0.03,4.64E-01,7.85E-01
rs1840829,A,G,0.02,5.78E-01,7.67E-01,0.03,5.66E-01,8.41E-01
rs34599047,T,C,-0.02,5.63E-01,7.54E-01,-0.09,9.34E-02,3.89E-01
rs11991241,T,C,-0.02,4.94E-01,6.93E-01,0.05,2.87E-01,6.65E-01
rs11629542,C,G,-0.02,5.96E-01,7.79E-01,0.03,6.11E-01,8.78E-01
rs3814960,C,T,-0.02,6.46E-01,8.18E-01,-0.06,3.43E-01,7.01E-01
rs1043381,C,T,0.02,6.08E-01,7.87E-01,-0.01,8.60E-01,9.75E-01
rs2790462,C,T,0.02,5.44E-01,7.37E-01,0.00,9.32E-01,9.86E-01
rs139413,A,G,0.02,5.66E-01,7.57E-01,0.03,5.73E-01,8.48E-01
rs13184896,G,T,0.02,5.38E-01,7.32E-01,-0.04,4.15E-01,7.50E-01
rs11738768,C,A,-0.02,6.24E-01,7.97E-01,-0.04,5.02E-01,8.10E-01
rs111632177,G,A,-0.02,5.35E-01,7.30E-01,0.01,8.97E-01,9.75E-01
rs4500785,C,G,-0.02,6.51E-01,8.20E-01,-0.06,3.78E-01,7.30E-01
rs4455220,A,G,0.02,5.18E-01,7.14E-01,0.01,8.86E-01,9.75E-01
rs62465449,T,C,0.02,6.14E-01,7.91E-01,0.09,1.20E-01,4.43E-01
rs720613,C,T,-0.02,6.55E-01,8.23E-01,-0.07,2.63E-01,6.45E-01
rs3777202,A,C,-0.02,5.60E-01,7.52E-01,-0.08,8.71E-02,3.70E-01
rs1997392,C,T,0.02,6.25E-01,7.97E-01,-0.06,2.70E-01,6.55E-01
rs144948164,G,GG,0.02,4.18E-01,6.37E-01,0.10,3.93E-03,8.06E-02
rs11380525,T,TG,-0.02,5.97E-01,7.79E-01,-0.08,8.45E-02,3.70E-01
rs6884601,A,C,0.02,7.17E-01,8.68E-01,0.00,9.45E-01,9.88E-01
rs6095247,T,C,-0.02,6.50E-01,8.20E-01,0.06,3.31E-01,6.99E-01
rs57968458,G,A,0.02,6.81E-01,8.49E-01,0.14,4.36E-02,2.73E-01
rs12707454,T,C,0.02,7.21E-01,8.70E-01,-0.02,7.56E-01,9.32E-01
rs56249828,T,C,0.02,7.68E-01,8.98E-01,0.09,2.32E-01,6.08E-01
rs2038010,G,A,-0.02,7.11E-01,8.65E-01,0.00,9.78E-01,9.92E-01
rs11241689,C,T,-0.02,6.29E-01,7.98E-01,0.02,6.79E-01,9.06E-01
rs4348209,C,T,-0.02,7.74E-01,8.99E-01,0.06,4.98E-01,8.07E-01
rs56333627,C,A,0.02,7.10E-01,8.65E-01,-0.02,7.94E-01,9.52E-01
rs28792763,G,A,0.02,5.69E-01,7.58E-01,0.09,4.34E-02,2.73E-01
rs200680915,TTTC,T,-0.02,6.13E-01,7.91E-01,0.07,1.67E-01,5.22E-01
rs7633750,G,A,0.02,7.57E-01,8.92E-01,0.05,5.43E-01,8.33E-01
rs2829,T,C,0.02,7.34E-01,8.73E-01,0.12,1.02E-01,4.05E-01
rs10224463,C,A,0.02,7.64E-01,8.94E-01,-0.01,8.88E-01,9.75E-01
rs4985726,C,G,0.02,7.00E-01,8.60E-01,0.03,6.55E-01,8.95E-01
rs139422,G,A,0.02,7.29E-01,8.72E-01,0.10,1.43E-01,4.84E-01
rs9386514,T,C,-0.02,7.22E-01,8.70E-01,-0.02,7.10E-01,9.16E-01
rs6595440,G,C,0.02,7.48E-01,8.85E-01,0.13,7.73E-02,3.61E-01
rs17325193,A,G,0.02,7.37E-01,8.76E-01,0.03,6.25E-01,8.86E-01
rs7594333,G,C,-0.02,7.28E-01,8.72E-01,0.06,3.34E-01,7.01E-01
rs59673207,G,C,-0.01,6.92E-01,8.57E-01,0.01,8.18E-01,9.57E-01
rs6876883,G,A,0.01,7.58E-01,8.92E-01,-0.03,6.78E-01,9.06E-01
rs3829586,G,A,0.01,7.61E-01,8.94E-01,0.03,7.36E-01,9.31E-01
rs6595443,A,T,0.01,6.49E-01,8.20E-01,-0.01,8.05E-01,9.54E-01
rs17503312,C,T,0.01,7.26E-01,8.72E-01,0.07,3.02E-01,6.83E-01
rs115071937,G,A,0.01,7.02E-01,8.61E-01,0.09,1.23E-01,4.51E-01
rs138729,AC,A,0.01,6.95E-01,8.57E-01,0.09,1.11E-01,4.23E-01
rs2518720,C,T,0.01,7.14E-01,8.66E-01,-0.22,3.37E-04,1.26E-02
rs139405,C,A,0.01,6.27E-01,7.98E-01,0.08,7.50E-02,3.60E-01
rs2530457,C,T,-0.01,6.15E-01,7.91E-01,-0.09,3.06E-02,2.46E-01
rs4836009,G,A,0.01,6.58E-01,8.25E-01,-0.09,6.32E-02,3.26E-01
rs1458017,G,A,-0.01,6.60E-01,8.26E-01,-0.01,8.99E-01,9.75E-01
rs4510,A,G,-0.01,6.68E-01,8.34E-01,0.00,9.78E-01,9.92E-01
rs2223684,A,C,-0.01,6.94E-01,8.57E-01,-0.09,1.05E-01,4.10E-01
rs67870530,A,G,0.01,7.96E-01,9.13E-01,0.05,5.02E-01,8.10E-01
rs58618031,T,C,-0.01,7.87E-01,9.07E-01,0.01,8.96E-01,9.75E-01
rs73169678,C,A,0.01,6.18E-01,7.92E-01,0.02,6.68E-01,9.03E-01
rs2054586,C,T,-0.01,4.58E-01,6.65E-01,0.01,8.40E-01,9.73E-01
rs7735212,C,G,0.01,7.34E-01,8.73E-01,0.04,4.92E-01,8.00E-01
rs9386516,A,G,0.01,8.05E-01,9.15E-01,-0.01,8.98E-01,9.75E-01
rs56143602,T,C,-0.01,7.54E-01,8.89E-01,-0.07,2.44E-01,6.22E-01
rs6595446,C,A,-0.01,7.22E-01,8.70E-01,0.05,3.41E-01,7.01E-01
rs57104699,C,A,-0.01,6.67E-01,8.33E-01,0.01,8.65E-01,9.75E-01
rs139394,A,C,0.01,6.96E-01,8.57E-01,0.04,4.43E-01,7.72E-01
rs62376436,G,A,-0.01,7.73E-01,8.99E-01,0.03,6.40E-01,8.95E-01
rs2790454,A,G,0.01,7.88E-01,9.07E-01,0.16,2.85E-02,2.34E-01
rs35011836,T,G,0.01,7.33E-01,8.73E-01,0.04,5.23E-01,8.23E-01
rs16961828,G,C,-0.01,7.50E-01,8.86E-01,-0.09,1.28E-01,4.57E-01
rs7187359,G,A,0.01,6.86E-01,8.52E-01,0.04,3.69E-01,7.24E-01
rs5995688,A,G,0.01,7.74E-01,8.99E-01,0.08,2.40E-01,6.18E-01
rs10249003,A,G,0.01,8.14E-01,9.18E-01,0.06,4.22E-01,7.54E-01
rs34144528,T,C,-0.01,8.24E-01,9.22E-01,0.03,7.52E-01,9.32E-01
rs36198289,C,T,-0.01,7.83E-01,9.05E-01,0.16,1.94E-02,1.89E-01
rs62422886,A,G,-0.01,8.38E-01,9.27E-01,-0.11,2.12E-01,5.85E-01
rs8050262,T,C,0.01,7.41E-01,8.78E-01,0.05,4.13E-01,7.50E-01
rs4836004,C,T,0.01,7.94E-01,9.12E-01,0.05,4.87E-01,7.96E-01
rs745745596,C,T,-0.01,7.97E-01,9.13E-01,-0.05,5.09E-01,8.14E-01
rs12932141,A,C,-0.01,7.79E-01,9.01E-01,0.07,2.48E-01,6.26E-01
rs2012189,C,T,0.01,7.22E-01,8.70E-01,-0.06,2.03E-01,5.77E-01
rs2270554,T,G,0.01,8.03E-01,9.14E-01,0.00,9.74E-01,9.91E-01
rs9827710,G,C,0.01,8.36E-01,9.26E-01,0.03,6.54E-01,8.95E-01
rs59379598,C,G,-0.01,7.29E-01,8.72E-01,0.06,2.12E-01,5.85E-01
rs57382045,G,A,0.01,7.23E-01,8.70E-01,0.06,2.10E-01,5.85E-01
rs139408,T,C,0.01,8.11E-01,9.18E-01,0.09,1.95E-01,5.60E-01
rs4792797,C,A,0.01,6.97E-01,8.57E-01,0.00,9.67E-01,9.91E-01
rs1265844,G,A,-0.01,7.11E-01,8.65E-01,0.04,3.45E-01,7.01E-01
rs377904,A,C,-0.01,7.39E-01,8.77E-01,0.10,5.28E-02,2.96E-01
rs28616016,T,C,-0.01,8.23E-01,9.22E-01,0.09,1.92E-01,5.59E-01
rs6745833,C,G,-0.01,8.54E-01,9.35E-01,0.09,2.75E-01,6.56E-01
rs3777184,G,C,-0.01,7.89E-01,9.07E-01,-0.04,4.92E-01,8.00E-01
rs10936599,C,T,-0.01,8.35E-01,9.26E-01,-0.03,6.80E-01,9.06E-01
rs2772433,G,A,0.01,8.19E-01,9.21E-01,-0.02,7.25E-01,9.25E-01
rs55735727,A,T,0.01,9.45E-01,9.70E-01,0.13,5.49E-01,8.37E-01
rs56313563,G,A,-0.01,8.39E-01,9.27E-01,-0.18,1.29E-02,1.53E-01
rs6125446,C,G,0.01,7.63E-01,8.94E-01,0.01,7.69E-01,9.37E-01
rs11241692,T,C,0.01,8.52E-01,9.34E-01,0.10,1.69E-01,5.22E-01
rs11135442,T,C,-0.01,8.07E-01,9.16E-01,0.12,3.14E-02,2.50E-01
rs9921835,G,A,0.01,8.14E-01,9.18E-01,-0.06,3.36E-01,7.01E-01
rs138743,G,A,-0.01,8.12E-01,9.18E-01,-0.04,4.66E-01,7.85E-01
rs59283092,T,C,-0.01,8.30E-01,9.26E-01,0.01,9.32E-01,9.86E-01
rs138742,G,A,0.01,7.79E-01,9.01E-01,-0.01,7.97E-01,9.53E-01
rs7456425,C,T,-0.01,8.31E-01,9.26E-01,0.00,9.72E-01,9.91E-01
rs9866116,A,G,-0.01,7.63E-01,8.94E-01,0.03,5.12E-01,8.14E-01
rs10271646,T,C,0.01,8.59E-01,9.38E-01,0.09,2.33E-01,6.09E-01
rs3950296,C,G,-0.01,7.79E-01,9.01E-01,-0.05,3.00E-01,6.83E-01
rs10241173,A,G,0.01,8.61E-01,9.38E-01,0.04,5.64E-01,8.41E-01
rs11949531,G,A,-0.01,8.78E-01,9.48E-01,0.04,6.45E-01,8.95E-01
rs373378536,AC,A,0.01,9.15E-01,9.56E-01,-0.04,7.60E-01,9.32E-01
rs10264060,C,A,0.01,8.77E-01,9.48E-01,-0.03,7.34E-01,9.31E-01
rs2005954,G,A,0.01,7.73E-01,8.99E-01,-0.05,2.29E-01,6.03E-01
rs10233479,C,T,0.01,8.16E-01,9.20E-01,-0.12,4.03E-02,2.71E-01
rs779635737,A,AGCTCCGCCCCCGA,0.01,8.01E-01,9.14E-01,-0.06,1.83E-01,5.43E-01
rs28626343,T,C,-0.01,8.50E-01,9.34E-01,0.04,5.17E-01,8.18E-01
rs6066828,C,T,-0.01,8.01E-01,9.14E-01,0.04,3.79E-01,7.30E-01
rs10281582,A,G,-0.01,8.79E-01,9.48E-01,-0.13,9.74E-02,4.00E-01
rs138728,G,C,-0.01,8.03E-01,9.14E-01,0.09,3.31E-02,2.55E-01
rs10230610,A,C,-0.01,8.11E-01,9.18E-01,-0.04,4.83E-01,7.96E-01
rs112398493,C,T,0.01,8.52E-01,9.34E-01,0.03,6.20E-01,8.82E-01
rs62467774,T,C,-0.01,8.21E-01,9.22E-01,0.05,3.18E-01,6.99E-01
rs9610279,A,G,-0.01,8.33E-01,9.26E-01,-0.04,4.11E-01,7.49E-01
rs139381,T,C,-0.01,8.23E-01,9.22E-01,0.00,9.28E-01,9.86E-01
rs4509,G,A,-0.01,8.49E-01,9.34E-01,-0.05,3.77E-01,7.30E-01
rs10757260,G,A,0.01,8.47E-01,9.33E-01,0.00,9.92E-01,9.97E-01
rs141127958,A,G,0.01,8.69E-01,9.43E-01,-0.02,6.85E-01,9.06E-01
rs7706501,C,T,-0.01,8.83E-01,9.49E-01,0.02,8.01E-01,9.53E-01
rs6885567,T,G,0.01,8.67E-01,9.41E-01,0.03,6.68E-01,9.03E-01
rs62422878,C,T,0.01,8.40E-01,9.27E-01,0.04,4.44E-01,7.72E-01
rs7287861,C,T,-0.01,8.30E-01,9.26E-01,-0.03,4.65E-01,7.85E-01
rs10484577,A,C,0.01,9.40E-01,9.70E-01,-0.19,1.09E-01,4.17E-01
rs1265846,A,G,-0.01,8.84E-01,9.49E-01,0.08,1.94E-01,5.60E-01
rs1053593,G,T,-0.01,8.66E-01,9.41E-01,0.03,5.44E-01,8.33E-01
rs35629860,G,A,-0.01,8.63E-01,9.39E-01,-0.10,6.53E-02,3.32E-01
rs2335013,T,G,-0.01,8.90E-01,9.51E-01,-0.10,1.46E-01,4.90E-01
rs138755,A,G,-0.01,8.88E-01,9.51E-01,0.02,7.96E-01,9.52E-01
rs5755688,A,G,0.01,8.99E-01,9.55E-01,0.08,2.21E-01,5.92E-01
rs71551046,C,T,-0.01,8.85E-01,9.49E-01,-0.09,1.29E-01,4.58E-01
rs10231703,G,A,0.01,9.10E-01,9.55E-01,-0.06,4.19E-01,7.54E-01
rs7725897,C,T,0.01,8.36E-01,9.26E-01,0.04,3.44E-01,7.01E-01
rs7707090,G,A,0.01,8.80E-01,9.48E-01,-0.12,2.67E-02,2.30E-01
rs7184423,C,A,-0.01,8.56E-01,9.36E-01,0.03,5.33E-01,8.28E-01
rs71083048,A,AG,-0.01,9.03E-01,9.55E-01,-0.09,1.77E-01,5.31E-01
rs2790455,A,G,-0.01,9.06E-01,9.55E-01,0.03,6.96E-01,9.13E-01
rs56343427,C,T,0.01,9.13E-01,9.55E-01,-0.17,2.09E-02,2.00E-01
rs55964341,A,G,0.01,9.03E-01,9.55E-01,0.01,8.53E-01,9.74E-01
rs6868198,G,A,0.00,8.84E-01,9.49E-01,-0.02,7.63E-01,9.33E-01
rs11696900,C,A,0.00,9.09E-01,9.55E-01,0.03,5.53E-01,8.41E-01
rs9373839,T,C,0.00,9.13E-01,9.55E-01,-0.06,2.87E-01,6.65E-01
rs7777947,T,G,0.00,9.17E-01,9.57E-01,-0.06,2.88E-01,6.65E-01
rs1322178,C,T,0.00,9.10E-01,9.55E-01,0.02,7.80E-01,9.46E-01
rs7643115,G,A,0.00,9.06E-01,9.55E-01,-0.07,2.60E-01,6.43E-01
rs5755686,A,G,0.00,9.22E-01,9.60E-01,-0.02,7.51E-01,9.32E-01
rs9391997,A,G,0.00,9.02E-01,9.55E-01,0.00,9.64E-01,9.91E-01
rs180758909,A,T,0.00,9.71E-01,9.81E-01,-0.10,5.83E-01,8.59E-01
rs113745074,T,C,0.00,8.75E-01,9.48E-01,0.00,9.34E-01,9.86E-01
rs11089739,C,T,0.00,8.90E-01,9.51E-01,0.00,9.58E-01,9.91E-01
rs11950066,G,T,0.00,9.37E-01,9.70E-01,-0.03,7.48E-01,9.32E-01
rs7716691,C,T,0.00,9.41E-01,9.70E-01,-0.05,5.59E-01,8.41E-01
rs138751,A,T,0.00,9.21E-01,9.60E-01,0.04,5.22E-01,8.23E-01
rs6063314,T,C,0.00,9.13E-01,9.55E-01,0.09,8.51E-02,3.70E-01
rs138750,G,A,0.00,9.10E-01,9.55E-01,-0.04,4.10E-01,7.49E-01
rs112282032,C,T,0.00,9.09E-01,9.55E-01,0.00,9.65E-01,9.91E-01
rs1057964,T,C,0.00,9.12E-01,9.55E-01,0.10,5.48E-02,3.04E-01
rs35921400,G,A,0.00,9.34E-01,9.69E-01,-0.02,7.49E-01,9.32E-01
rs710190,T,C,0.00,9.11E-01,9.55E-01,0.01,7.48E-01,9.32E-01
rs56219066,T,C,0.00,9.53E-01,9.73E-01,-0.05,4.78E-01,7.92E-01
rs17246404,C,T,0.00,9.43E-01,9.70E-01,-0.02,8.03E-01,9.53E-01
rs10246424,A,G,0.00,9.50E-01,9.73E-01,-0.03,6.58E-01,8.96E-01
rs1014163,G,A,0.00,9.25E-01,9.61E-01,0.08,1.02E-01,4.05E-01
rs4563648,G,A,0.00,9.31E-01,9.66E-01,0.13,1.06E-02,1.44E-01
rs139404,G,A,0.00,9.39E-01,9.70E-01,0.05,4.07E-01,7.49E-01
rs3777190,C,T,0.00,9.43E-01,9.70E-01,-0.09,1.38E-01,4.73E-01
rs28622327,C,T,0.00,9.54E-01,9.73E-01,-0.04,6.00E-01,8.68E-01
rs7734187,G,A,0.00,9.46E-01,9.70E-01,0.02,6.98E-01,9.14E-01
rs138781,C,T,0.00,9.47E-01,9.70E-01,0.00,9.71E-01,9.91E-01
rs2115172,A,G,0.00,9.57E-01,9.75E-01,-0.10,1.98E-01,5.65E-01
rs12638862,A,G,0.00,9.53E-01,9.73E-01,0.02,8.01E-01,9.53E-01
rs17507636,C,T,0.00,9.58E-01,9.75E-01,0.13,5.21E-02,2.96E-01
rs11871721,C,G,0.00,9.60E-01,9.75E-01,0.05,4.22E-01,7.54E-01
rs7193541,T,C,0.00,9.61E-01,9.76E-01,0.01,8.56E-01,9.74E-01
rs10069748,T,C,0.00,9.66E-01,9.79E-01,0.08,2.25E-01,5.97E-01
rs56656810,C,A,0.00,9.68E-01,9.80E-01,0.03,6.65E-01,9.03E-01
rs7810427,C,T,0.00,9.82E-01,9.89E-01,0.03,6.52E-01,8.95E-01
rs6715150,G,A,0.00,9.72E-01,9.81E-01,-0.01,8.91E-01,9.75E-01
rs10035477,T,C,0.00,9.78E-01,9.86E-01,0.06,2.40E-01,6.18E-01
rs28638102,A,C,0.00,9.87E-01,9.91E-01,0.04,6.21E-01,8.82E-01
rs72911163,C,G,0.00,9.88E-01,9.92E-01,0.03,6.78E-01,9.06E-01
rs9876206,C,T,0.00,9.85E-01,9.91E-01,-0.04,4.56E-01,7.84E-01
rs11241686,G,A,0.00,9.92E-01,9.94E-01,-0.07,2.47E-01,6.25E-01
rs35002761,G,A,0.00,9.95E-01,9.96E-01,-0.07,3.77E-01,7.30E-01
rs138748,G,T,0.00,1.00E+00,1.00E+00,-0.04,5.10E-01,8.14E-01