Variant,Compare_nr-vs-r,Rep1_NR/R_ratio,Rep2_NR/R_ratio,Rep3_NR/R_ratio,Rep4_NR/R_ratio,Rep5_NR/R_ratio,Rep1_NR/R_Ratio_Log2,Rep2_NR/R_Ratio_Log2,Rep3_NR/R_Ratio_Log2,Rep4_NR/R_Ratio_Log2,Rep5_NR/R_Ratio_Log2,Log2_Average,Allelic_Fold_Change,P_value,pFDR,Significance
rs10048743,rs10048743_T_G_Non-Ref,1.93,2.06,2.42,2.02,1.78,0.95,1.04,1.27,1.02,0.83,1.02,2.03,1.52E-04,0.003,Sig
rs10197238,rs10197238_C_T_Non-Ref,1.24,1.42,1.44,1.39,1.54,0.31,0.51,0.52,0.47,0.62,0.49,1.40,6.94E-04,0.009,Sig
rs10207954,rs10207954_T_A_Non-Ref,0.76,0.77,0.94,0.79,0.65,-0.40,-0.38,-0.09,-0.34,-0.62,-0.37,0.77,1.21E-02,0.056,Non_sig
rs10208256,rs10208256_G_A_Non-Ref,1.81,1.81,1.92,1.18,1.91,0.86,0.85,0.94,0.23,0.93,0.76,1.70,4.66E-03,0.028,Sig
rs10409713,rs10409713_T_G_Non-Ref,0.90,1.27,0.76,0.91,1.17,-0.16,0.35,-0.39,-0.14,0.22,-0.02,0.98,8.72E-01,0.923,Non_sig
rs10419617,rs10419617_G_A_Non-Ref,0.15,0.57,0.89,0.73,0.29,-2.74,-0.82,-0.17,-0.45,-1.80,-1.19,0.44,6.55E-02,0.158,Non_sig
rs10499197,rs10499197_G_T_Non-Ref,0.37,0.72,1.12,0.70,0.67,-1.42,-0.48,0.16,-0.52,-0.58,-0.57,0.67,8.59E-02,0.184,Non_sig
rs1051115,rs1051115_C_G_Non-Ref,0.95,0.70,0.62,0.96,1.06,-0.08,-0.52,-0.68,-0.06,0.08,-0.25,0.84,1.63E-01,0.287,Non_sig
rs1056538,rs1056538_A_G_Non-Ref,0.96,1.39,1.35,1.07,1.32,-0.06,0.47,0.43,0.09,0.40,0.27,1.20,6.40E-02,0.157,Non_sig
rs1059702,rs1059702_G_A_Non-Ref,0.35,0.34,0.32,0.40,0.31,-1.49,-1.54,-1.64,-1.32,-1.71,-1.54,0.34,2.19E-05,0.001,Sig
rs10748841,rs10748841_A_G_Non-Ref,0.86,1.09,0.79,0.84,0.82,-0.22,0.12,-0.35,-0.24,-0.28,-0.20,0.87,7.42E-02,0.170,Non_sig
rs10773578,rs10773578_C_G_Non-Ref,0.76,0.90,1.00,1.01,0.82,-0.39,-0.15,0.01,0.01,-0.29,-0.16,0.89,1.09E-01,0.220,Non_sig
rs10803116,rs10803116_T_G_Non-Ref,1.17,1.32,0.79,1.18,1.13,0.23,0.40,-0.35,0.24,0.17,0.14,1.10,3.33E-01,0.484,Non_sig
rs10821946,rs10821946_T_C_Non-Ref,1.07,0.94,1.03,1.22,0.85,0.10,-0.09,0.04,0.28,-0.24,0.02,1.01,8.40E-01,0.906,Non_sig
rs10845615,rs10845615_A_G_Non-Ref,0.96,0.97,1.00,1.04,0.99,-0.06,-0.04,0.00,0.06,-0.01,-0.01,0.99,6.64E-01,0.779,Non_sig
rs10853837,rs10853837_A_G_Non-Ref,1.27,1.32,1.04,1.19,1.20,0.35,0.40,0.05,0.25,0.26,0.26,1.20,1.18E-02,0.055,Non_sig
rs10912600,rs10912600_C_T_Non-Ref,0.91,0.93,0.60,0.89,0.96,-0.14,-0.10,-0.74,-0.16,-0.06,-0.24,0.85,1.27E-01,0.245,Non_sig
rs10936599,rs10936599_T_C_Non-Ref,0.93,1.22,1.19,0.94,0.69,-0.10,0.29,0.25,-0.09,-0.53,-0.04,0.97,8.12E-01,0.888,Non_sig
rs11055024,rs11055024_G_A_Non-Ref,1.10,0.68,0.99,1.12,0.78,0.14,-0.55,-0.02,0.16,-0.35,-0.12,0.92,4.27E-01,0.576,Non_sig
rs11059929,rs11059929_A_G_Non-Ref,0.90,0.94,0.97,0.98,0.98,-0.14,-0.09,-0.05,-0.03,-0.02,-0.07,0.95,3.76E-02,0.112,Non_sig
rs11091578,rs11091578_C_G_Non-Ref,0.96,0.85,0.75,0.68,0.98,-0.06,-0.23,-0.42,-0.55,-0.03,-0.26,0.84,6.47E-02,0.157,Non_sig
rs11130633,rs11130633_C_T_Non-Ref,1.02,1.12,1.06,0.97,1.23,0.03,0.16,0.09,-0.04,0.30,0.11,1.08,1.36E-01,0.259,Non_sig
rs111379006,rs111379006_A_G_Non-Ref,0.81,0.98,0.86,0.99,0.88,-0.30,-0.02,-0.22,-0.01,-0.18,-0.15,0.90,5.89E-02,0.150,Non_sig
rs111567516,rs111567516_T_G_Non-Ref,0.94,0.97,1.07,1.03,1.07,-0.08,-0.04,0.10,0.04,0.09,0.02,1.02,5.59E-01,0.698,Non_sig
rs111845187,rs111845187_T_C_Non-Ref,1.13,1.16,1.05,1.14,1.12,0.18,0.21,0.07,0.19,0.17,0.16,1.12,2.15E-03,0.018,Sig
rs11185603,rs11185603_G_C_Non-Ref,0.80,0.94,0.84,0.91,0.89,-0.32,-0.09,-0.26,-0.14,-0.16,-0.19,0.88,1.05E-02,0.053,Non_sig
rs111940435,rs111940435_T_C_Non-Ref,1.26,0.60,1.00,1.03,1.16,0.34,-0.74,0.00,0.05,0.21,-0.03,0.98,8.85E-01,0.931,Non_sig
rs11221307,rs11221307_A_G_Non-Ref,1.40,1.57,1.16,1.21,1.38,0.49,0.65,0.22,0.27,0.46,0.42,1.34,5.80E-03,0.034,Sig
rs112260932,rs112260932_C_T_Non-Ref,0.88,1.53,1.34,1.87,0.30,-0.18,0.62,0.42,0.90,-1.73,0.00,1.00,9.93E-01,0.993,Non_sig
rs112301322,rs112301322_G_C_Non-Ref,1.12,0.81,0.89,0.88,0.87,0.17,-0.30,-0.16,-0.19,-0.20,-0.14,0.91,1.63E-01,0.287,Non_sig
rs11248061,rs11248061_A_C_Non-Ref,1.92,1.17,2.09,1.97,0.90,0.94,0.23,1.06,0.98,-0.14,0.61,1.53,6.41E-02,0.157,Non_sig
rs112563958,rs112563958_T_C_Non-Ref,0.88,0.85,1.04,1.00,1.03,-0.19,-0.24,0.05,-0.01,0.04,-0.07,0.95,3.25E-01,0.480,Non_sig
rs112569955,rs112569955_G_A_Non-Ref,1.93,1.93,1.87,2.03,1.90,0.95,0.95,0.90,1.02,0.93,0.95,1.93,1.16E-06,0.000,Sig
rs112599791,rs112599791_A_G_Non-Ref,0.92,0.98,0.96,1.04,1.00,-0.12,-0.03,-0.05,0.06,-0.01,-0.03,0.98,3.38E-01,0.486,Non_sig
rs112750995,rs112750995_T_A_Non-Ref,0.98,0.92,1.16,0.73,1.01,-0.03,-0.13,0.21,-0.45,0.01,-0.07,0.95,5.26E-01,0.667,Non_sig
rs112783232,rs112783232_A_G_Non-Ref,0.76,0.81,0.85,0.92,0.91,-0.40,-0.31,-0.24,-0.11,-0.14,-0.24,0.85,1.08E-02,0.054,Non_sig
rs112797570,rs112797570_A_G_Non-Ref,1.28,1.22,1.35,1.18,1.12,0.36,0.29,0.43,0.24,0.17,0.30,1.23,2.91E-03,0.021,Sig
rs113233720,rs113233720_T_C_Non-Ref,0.91,1.02,0.80,1.59,0.57,-0.13,0.03,-0.33,0.67,-0.81,-0.11,0.92,6.65E-01,0.779,Non_sig
rs113339491,rs113339491_A_G_Non-Ref,0.83,1.02,0.79,0.85,0.66,-0.27,0.03,-0.34,-0.24,-0.60,-0.28,0.82,4.92E-02,0.136,Non_sig
rs113466546,rs113466546_A_G_Non-Ref,0.98,1.02,1.05,1.03,1.13,-0.03,0.03,0.07,0.05,0.18,0.06,1.04,1.54E-01,0.279,Non_sig
rs113479772,rs113479772_A_G_Non-Ref,0.84,0.77,1.13,0.77,0.90,-0.25,-0.38,0.17,-0.38,-0.15,-0.20,0.87,1.24E-01,0.240,Non_sig
rs113665284,rs113665284_A_G_Non-Ref,0.97,0.99,1.10,1.05,0.95,-0.04,-0.01,0.14,0.08,-0.07,0.02,1.01,6.62E-01,0.779,Non_sig
rs113953388,rs113953388_G_A_Non-Ref,1.07,0.91,1.10,1.25,1.09,0.10,-0.14,0.13,0.32,0.13,0.11,1.08,2.15E-01,0.351,Non_sig
rs114053509,rs114053509_T_A_Non-Ref,1.12,0.95,0.93,1.18,1.11,0.16,-0.07,-0.10,0.23,0.15,0.07,1.05,3.29E-01,0.481,Non_sig
rs114332784,rs114332784_T_C_Non-Ref,1.21,1.05,1.07,1.03,1.11,0.27,0.07,0.10,0.05,0.15,0.13,1.09,3.40E-02,0.105,Non_sig
rs1143683,rs1143683_T_C_Non-Ref,0.72,0.67,0.98,0.59,1.05,-0.48,-0.58,-0.03,-0.77,0.06,-0.36,0.78,9.01E-02,0.190,Non_sig
rs114496587,rs114496587_G_A_Non-Ref,1.56,1.20,0.91,1.78,1.19,0.64,0.26,-0.14,0.84,0.26,0.37,1.29,9.48E-02,0.199,Non_sig
rs1150752,rs1150752_C_T_Non-Ref,1.31,1.07,1.26,0.78,1.06,0.38,0.09,0.34,-0.37,0.08,0.11,1.08,4.68E-01,0.610,Non_sig
rs115168423,rs115168423_T_G_Non-Ref,1.09,1.05,1.33,0.86,0.96,0.13,0.07,0.41,-0.22,-0.06,0.06,1.05,5.70E-01,0.705,Non_sig
rs115548805,rs115548805_G_A_Non-Ref,1.07,0.87,1.22,1.31,0.85,0.09,-0.20,0.28,0.39,-0.24,0.06,1.05,6.35E-01,0.756,Non_sig
rs11577537,rs11577537_A_G_Non-Ref,1.01,1.23,1.03,1.15,1.10,0.01,0.30,0.04,0.20,0.14,0.14,1.10,5.66E-02,0.147,Non_sig
rs115799319,rs115799319_A_G_Non-Ref,1.09,0.72,0.98,1.20,0.86,0.12,-0.47,-0.02,0.26,-0.22,-0.06,0.96,6.40E-01,0.760,Non_sig
rs115814834,rs115814834_C_G_Non-Ref,1.20,1.20,0.92,1.18,1.45,0.27,0.27,-0.13,0.24,0.54,0.24,1.18,8.90E-02,0.189,Non_sig
rs11600355,rs11600355_C_T_Non-Ref,1.10,0.93,1.08,1.44,0.86,0.14,-0.11,0.11,0.53,-0.22,0.09,1.07,5.16E-01,0.656,Non_sig
rs116007403,rs116007403_C_A_Non-Ref,0.73,0.65,0.64,0.79,0.61,-0.46,-0.62,-0.65,-0.35,-0.72,-0.56,0.68,1.23E-03,0.012,Sig
rs11600860,rs11600860_C_T_Non-Ref,1.31,1.14,1.29,1.25,1.30,0.39,0.18,0.36,0.32,0.38,0.33,1.25,9.72E-04,0.010,Sig
rs11606611,rs11606611_G_C_Non-Ref,1.21,1.13,1.11,1.06,1.13,0.27,0.17,0.16,0.09,0.18,0.17,1.13,3.88E-03,0.025,Sig
rs11606612,rs11606612_A_C_Non-Ref,1.02,0.94,1.03,0.93,0.90,0.03,-0.09,0.04,-0.11,-0.15,-0.06,0.96,2.16E-01,0.352,Non_sig
rs11606631,rs11606631_A_C_Non-Ref,1.08,1.11,0.98,0.92,1.03,0.10,0.15,-0.03,-0.12,0.04,0.03,1.02,5.73E-01,0.705,Non_sig
rs116523939,rs116523939_C_A_Non-Ref,0.87,0.62,0.86,0.61,1.00,-0.20,-0.68,-0.22,-0.70,0.00,-0.36,0.78,6.37E-02,0.157,Non_sig
rs11698676,rs11698676_T_G_Non-Ref,0.95,0.96,0.91,1.00,0.86,-0.08,-0.06,-0.14,-0.01,-0.22,-0.10,0.93,4.98E-02,0.136,Non_sig
rs117026326,rs117026326_A_C_Non-Ref-1,0.97,1.04,1.03,1.02,1.08,-0.04,0.06,0.04,0.04,0.11,0.04,1.03,1.51E-01,0.276,Non_sig
rs117026326,rs117026326_G_C_Non-Ref-2,1.29,1.64,1.25,1.30,1.61,0.36,0.72,0.33,0.38,0.68,0.49,1.41,4.27E-03,0.027,Sig
rs117026326,rs117026326_T_C_Non-Ref-3,1.13,0.82,1.27,1.27,1.36,0.18,-0.29,0.34,0.34,0.45,0.20,1.15,1.92E-01,0.325,Non_sig
rs117436392,rs117436392_A_G_Non-Ref,1.18,1.09,0.98,0.83,0.84,0.24,0.12,-0.02,-0.26,-0.25,-0.03,0.98,7.46E-01,0.847,Non_sig
rs11796955,rs11796955_G_C_Non-Ref,0.55,0.74,0.32,1.26,0.95,-0.87,-0.43,-1.65,0.34,-0.07,-0.54,0.69,1.91E-01,0.325,Non_sig
rs11797562,rs11797562_A_C_Non-Ref,0.40,0.40,0.41,0.43,0.40,-1.32,-1.34,-1.29,-1.23,-1.33,-1.30,0.41,3.05E-07,0.000,Sig
rs118126443,rs118126443_C_T_Non-Ref,1.06,0.99,0.99,0.96,0.99,0.09,-0.02,-0.02,-0.06,-0.01,0.00,1.00,8.71E-01,0.923,Non_sig
rs11844621,rs11844621_G_A_Non-Ref,0.91,0.90,0.91,0.96,0.99,-0.14,-0.15,-0.14,-0.06,-0.02,-0.10,0.93,1.86E-02,0.072,Non_sig
rs11844622,rs11844622_C_A_Non-Ref,1.08,1.04,1.04,1.28,1.15,0.11,0.06,0.06,0.36,0.20,0.16,1.11,4.98E-02,0.136,Non_sig
rs11845777,rs11845777_A_G_Non-Ref,1.03,0.73,0.74,0.57,0.77,0.05,-0.46,-0.43,-0.80,-0.38,-0.41,0.75,4.03E-02,0.117,Non_sig
rs11846573,rs11846573_C_T_Non-Ref,0.98,0.99,0.66,0.89,0.85,-0.03,-0.01,-0.60,-0.17,-0.24,-0.21,0.86,1.16E-01,0.228,Non_sig
rs11851869,rs11851869_G_A_Non-Ref,0.77,0.82,0.94,1.02,0.79,-0.38,-0.28,-0.09,0.03,-0.34,-0.21,0.86,5.09E-02,0.137,Non_sig
rs11859349,rs11859349_T_C_Non-Ref,0.89,0.98,0.96,1.06,1.08,-0.16,-0.03,-0.07,0.09,0.12,-0.01,0.99,8.40E-01,0.906,Non_sig
rs11864503,rs11864503_C_T_Non-Ref,0.87,1.08,0.92,0.96,1.12,-0.20,0.11,-0.12,-0.06,0.16,-0.02,0.99,7.67E-01,0.854,Non_sig
rs11865746,rs11865746_G_T_Non-Ref,1.01,0.87,0.82,0.90,0.93,0.01,-0.21,-0.29,-0.15,-0.11,-0.15,0.90,4.21E-02,0.120,Non_sig
rs11968954,rs11968954_T_C_Non-Ref,0.94,0.84,0.87,1.01,0.95,-0.09,-0.25,-0.19,0.01,-0.08,-0.12,0.92,6.25E-02,0.156,Non_sig
rs11968972,rs11968972_A_G_Non-Ref,0.63,0.77,0.50,0.53,0.63,-0.67,-0.38,-1.00,-0.93,-0.66,-0.73,0.60,2.69E-03,0.020,Sig
rs12094196,rs12094196_T_G_Non-Ref,1.30,1.39,1.44,1.49,1.42,0.37,0.47,0.53,0.58,0.51,0.49,1.41,1.36E-04,0.003,Sig
rs12111129,rs12111129_A_C_Non-Ref,0.91,1.19,0.97,0.90,1.20,-0.14,0.25,-0.04,-0.16,0.27,0.04,1.02,7.22E-01,0.829,Non_sig
rs12220267,rs12220267_T_C_Non-Ref,1.20,1.09,1.21,0.98,0.88,0.26,0.13,0.27,-0.03,-0.19,0.09,1.06,3.81E-01,0.534,Non_sig
rs12298615,rs12298615_A_G_Non-Ref,0.77,0.86,1.38,1.19,1.36,-0.37,-0.22,0.47,0.25,0.44,0.11,1.08,5.55E-01,0.694,Non_sig
rs12357548,rs12357548_A_G_Non-Ref,1.00,0.82,0.92,1.00,1.05,0.00,-0.28,-0.12,0.01,0.06,-0.07,0.95,3.36E-01,0.486,Non_sig
rs12384552,rs12384552_G_A_Non-Ref,0.57,0.65,0.47,0.59,0.63,-0.81,-0.62,-1.09,-0.76,-0.66,-0.79,0.58,7.03E-04,0.009,Sig
rs12384694,rs12384694_C_T_Non-Ref,0.64,0.59,0.62,0.79,0.81,-0.65,-0.77,-0.69,-0.33,-0.31,-0.55,0.68,4.48E-03,0.027,Sig
rs12384714,rs12384714_C_T_Non-Ref,1.03,0.92,1.07,0.98,0.84,0.05,-0.12,0.10,-0.03,-0.24,-0.05,0.97,4.73E-01,0.614,Non_sig
rs12384878,rs12384878_G_C_Non-Ref,1.05,1.10,0.99,1.19,1.00,0.07,0.13,-0.02,0.25,0.00,0.09,1.06,1.50E-01,0.275,Non_sig
rs12394047,rs12394047_G_A_Non-Ref,0.92,0.85,1.09,1.05,0.97,-0.12,-0.24,0.13,0.08,-0.05,-0.04,0.97,5.73E-01,0.705,Non_sig
rs12408736,rs12408736_C_T_Non-Ref,1.03,1.17,0.98,1.78,0.93,0.05,0.23,-0.03,0.83,-0.11,0.19,1.14,3.15E-01,0.472,Non_sig
rs12438109,rs12438109_G_T_Non-Ref,1.05,2.02,0.93,1.73,1.40,0.07,1.02,-0.11,0.79,0.48,0.45,1.37,1.01E-01,0.206,Non_sig
rs12510382,rs12510382_G_A_Non-Ref,0.87,0.85,0.92,1.25,0.72,-0.20,-0.24,-0.12,0.32,-0.47,-0.14,0.91,3.35E-01,0.486,Non_sig
rs12531540,rs12531540_T_C_Non-Ref,1.78,1.10,0.63,1.29,0.98,0.83,0.14,-0.67,0.36,-0.03,0.13,1.09,6.34E-01,0.756,Non_sig
rs12536719,rs12536719_T_C_Non-Ref,1.10,0.91,0.82,0.93,0.95,0.14,-0.13,-0.29,-0.10,-0.08,-0.09,0.94,2.45E-01,0.389,Non_sig
rs12537264,rs12537264_A_C_Non-Ref,0.86,0.90,0.94,0.93,0.97,-0.22,-0.15,-0.09,-0.11,-0.04,-0.12,0.92,1.48E-02,0.063,Non_sig
rs12537284,rs12537284_A_G_Non-Ref,0.54,0.92,0.67,0.65,0.66,-0.88,-0.12,-0.57,-0.61,-0.61,-0.56,0.68,1.04E-02,0.053,Non_sig
rs12576753,rs12576753_A_C_Non-Ref,0.49,0.67,0.49,0.62,0.50,-1.04,-0.57,-1.04,-0.70,-1.01,-0.87,0.55,9.15E-04,0.010,Sig
rs12695386,rs12695386_C_T_Non-Ref,0.32,0.70,2.64,1.12,0.47,-1.63,-0.51,1.40,0.17,-1.09,-0.33,0.79,5.63E-01,0.702,Non_sig
rs1270942,rs1270942_G_A_Non-Ref,1.40,1.25,1.45,1.34,1.28,0.49,0.33,0.54,0.42,0.35,0.43,1.34,4.41E-04,0.007,Sig
rs12790010,rs12790010_C_T_Non-Ref,1.05,1.05,0.98,0.91,0.97,0.07,0.07,-0.04,-0.13,-0.04,-0.01,0.99,7.38E-01,0.841,Non_sig
rs12791871,rs12791871_C_A_Non-Ref,0.94,0.98,1.01,0.96,1.24,-0.09,-0.02,0.01,-0.07,0.31,0.03,1.02,7.25E-01,0.829,Non_sig
rs12793224,rs12793224_A_G_Non-Ref,0.80,0.76,0.98,0.73,0.99,-0.33,-0.39,-0.03,-0.45,-0.02,-0.24,0.84,5.57E-02,0.145,Non_sig
rs12794668,rs12794668_T_C_Non-Ref,1.01,1.13,0.75,0.88,1.61,0.01,0.18,-0.41,-0.18,0.69,0.06,1.04,7.79E-01,0.860,Non_sig
rs12800438,rs12800438_A_G_Non-Ref,1.17,1.29,1.11,1.18,1.11,0.23,0.36,0.15,0.24,0.15,0.23,1.17,4.47E-03,0.027,Sig
rs12806844,rs12806844_A_G_Non-Ref,1.43,1.41,1.22,1.09,1.02,0.51,0.49,0.29,0.13,0.03,0.29,1.22,3.87E-02,0.114,Non_sig
rs12807718,rs12807718_C_T_Non-Ref,1.57,1.56,1.06,1.12,1.72,0.65,0.64,0.08,0.16,0.78,0.46,1.38,3.12E-02,0.098,Non_sig
rs12807827,rs12807827_C_A_Non-Ref,0.83,1.18,0.92,1.14,0.91,-0.27,0.24,-0.12,0.19,-0.13,-0.02,0.99,8.52E-01,0.913,Non_sig
rs12841797,rs12841797_C_T_Non-Ref-1,1.09,1.22,0.87,1.28,1.87,0.12,0.29,-0.19,0.36,0.90,0.29,1.23,1.74E-01,0.303,Non_sig
rs12841797,rs12841797_G_T_Non-Ref-2,0.91,1.20,0.97,0.52,0.86,-0.13,0.27,-0.04,-0.93,-0.22,-0.21,0.86,3.46E-01,0.494,Non_sig
rs12917716,rs12917716_C_G_Non-Ref,0.89,1.24,1.12,1.15,0.99,-0.17,0.31,0.16,0.20,-0.02,0.10,1.07,3.25E-01,0.480,Non_sig
rs12919083,rs12919083_C_A_Non-Ref,1.24,1.26,1.18,1.23,1.35,0.31,0.33,0.24,0.30,0.43,0.32,1.25,4.86E-04,0.007,Sig
rs12920597,rs12920597_T_C_Non-Ref,1.37,0.79,1.00,1.32,1.12,0.45,-0.33,0.00,0.40,0.16,0.13,1.10,3.99E-01,0.547,Non_sig
rs12928810,rs12928810_A_G_Non-Ref,1.05,0.93,1.07,1.04,0.95,0.08,-0.11,0.10,0.06,-0.08,0.01,1.01,8.08E-01,0.886,Non_sig
rs12940616,rs12940616_G_A_Non-Ref,0.89,1.01,0.99,1.20,1.22,-0.17,0.01,-0.01,0.27,0.29,0.08,1.06,4.23E-01,0.572,Non_sig
rs12943012,rs12943012_C_T_Non-Ref,0.94,1.15,1.08,1.30,0.96,-0.08,0.20,0.11,0.38,-0.06,0.11,1.08,2.75E-01,0.421,Non_sig
rs12946040,rs12946040_A_C_Non-Ref,1.21,0.90,1.27,1.11,1.34,0.28,-0.15,0.34,0.16,0.42,0.21,1.15,1.07E-01,0.217,Non_sig
rs12972990,rs12972990_G_T_Non-Ref,0.89,0.90,1.12,1.31,1.25,-0.17,-0.15,0.17,0.39,0.32,0.11,1.08,3.95E-01,0.543,Non_sig
rs13107612,rs13107612_T_C_Non-Ref,0.75,1.44,1.49,1.05,1.19,-0.42,0.53,0.58,0.07,0.25,0.20,1.15,3.21E-01,0.477,Non_sig
rs13137144,rs13137144_A_G_Non-Ref,0.95,0.92,0.94,1.01,1.02,-0.07,-0.12,-0.08,0.02,0.03,-0.05,0.97,1.99E-01,0.333,Non_sig
rs13193526,rs13193526_A_G_Non-Ref,1.40,1.35,1.77,1.24,0.95,0.49,0.43,0.83,0.31,-0.07,0.40,1.32,5.13E-02,0.138,Non_sig
rs13195029,rs13195029_T_C_Non-Ref,0.74,0.98,1.27,1.71,1.35,-0.44,-0.03,0.34,0.77,0.44,0.22,1.16,3.56E-01,0.505,Non_sig
rs13196367,rs13196367_C_G_Non-Ref,1.10,0.99,1.14,1.34,0.92,0.14,-0.01,0.19,0.42,-0.12,0.12,1.09,2.55E-01,0.401,Non_sig
rs13196785,rs13196785_C_G_Non-Ref,1.32,1.19,1.12,1.15,1.03,0.41,0.25,0.17,0.20,0.05,0.21,1.16,2.18E-02,0.078,Non_sig
rs13199775,rs13199775_T_A_Non-Ref,0.93,0.92,0.89,0.92,0.93,-0.10,-0.11,-0.17,-0.12,-0.11,-0.12,0.92,6.80E-04,0.009,Sig
rs13200792,rs13200792_T_C_Non-Ref,0.88,0.68,0.73,0.60,0.55,-0.19,-0.55,-0.45,-0.73,-0.85,-0.56,0.68,8.47E-03,0.046,Sig
rs13200921,rs13200921_C_T_Non-Ref,1.45,0.85,1.04,0.94,0.82,0.53,-0.23,0.06,-0.08,-0.29,0.00,1.00,9.88E-01,0.991,Non_sig
rs13207848,rs13207848_G_A_Non-Ref,1.07,0.94,1.03,0.93,0.95,0.10,-0.08,0.04,-0.10,-0.07,-0.02,0.98,5.84E-01,0.716,Non_sig
rs13208149,rs13208149_G_A_Non-Ref,1.13,0.97,1.15,0.78,1.03,0.17,-0.04,0.20,-0.35,0.04,0.00,1.00,9.74E-01,0.984,Non_sig
rs13213604,rs13213604_C_G_Non-Ref,1.08,0.97,1.04,0.89,1.02,0.12,-0.04,0.05,-0.17,0.03,0.00,1.00,9.83E-01,0.988,Non_sig
rs13215208,rs13215208_T_C_Non-Ref,1.37,1.33,1.48,1.34,1.32,0.45,0.41,0.57,0.43,0.40,0.45,1.37,1.29E-04,0.003,Sig
rs13240595,rs13240595_A_C_Non-Ref,1.04,1.01,1.08,1.13,1.02,0.05,0.01,0.11,0.17,0.02,0.07,1.05,6.83E-02,0.160,Non_sig
rs13334305,rs13334305_T_C_Non-Ref,1.01,0.93,1.06,0.99,1.06,0.02,-0.10,0.09,-0.02,0.09,0.01,1.01,7.04E-01,0.814,Non_sig
rs13335265,rs13335265_C_G_Non-Ref,0.33,0.33,0.31,0.33,0.32,-1.60,-1.61,-1.67,-1.60,-1.63,-1.62,0.32,2.61E-08,0.000,Sig
rs13338069,rs13338069_G_A_Non-Ref,1.22,1.08,1.05,1.11,1.23,0.28,0.10,0.07,0.15,0.29,0.18,1.13,1.82E-02,0.071,Non_sig
rs13385731,rs13385731_C_T_Non-Ref,1.28,1.20,1.35,1.57,1.08,0.36,0.26,0.43,0.65,0.11,0.36,1.29,1.53E-02,0.064,Non_sig
rs13397,rs13397_A_G_Non-Ref,0.93,0.59,0.65,0.76,0.55,-0.10,-0.77,-0.62,-0.39,-0.87,-0.55,0.68,1.62E-02,0.065,Non_sig
rs1341666,rs1341666_G_C_Non-Ref,1.20,1.03,1.31,1.22,1.19,0.27,0.05,0.39,0.28,0.25,0.25,1.19,1.13E-02,0.055,Non_sig
rs13425999,rs13425999_T_C_Non-Ref,1.34,1.20,2.00,2.39,1.22,0.42,0.26,1.00,1.26,0.29,0.64,1.56,3.39E-02,0.105,Non_sig
rs13433386,rs13433386_G_A_Non-Ref,0.58,0.99,1.04,0.48,1.02,-0.79,-0.02,0.05,-1.05,0.03,-0.35,0.78,2.06E-01,0.343,Non_sig
rs1377586,rs1377586_A_G_Non-Ref,0.64,0.87,0.70,0.88,0.60,-0.65,-0.20,-0.52,-0.18,-0.73,-0.46,0.73,1.58E-02,0.064,Non_sig
rs140074062,rs140074062_T_C_Non-Ref,0.81,0.95,1.23,0.93,1.01,-0.30,-0.07,0.30,-0.11,0.01,-0.03,0.98,7.53E-01,0.849,Non_sig
rs142335893,rs142335893_C_T_Non-Ref,0.78,0.72,0.89,0.90,0.96,-0.35,-0.47,-0.17,-0.15,-0.06,-0.24,0.85,3.03E-02,0.097,Non_sig
rs142373084,rs142373084_C_A_Non-Ref,0.89,0.79,0.89,0.82,0.82,-0.17,-0.33,-0.17,-0.29,-0.29,-0.25,0.84,1.83E-03,0.016,Sig
rs143846731,rs143846731_C_G_Non-Ref,0.92,0.99,0.98,0.97,0.99,-0.11,-0.01,-0.02,-0.04,-0.01,-0.04,0.97,1.03E-01,0.210,Non_sig
rs144642710,rs144642710_C_T_Non-Ref,0.86,0.79,0.86,0.64,0.99,-0.22,-0.33,-0.22,-0.65,-0.01,-0.29,0.82,5.14E-02,0.138,Non_sig
rs1453560,rs1453560_G_T_Non-Ref,0.99,0.82,1.00,1.02,1.30,-0.02,-0.29,0.00,0.03,0.38,0.02,1.01,8.50E-01,0.912,Non_sig
rs146192187,rs146192187_T_C_Non-Ref,1.35,1.13,1.52,0.88,1.07,0.44,0.18,0.60,-0.18,0.10,0.23,1.17,1.67E-01,0.293,Non_sig
rs1471778,rs1471778_A_G_Non-Ref,1.06,0.98,0.96,0.86,1.05,0.09,-0.03,-0.06,-0.23,0.07,-0.03,0.98,6.25E-01,0.754,Non_sig
rs1478900,rs1478900_T_C_Non-Ref,0.80,0.90,1.39,1.00,1.46,-0.31,-0.15,0.48,0.00,0.55,0.11,1.08,5.50E-01,0.689,Non_sig
rs149169329,rs149169329_T_C_Non-Ref,0.94,1.01,1.50,1.29,1.05,-0.10,0.01,0.59,0.37,0.07,0.19,1.14,2.12E-01,0.350,Non_sig
rs149819751,rs149819751_A_G_Non-Ref,1.37,0.99,1.77,1.26,1.46,0.46,-0.01,0.82,0.33,0.54,0.43,1.35,3.47E-02,0.106,Non_sig
rs149965743,rs149965743_A_G_Non-Ref,1.36,1.13,0.92,0.97,0.97,0.44,0.18,-0.11,-0.05,-0.04,0.08,1.06,4.63E-01,0.605,Non_sig
rs150241951,rs150241951_T_C_Non-Ref,1.07,1.17,1.18,1.25,1.35,0.10,0.22,0.24,0.32,0.43,0.26,1.20,9.25E-03,0.049,Sig
rs150803188,rs150803188_A_G_Non-Ref,0.67,1.14,0.61,0.78,0.64,-0.57,0.19,-0.72,-0.35,-0.65,-0.42,0.75,6.35E-02,0.157,Non_sig
rs1545445,rs1545445_A_T_Non-Ref,0.75,0.78,0.44,0.42,0.86,-0.41,-0.36,-1.20,-1.25,-0.21,-0.69,0.62,3.64E-02,0.109,Non_sig
rs1551559,rs1551559_T_C_Non-Ref,1.10,1.08,1.27,1.10,0.90,0.14,0.11,0.35,0.14,-0.15,0.12,1.08,2.19E-01,0.356,Non_sig
rs1602191,rs1602191_G_T_Non-Ref,0.71,0.89,1.01,0.99,0.89,-0.50,-0.17,0.01,-0.01,-0.16,-0.17,0.89,1.43E-01,0.268,Non_sig
rs1616369,rs1616369_G_A_Non-Ref,1.02,1.00,0.97,1.05,1.02,0.03,0.00,-0.04,0.08,0.03,0.02,1.01,3.99E-01,0.547,Non_sig
rs16922400,rs16922400_T_C_Non-Ref,0.95,0.56,0.53,0.55,0.71,-0.08,-0.83,-0.91,-0.87,-0.50,-0.64,0.64,1.52E-02,0.064,Non_sig
rs16922458,rs16922458_T_G_Non-Ref,0.62,0.68,0.72,0.47,0.72,-0.68,-0.57,-0.47,-1.08,-0.47,-0.66,0.63,4.52E-03,0.027,Sig
rs16922461,rs16922461_A_G_Non-Ref,0.97,0.96,0.85,1.02,1.02,-0.04,-0.05,-0.23,0.03,0.03,-0.05,0.96,3.17E-01,0.474,Non_sig
rs16922472,rs16922472_T_A_Non-Ref,1.57,2.46,1.68,1.73,1.65,0.65,1.30,0.74,0.79,0.72,0.84,1.79,1.98E-03,0.017,Sig
rs17057846,rs17057846_A_G_Non-Ref,0.79,0.72,0.81,0.87,0.70,-0.35,-0.48,-0.31,-0.19,-0.52,-0.37,0.77,3.24E-03,0.023,Sig
rs1712512,rs1712512_T_A_Non-Ref,0.95,1.50,1.16,1.13,1.67,-0.08,0.59,0.21,0.17,0.74,0.33,1.25,9.21E-02,0.194,Non_sig
rs17212236,rs17212236_C_G_Non-Ref,1.30,1.05,0.99,1.14,1.27,0.37,0.06,-0.02,0.18,0.34,0.19,1.14,6.90E-02,0.161,Non_sig
rs17266594,rs17266594_C_T_Non-Ref,0.92,0.88,0.99,0.91,0.89,-0.11,-0.19,-0.01,-0.13,-0.17,-0.12,0.92,1.59E-02,0.064,Non_sig
rs17277503,rs17277503_A_G_Non-Ref,1.54,0.84,1.16,1.20,1.10,0.62,-0.25,0.22,0.26,0.14,0.20,1.15,2.28E-01,0.366,Non_sig
rs17346550,rs17346550_C_T_Non-Ref,2.40,1.96,1.83,2.35,2.04,1.27,0.97,0.87,1.24,1.03,1.07,2.11,1.51E-04,0.003,Sig
rs17421,rs17421_C_G_Non-Ref,0.72,0.81,0.81,0.70,0.73,-0.48,-0.30,-0.30,-0.52,-0.46,-0.41,0.75,9.43E-04,0.010,Sig
rs17422,rs17422_T_A_Non-Ref-1,0.92,1.15,1.32,1.22,1.43,-0.12,0.20,0.40,0.29,0.52,0.26,1.20,7.80E-02,0.174,Non_sig
rs17422,rs17422_G_A_Non-Ref-2,0.78,1.10,1.17,0.96,1.00,-0.36,0.13,0.23,-0.06,0.00,-0.01,0.99,9.14E-01,0.952,Non_sig
rs17422,rs17422_C_A_Non-Ref-3,0.37,0.51,0.59,0.53,0.74,-1.43,-0.96,-0.77,-0.92,-0.44,-0.90,0.53,4.79E-03,0.029,Sig
rs17425212,rs17425212_T_C_Non-Ref,1.38,1.36,1.19,1.09,0.94,0.47,0.44,0.25,0.12,-0.09,0.24,1.18,8.39E-02,0.181,Non_sig
rs17435,rs17435_A_T_Non-Ref,1.05,1.16,1.04,1.10,0.96,0.06,0.21,0.05,0.14,-0.06,0.08,1.06,1.56E-01,0.281,Non_sig
rs17676923,rs17676923_T_C_Non-Ref,0.82,0.92,0.81,0.60,0.61,-0.28,-0.13,-0.31,-0.73,-0.72,-0.43,0.74,2.45E-02,0.083,Non_sig
rs17849501,rs17849501_T_C_Non-Ref,0.97,0.92,0.76,1.21,1.17,-0.04,-0.13,-0.40,0.28,0.23,-0.01,0.99,9.15E-01,0.952,Non_sig
rs1804182,rs1804182_A_G_Non-Ref,2.04,2.46,1.93,2.26,2.39,1.03,1.30,0.95,1.17,1.26,1.14,2.21,7.08E-05,0.003,Sig
rs1806356,rs1806356_A_G_Non-Ref,1.49,1.06,0.91,1.06,0.84,0.58,0.09,-0.14,0.09,-0.25,0.07,1.05,6.30E-01,0.756,Non_sig
rs1807560,rs1807560_A_G_Non-Ref,0.92,1.02,0.94,0.93,0.95,-0.13,0.03,-0.09,-0.10,-0.08,-0.07,0.95,5.88E-02,0.150,Non_sig
rs180769054,rs180769054_A_G_Non-Ref,0.90,0.95,1.02,0.94,1.00,-0.15,-0.07,0.03,-0.08,0.00,-0.06,0.96,1.46E-01,0.271,Non_sig
rs1883832,rs1883832_C_T_Non-Ref,1.07,1.04,1.20,1.19,1.14,0.10,0.05,0.26,0.25,0.19,0.17,1.13,1.52E-02,0.064,Non_sig
rs1884738,rs1884738_G_C_Non-Ref,0.40,0.60,0.56,0.66,0.61,-1.34,-0.73,-0.84,-0.60,-0.70,-0.84,0.56,2.85E-03,0.021,Sig
rs1894650,rs1894650_A_C_Non-Ref-1,1.22,1.50,0.95,1.04,1.10,0.29,0.58,-0.07,0.06,0.14,0.20,1.15,1.47E-01,0.273,Non_sig
rs1894650,rs1894650_G_C_Non-Ref-2,1.20,1.08,1.22,1.08,1.33,0.27,0.12,0.29,0.11,0.42,0.24,1.18,1.47E-02,0.063,Non_sig
rs189778766,rs189778766_T_G_Non-Ref,1.24,0.77,1.70,2.25,2.93,0.32,-0.37,0.77,1.17,1.55,0.69,1.61,1.09E-01,0.220,Non_sig
rs1930975,rs1930975_C_A_Non-Ref,1.04,1.04,1.02,1.07,1.12,0.05,0.06,0.04,0.10,0.16,0.08,1.06,2.21E-02,0.078,Non_sig
rs1930980,rs1930980_G_C_Non-Ref,1.17,1.07,1.10,1.10,1.14,0.23,0.10,0.14,0.13,0.19,0.16,1.12,2.25E-03,0.018,Sig
rs1930991,rs1930991_C_G_Non-Ref,1.01,0.83,1.00,0.74,0.89,0.02,-0.26,0.00,-0.44,-0.17,-0.17,0.89,1.16E-01,0.228,Non_sig
rs1930992,rs1930992_G_T_Non-Ref,0.92,1.05,0.86,0.90,1.11,-0.12,0.07,-0.21,-0.15,0.15,-0.05,0.97,5.10E-01,0.651,Non_sig
rs1967450,rs1967450_T_C_Non-Ref,0.72,0.82,0.53,0.59,0.89,-0.48,-0.29,-0.92,-0.76,-0.17,-0.52,0.69,1.97E-02,0.073,Non_sig
rs2002063,rs2002063_C_T_Non-Ref,0.77,0.83,0.82,0.85,0.78,-0.37,-0.27,-0.29,-0.24,-0.36,-0.30,0.81,3.02E-04,0.005,Sig
rs2007132,rs2007132_T_G_Non-Ref,0.91,0.81,0.71,0.84,0.67,-0.13,-0.31,-0.50,-0.24,-0.59,-0.35,0.78,1.29E-02,0.058,Non_sig
rs200906779,rs200906779_G_T_Non-Ref,1.05,1.56,0.72,1.26,1.46,0.07,0.64,-0.48,0.33,0.55,0.22,1.17,3.31E-01,0.482,Non_sig
rs2011390,rs2011390_G_A_Non-Ref,1.09,0.90,0.83,0.94,0.91,0.12,-0.15,-0.27,-0.09,-0.14,-0.11,0.93,1.76E-01,0.305,Non_sig
rs2026623,rs2026623_A_G_Non-Ref,1.00,1.14,1.11,0.89,1.10,0.00,0.18,0.15,-0.17,0.13,0.06,1.04,4.21E-01,0.570,Non_sig
rs204138,rs204138_A_G_Non-Ref,1.24,0.74,0.99,0.76,0.86,0.31,-0.42,-0.01,-0.40,-0.22,-0.15,0.90,3.37E-01,0.486,Non_sig
rs204139,rs204139_T_A_Non-Ref,0.99,0.93,0.92,1.10,1.06,-0.01,-0.11,-0.12,0.13,0.09,0.00,1.00,9.43E-01,0.967,Non_sig
rs204140,rs204140_G_A_Non-Ref,0.85,0.68,0.75,0.36,0.84,-0.23,-0.56,-0.42,-1.49,-0.26,-0.59,0.66,6.42E-02,0.157,Non_sig
rs204153,rs204153_T_C_Non-Ref,1.08,1.13,0.97,1.27,1.20,0.11,0.18,-0.05,0.34,0.27,0.17,1.12,6.62E-02,0.159,Non_sig
rs2041670,rs2041670_A_G_Non-Ref,1.15,0.77,0.90,1.78,1.09,0.20,-0.37,-0.15,0.83,0.13,0.13,1.09,5.67E-01,0.704,Non_sig
rs2052445,rs2052445_G_A_Non-Ref,0.67,1.18,0.98,1.16,0.70,-0.57,0.23,-0.03,0.21,-0.51,-0.13,0.91,4.81E-01,0.622,Non_sig
rs205264,rs205264_G_A_Non-Ref,0.60,0.42,0.50,0.61,0.48,-0.73,-1.26,-0.99,-0.71,-1.06,-0.95,0.52,7.90E-04,0.010,Sig
rs205267,rs205267_T_C_Non-Ref,0.73,0.98,0.96,0.83,0.95,-0.45,-0.03,-0.05,-0.26,-0.07,-0.17,0.89,9.83E-02,0.203,Non_sig
rs2058531,rs2058531_C_T_Non-Ref,1.07,1.06,0.77,1.15,0.88,0.09,0.08,-0.37,0.21,-0.19,-0.04,0.98,7.52E-01,0.849,Non_sig
rs2069235,rs2069235_A_G_Non-Ref,1.12,1.40,1.31,1.56,1.14,0.17,0.48,0.39,0.64,0.19,0.37,1.30,1.39E-02,0.060,Non_sig
rs2071132,rs2071132_A_G_Non-Ref,0.80,0.80,0.90,0.97,0.85,-0.32,-0.31,-0.16,-0.04,-0.23,-0.21,0.86,1.56E-02,0.064,Non_sig
rs2071133,rs2071133_T_C_Non-Ref,1.17,1.18,1.57,0.82,1.19,0.23,0.24,0.65,-0.29,0.25,0.22,1.16,2.20E-01,0.357,Non_sig
rs2071920,rs2071920_T_C_Non-Ref,1.25,1.35,1.14,1.11,1.07,0.33,0.43,0.19,0.15,0.10,0.24,1.18,1.63E-02,0.065,Non_sig
rs2075742,rs2075742_C_G_Non-Ref,0.71,0.99,0.93,1.21,1.17,-0.49,-0.01,-0.10,0.28,0.23,-0.02,0.99,9.09E-01,0.951,Non_sig
rs2087507,rs2087507_T_G_Non-Ref,0.42,0.64,0.43,0.46,0.49,-1.27,-0.65,-1.22,-1.12,-1.04,-1.06,0.48,6.23E-04,0.009,Sig
rs2124907,rs2124907_A_T_Non-Ref,0.99,0.86,0.96,0.93,0.91,-0.02,-0.21,-0.05,-0.11,-0.14,-0.11,0.93,3.57E-02,0.108,Non_sig
rs2124909,rs2124909_A_C_Non-Ref,1.28,0.95,1.07,0.73,1.01,0.36,-0.08,0.10,-0.45,0.01,-0.01,0.99,9.35E-01,0.960,Non_sig
rs2145786,rs2145786_A_G_Non-Ref,1.05,0.96,1.19,1.07,0.94,0.07,-0.06,0.25,0.10,-0.09,0.05,1.04,4.30E-01,0.577,Non_sig
rs2148947,rs2148947_G_A_Non-Ref,1.36,1.33,1.47,1.17,1.47,0.45,0.41,0.56,0.23,0.56,0.44,1.36,1.81E-03,0.016,Sig
rs2168637,rs2168637_C_T_Non-Ref,1.16,0.99,0.99,0.93,0.97,0.22,-0.01,-0.02,-0.10,-0.05,0.01,1.01,8.74E-01,0.923,Non_sig
rs2183834,rs2183834_G_A_Non-Ref,0.87,0.90,0.73,0.89,0.77,-0.20,-0.15,-0.45,-0.17,-0.38,-0.27,0.83,1.07E-02,0.054,Non_sig
rs2200893,rs2200893_T_C_Non-Ref,0.91,0.74,0.74,0.82,0.73,-0.14,-0.44,-0.44,-0.29,-0.46,-0.35,0.78,4.52E-03,0.027,Sig
rs2224092,rs2224092_A_G_Non-Ref,1.05,0.95,1.03,1.13,0.88,0.07,-0.07,0.05,0.18,-0.18,0.01,1.01,9.11E-01,0.952,Non_sig
rs2250788,rs2250788_G_A_Non-Ref,0.94,0.90,0.92,0.88,0.94,-0.10,-0.14,-0.12,-0.18,-0.09,-0.13,0.92,1.61E-03,0.015,Sig
rs2251056,rs2251056_A_C_Non-Ref,2.69,1.41,1.48,1.23,2.32,1.43,0.50,0.57,0.30,1.21,0.80,1.74,2.17E-02,0.078,Non_sig
rs2254546,rs2254546_G_A_Non-Ref,0.79,0.70,0.89,0.91,0.73,-0.34,-0.51,-0.17,-0.14,-0.45,-0.32,0.80,1.19E-02,0.055,Non_sig
rs2254891,rs2254891_C_G_Non-Ref,1.18,0.98,1.21,1.03,1.01,0.24,-0.04,0.27,0.05,0.02,0.11,1.08,1.53E-01,0.278,Non_sig
rs2266886,rs2266886_C_T_Non-Ref,0.85,0.91,1.00,0.81,1.04,-0.24,-0.13,0.01,-0.31,0.06,-0.12,0.92,1.50E-01,0.276,Non_sig
rs2268325,rs2268325_A_G_Non-Ref,1.23,1.50,1.89,1.44,1.00,0.30,0.59,0.92,0.53,-0.01,0.46,1.38,3.94E-02,0.115,Non_sig
rs2276362,rs2276362_G_A_Non-Ref,0.84,0.89,1.14,0.75,1.23,-0.25,-0.16,0.19,-0.42,0.30,-0.07,0.95,6.28E-01,0.755,Non_sig
rs2277920,rs2277920_C_T_Non-Ref,0.82,0.85,1.03,0.97,0.93,-0.28,-0.24,0.05,-0.04,-0.10,-0.12,0.92,1.15E-01,0.227,Non_sig
rs2282620,rs2282620_T_C_Non-Ref,1.34,1.30,1.47,1.36,1.20,0.42,0.38,0.55,0.45,0.26,0.41,1.33,9.14E-04,0.010,Sig
rs2282621,rs2282621_T_C_Non-Ref,2.51,2.76,2.42,2.38,2.60,1.33,1.46,1.28,1.25,1.38,1.34,2.53,3.95E-06,0.000,Sig
rs2284649,rs2284649_A_G_Non-Ref,1.15,0.91,0.94,0.88,1.12,0.20,-0.14,-0.08,-0.18,0.16,-0.01,1.00,9.33E-01,0.960,Non_sig
rs2293370,rs2293370_A_G_Non-Ref,1.07,0.88,0.84,0.82,0.77,0.09,-0.19,-0.25,-0.29,-0.38,-0.20,0.87,6.41E-02,0.157,Non_sig
rs2293607,rs2293607_C_T_Non-Ref,0.90,1.46,1.17,1.18,1.32,-0.16,0.55,0.22,0.24,0.40,0.25,1.19,9.92E-02,0.204,Non_sig
rs2305249,rs2305249_A_G_Non-Ref,0.97,0.89,1.00,1.20,1.03,-0.04,-0.17,0.00,0.27,0.05,0.02,1.02,7.76E-01,0.859,Non_sig
rs2316891,rs2316891_T_C_Non-Ref,1.20,1.16,1.02,0.98,0.73,0.26,0.22,0.03,-0.03,-0.46,0.00,1.00,9.78E-01,0.986,Non_sig
rs2385028,rs2385028_C_T_Non-Ref,1.28,1.21,1.28,0.98,1.01,0.35,0.28,0.36,-0.02,0.02,0.20,1.15,7.52E-02,0.170,Non_sig
rs2395603,rs2395603_A_G_Non-Ref,0.76,0.73,0.84,0.87,0.82,-0.40,-0.45,-0.26,-0.20,-0.29,-0.32,0.80,2.19E-03,0.018,Sig
rs2395614,rs2395614_T_C_Non-Ref,0.73,0.76,0.73,0.78,0.83,-0.44,-0.40,-0.45,-0.37,-0.26,-0.38,0.77,3.34E-04,0.006,Sig
rs2395621,rs2395621_G_A_Non-Ref,1.27,1.01,1.17,1.10,1.02,0.35,0.01,0.23,0.14,0.02,0.15,1.11,7.93E-02,0.176,Non_sig
rs2421050,rs2421050_C_T_Non-Ref,1.11,1.02,0.95,0.97,1.09,0.15,0.03,-0.08,-0.04,0.12,0.04,1.03,4.48E-01,0.592,Non_sig
rs2469434,rs2469434_C_T_Non-Ref,1.18,1.40,1.46,1.52,1.08,0.24,0.48,0.55,0.61,0.11,0.40,1.32,1.34E-02,0.059,Non_sig
rs2569693,rs2569693_T_C_Non-Ref,1.11,1.06,0.96,0.93,1.08,0.15,0.08,-0.07,-0.11,0.11,0.03,1.02,5.68E-01,0.704,Non_sig
rs2607014,rs2607014_A_G_Non-Ref,0.37,0.32,0.34,0.32,0.26,-1.43,-1.63,-1.56,-1.63,-1.92,-1.63,0.32,3.39E-05,0.002,Sig
rs2667971,rs2667971_C_T_Non-Ref,2.65,2.22,1.52,1.56,1.77,1.40,1.15,0.61,0.65,0.82,0.93,1.90,3.77E-03,0.025,Sig
rs2667976,rs2667976_A_C_Non-Ref,0.73,0.79,0.62,0.53,0.59,-0.46,-0.34,-0.68,-0.92,-0.77,-0.63,0.64,3.86E-03,0.025,Sig
rs2667990,rs2667990_G_C_Non-Ref,0.88,1.10,0.90,1.01,0.89,-0.18,0.14,-0.15,0.02,-0.18,-0.07,0.95,3.44E-01,0.492,Non_sig
rs268124,rs268124_T_C_Non-Ref,0.92,1.01,0.69,1.01,0.99,-0.13,0.01,-0.53,0.02,-0.02,-0.13,0.91,2.79E-01,0.426,Non_sig
rs2719235,rs2719235_G_T_Non-Ref,1.00,0.98,0.99,0.98,0.97,0.00,-0.03,-0.01,-0.03,-0.05,-0.02,0.98,6.66E-02,0.159,Non_sig
rs2719236,rs2719236_C_T_Non-Ref,0.94,0.94,1.20,1.49,1.18,-0.08,-0.09,0.26,0.58,0.24,0.18,1.13,2.16E-01,0.352,Non_sig
rs2719243,rs2719243_C_T_Non-Ref,1.24,1.24,1.12,1.18,1.32,0.31,0.31,0.17,0.24,0.40,0.29,1.22,1.85E-03,0.016,Sig
rs2732567,rs2732567_G_A_Non-Ref,1.10,1.07,0.95,1.02,1.34,0.14,0.10,-0.07,0.02,0.42,0.12,1.09,2.09E-01,0.346,Non_sig
rs2736345,rs2736345_G_A_Non-Ref,0.78,0.90,0.89,0.90,1.02,-0.35,-0.16,-0.16,-0.16,0.03,-0.16,0.90,5.51E-02,0.144,Non_sig
rs280497,rs280497_G_A_Non-Ref,0.93,1.03,1.03,1.10,1.03,-0.10,0.05,0.04,0.13,0.04,0.03,1.02,4.52E-01,0.594,Non_sig
rs280519,rs280519_G_A_Non-Ref,1.03,1.08,1.03,0.96,1.04,0.04,0.10,0.05,-0.06,0.05,0.04,1.03,2.60E-01,0.408,Non_sig
rs28360525,rs28360525_A_G_Non-Ref,0.89,0.82,1.01,0.92,0.87,-0.16,-0.28,0.02,-0.11,-0.20,-0.15,0.90,3.97E-02,0.116,Non_sig
rs28364617,rs28364617_G_T_Non-Ref-1,0.98,1.14,0.93,1.39,1.30,-0.02,0.19,-0.10,0.47,0.38,0.18,1.13,1.73E-01,0.302,Non_sig
rs28364617,rs28364617_C_T_Non-Ref-2,1.03,1.27,0.79,0.93,0.77,0.05,0.35,-0.33,-0.11,-0.37,-0.08,0.94,5.67E-01,0.704,Non_sig
rs28364617,rs28364617_A_T_Non-Ref-3,1.05,1.15,0.76,1.05,0.98,0.07,0.21,-0.41,0.07,-0.03,-0.02,0.99,8.79E-01,0.927,Non_sig
rs28392589,rs28392589_G_A_Non-Ref,0.93,1.04,1.07,1.05,1.14,-0.10,0.06,0.09,0.07,0.18,0.06,1.04,2.70E-01,0.414,Non_sig
rs28420939,rs28420939_T_A_Non-Ref,0.92,0.84,0.93,0.76,0.83,-0.12,-0.26,-0.10,-0.39,-0.27,-0.23,0.86,1.35E-02,0.059,Non_sig
rs2849018,rs2849018_C_T_Non-Ref,0.89,1.13,1.09,0.98,1.01,-0.17,0.17,0.13,-0.04,0.02,0.02,1.02,7.24E-01,0.829,Non_sig
rs28537796,rs28537796_T_C_Non-Ref,1.26,1.16,1.21,1.17,0.96,0.33,0.21,0.28,0.22,-0.06,0.20,1.15,4.27E-02,0.120,Non_sig
rs28580691,rs28580691_C_T_Non-Ref,0.74,0.79,0.69,0.78,0.96,-0.43,-0.35,-0.53,-0.36,-0.07,-0.35,0.79,1.11E-02,0.054,Non_sig
rs28626750,rs28626750_G_A_Non-Ref,2.38,1.98,1.99,2.34,1.54,1.25,0.98,1.00,1.22,0.62,1.01,2.02,8.41E-04,0.010,Sig
rs28648398,rs28648398_C_G_Non-Ref,1.05,0.87,0.93,0.94,1.02,0.08,-0.19,-0.10,-0.10,0.02,-0.06,0.96,2.85E-01,0.434,Non_sig
rs2873173,rs2873173_A_G_Non-Ref,1.07,1.00,1.02,1.01,1.04,0.10,0.00,0.03,0.02,0.06,0.04,1.03,7.58E-02,0.170,Non_sig
rs2873174,rs2873174_G_A_Non-Ref,0.96,0.92,0.87,1.17,1.15,-0.07,-0.12,-0.20,0.22,0.21,0.01,1.01,9.31E-01,0.960,Non_sig
rs2940730,rs2940730_C_T_Non-Ref,1.23,0.84,1.27,0.88,0.95,0.30,-0.26,0.35,-0.18,-0.07,0.03,1.02,8.38E-01,0.906,Non_sig
rs2943245,rs2943245_T_C_Non-Ref,0.77,0.82,0.86,1.19,1.09,-0.38,-0.28,-0.22,0.25,0.12,-0.10,0.93,4.50E-01,0.594,Non_sig
rs2943255,rs2943255_C_A_Non-Ref,1.02,0.92,1.12,1.04,0.91,0.03,-0.12,0.16,0.06,-0.13,0.00,1.00,9.91E-01,0.992,Non_sig
rs3027878,rs3027878_A_C_Non-Ref,3.03,3.34,2.31,2.90,2.17,1.60,1.74,1.21,1.54,1.12,1.44,2.71,2.65E-04,0.005,Sig
rs3101018,rs3101018_T_C_Non-Ref,0.81,0.83,0.83,0.84,0.78,-0.31,-0.28,-0.27,-0.25,-0.35,-0.29,0.82,7.89E-05,0.003,Sig
rs3115671,rs3115671_T_G_Non-Ref,1.31,1.11,1.01,1.06,1.26,0.39,0.15,0.02,0.09,0.33,0.20,1.15,5.01E-02,0.136,Non_sig
rs3117575,rs3117575_C_T_Non-Ref,0.96,0.97,0.94,1.02,0.85,-0.06,-0.05,-0.09,0.03,-0.23,-0.08,0.95,1.43E-01,0.268,Non_sig
rs3117577,rs3117577_G_A_Non-Ref,1.07,1.09,0.99,0.95,1.13,0.10,0.12,-0.01,-0.07,0.17,0.06,1.04,2.28E-01,0.366,Non_sig
rs3117582,rs3117582_G_T_Non-Ref,0.87,0.83,0.94,0.86,0.88,-0.20,-0.27,-0.08,-0.22,-0.19,-0.19,0.87,3.07E-03,0.022,Sig
rs3129927,rs3129927_C_A_Non-Ref,0.77,0.89,0.99,0.94,0.92,-0.37,-0.17,-0.01,-0.09,-0.12,-0.15,0.90,6.75E-02,0.159,Non_sig
rs3129950,rs3129950_C_G_Non-Ref,0.55,0.43,0.42,0.46,0.49,-0.85,-1.23,-1.25,-1.12,-1.04,-1.10,0.47,1.05E-04,0.003,Sig
rs3130288,rs3130288_A_C_Non-Ref,0.92,0.91,0.99,0.88,0.95,-0.12,-0.14,-0.01,-0.18,-0.07,-0.11,0.93,2.26E-02,0.079,Non_sig
rs3130490,rs3130490_T_G_Non-Ref,0.91,0.90,0.80,0.97,0.81,-0.13,-0.16,-0.33,-0.04,-0.31,-0.19,0.87,2.57E-02,0.086,Non_sig
rs3131383,rs3131383_T_G_Non-Ref,1.11,1.01,0.88,1.02,1.04,0.15,0.01,-0.19,0.03,0.06,0.01,1.01,8.39E-01,0.906,Non_sig
rs3210879,rs3210879_C_T_Non-Ref,0.97,0.90,0.98,0.95,0.97,-0.04,-0.15,-0.03,-0.07,-0.04,-0.07,0.96,4.27E-02,0.120,Non_sig
rs34016964,rs34016964_T_G_Non-Ref,1.28,1.27,1.19,1.25,1.14,0.36,0.35,0.25,0.32,0.19,0.29,1.23,7.06E-04,0.009,Sig
rs340638,rs340638_T_C_Non-Ref,1.17,1.08,1.24,1.39,1.22,0.23,0.11,0.31,0.47,0.28,0.28,1.22,8.84E-03,0.048,Sig
rs340642,rs340642_T_C_Non-Ref,1.04,1.81,1.64,1.15,1.01,0.05,0.85,0.72,0.21,0.02,0.37,1.29,1.01E-01,0.206,Non_sig
rs340651,rs340651_T_C_Non-Ref,0.69,0.70,0.72,0.65,0.59,-0.54,-0.52,-0.48,-0.62,-0.76,-0.58,0.67,3.09E-04,0.005,Sig
rs34169613,rs34169613_T_C_Non-Ref,0.96,1.09,1.06,0.90,1.05,-0.06,0.12,0.08,-0.15,0.08,0.01,1.01,7.87E-01,0.868,Non_sig
rs34288126,rs34288126_A_G_Non-Ref,0.98,1.05,1.18,0.91,0.90,-0.02,0.07,0.24,-0.14,-0.16,0.00,1.00,9.73E-01,0.984,Non_sig
rs34350562,rs34350562_G_A_Non-Ref,0.96,1.37,1.02,0.75,0.96,-0.05,0.46,0.02,-0.41,-0.06,-0.01,0.99,9.48E-01,0.971,Non_sig
rs34499196,rs34499196_A_G_Non-Ref,0.83,0.97,0.74,0.86,0.90,-0.27,-0.04,-0.43,-0.22,-0.16,-0.22,0.86,2.62E-02,0.088,Non_sig
rs34516015,rs34516015_A_T_Non-Ref,0.91,1.12,1.98,0.77,1.38,-0.13,0.16,0.98,-0.37,0.47,0.22,1.17,4.00E-01,0.547,Non_sig
rs34591253,rs34591253_T_C_Non-Ref,2.30,0.75,0.85,2.25,1.37,1.20,-0.41,-0.23,1.17,0.45,0.44,1.35,2.66E-01,0.411,Non_sig
rs34741518,rs34741518_C_A_Non-Ref,1.12,1.16,1.00,0.95,1.08,0.16,0.21,-0.01,-0.07,0.11,0.08,1.06,1.96E-01,0.331,Non_sig
rs34749007,rs34749007_A_G_Non-Ref,0.96,1.02,0.95,0.99,0.97,-0.06,0.03,-0.07,-0.01,-0.05,-0.03,0.98,1.53E-01,0.278,Non_sig
rs34767000,rs34767000_T_A_Non-Ref-1,0.91,0.98,0.94,0.98,0.94,-0.13,-0.03,-0.09,-0.02,-0.09,-0.07,0.95,2.25E-02,0.079,Non_sig
rs34767000,rs34767000_G_A_Non-Ref-2,0.98,0.99,1.05,0.91,1.00,-0.03,-0.01,0.07,-0.13,0.00,-0.02,0.98,5.44E-01,0.685,Non_sig
rs34767000,rs34767000_C_A_Non-Ref-3,1.08,0.87,0.94,0.90,1.01,0.11,-0.21,-0.09,-0.15,0.02,-0.06,0.96,3.22E-01,0.478,Non_sig
rs34767118,rs34767118_G_A_Non-Ref,1.38,1.28,1.04,1.37,1.31,0.47,0.36,0.06,0.45,0.39,0.35,1.27,1.00E-02,0.052,Non_sig
rs34888374,rs34888374_A_G_Non-Ref,0.92,0.82,0.70,0.93,0.96,-0.12,-0.29,-0.52,-0.11,-0.06,-0.22,0.86,5.94E-02,0.150,Non_sig
rs35088469,rs35088469_T_C_Non-Ref,0.93,0.71,0.72,0.82,0.66,-0.11,-0.49,-0.47,-0.28,-0.61,-0.39,0.76,1.14E-02,0.055,Non_sig
rs35103554,rs35103554_A_G_Non-Ref,0.63,0.46,0.51,0.78,0.53,-0.66,-1.13,-0.96,-0.35,-0.92,-0.81,0.57,4.10E-03,0.026,Sig
rs35144535,rs35144535_G_A_Non-Ref,1.57,1.15,1.65,1.04,1.50,0.65,0.20,0.73,0.06,0.59,0.45,1.36,2.75E-02,0.090,Non_sig
rs35203657,rs35203657_C_G_Non-Ref,1.09,1.03,1.15,1.03,0.96,0.12,0.04,0.20,0.04,-0.06,0.07,1.05,1.98E-01,0.333,Non_sig
rs35284336,rs35284336_C_G_Non-Ref,0.98,1.23,1.41,1.05,1.52,-0.03,0.30,0.50,0.08,0.60,0.29,1.22,7.48E-02,0.170,Non_sig
rs35285054,rs35285054_A_G_Non-Ref,0.92,0.87,0.89,0.87,0.91,-0.12,-0.19,-0.16,-0.20,-0.13,-0.16,0.89,4.84E-04,0.007,Sig
rs35314490,rs35314490_A_G_Non-Ref,1.15,1.00,0.74,1.03,0.89,0.20,0.00,-0.44,0.04,-0.18,-0.08,0.95,5.26E-01,0.667,Non_sig
rs35354193,rs35354193_A_G_Non-Ref,1.00,1.35,0.50,0.91,0.72,0.00,0.43,-1.01,-0.13,-0.48,-0.24,0.85,3.81E-01,0.534,Non_sig
rs35369977,rs35369977_G_A_Non-Ref,0.89,0.96,0.89,1.00,0.90,-0.17,-0.05,-0.17,0.00,-0.16,-0.11,0.93,3.42E-02,0.105,Non_sig
rs35393613,rs35393613_T_C_Non-Ref,1.12,1.42,1.82,0.96,1.47,0.16,0.51,0.86,-0.06,0.55,0.40,1.32,6.67E-02,0.159,Non_sig
rs35414340,rs35414340_T_C_Non-Ref,1.86,0.74,1.12,1.24,2.01,0.90,-0.43,0.17,0.31,1.01,0.39,1.31,2.10E-01,0.347,Non_sig
rs35429892,rs35429892_A_G_Non-Ref,0.94,1.05,1.12,0.86,1.10,-0.09,0.07,0.16,-0.21,0.13,0.01,1.01,8.65E-01,0.920,Non_sig
rs35598880,rs35598880_G_A_Non-Ref,1.06,0.87,1.05,1.15,0.91,0.08,-0.20,0.08,0.20,-0.13,0.00,1.00,9.62E-01,0.977,Non_sig
rs35789143,rs35789143_A_G_Non-Ref,1.04,1.00,1.08,1.22,1.12,0.06,0.01,0.11,0.28,0.16,0.12,1.09,6.10E-02,0.153,Non_sig
rs35940001,rs35940001_T_C_Non-Ref,1.53,1.13,0.90,0.91,1.01,0.62,0.18,-0.16,-0.14,0.02,0.10,1.07,5.05E-01,0.649,Non_sig
rs36097841,rs36097841_A_G_Non-Ref,1.49,0.77,1.43,1.01,1.73,0.57,-0.38,0.51,0.01,0.79,0.30,1.23,2.29E-01,0.366,Non_sig
rs367665303,rs367665303_A_G_Non-Ref,1.03,1.65,1.45,1.26,1.42,0.05,0.72,0.53,0.34,0.50,0.43,1.35,1.93E-02,0.072,Non_sig
rs374888,rs374888_A_G_Non-Ref,1.13,1.00,1.16,1.03,1.01,0.18,0.00,0.22,0.05,0.02,0.09,1.07,9.99E-02,0.205,Non_sig
rs375795,rs375795_T_C_Non-Ref,1.04,0.99,0.96,0.91,1.13,0.05,-0.01,-0.05,-0.13,0.17,0.01,1.00,9.14E-01,0.952,Non_sig
rs3765107,rs3765107_G_A_Non-Ref,1.12,0.99,0.98,0.95,1.09,0.16,-0.01,-0.03,-0.07,0.13,0.04,1.03,4.51E-01,0.594,Non_sig
rs3777744,rs3777744_G_A_Non-Ref,0.68,0.64,0.65,0.63,0.58,-0.56,-0.64,-0.62,-0.67,-0.79,-0.66,0.63,6.30E-05,0.002,Sig
rs3786042,rs3786042_T_C_Non-Ref,1.21,1.26,1.24,0.88,1.27,0.27,0.33,0.31,-0.18,0.35,0.22,1.16,9.73E-02,0.202,Non_sig
rs3787330,rs3787330_G_T_Non-Ref,1.18,0.63,0.79,0.97,1.16,0.23,-0.67,-0.35,-0.05,0.21,-0.12,0.92,5.10E-01,0.651,Non_sig
rs3800385,rs3800385_T_G_Non-Ref,1.09,1.11,0.97,0.96,0.95,0.12,0.14,-0.05,-0.07,-0.07,0.02,1.01,7.47E-01,0.847,Non_sig
rs3800396,rs3800396_A_C_Non-Ref,0.98,0.95,0.38,0.69,0.45,-0.03,-0.07,-1.40,-0.54,-1.16,-0.64,0.64,8.26E-02,0.180,Non_sig
rs3893661,rs3893661_G_C_Non-Ref,0.63,0.72,0.83,0.73,0.97,-0.67,-0.47,-0.27,-0.46,-0.04,-0.38,0.77,2.21E-02,0.078,Non_sig
rs4029980,rs4029980_C_T_Non-Ref,1.10,1.16,1.15,1.05,1.30,0.14,0.21,0.20,0.07,0.38,0.20,1.15,1.66E-02,0.066,Non_sig
rs404977,rs404977_G_A_Non-Ref,0.90,1.08,0.77,1.22,0.98,-0.16,0.11,-0.38,0.28,-0.03,-0.04,0.98,7.71E-01,0.857,Non_sig
rs41272536,rs41272536_G_A_Non-Ref,0.88,0.80,0.51,0.73,0.77,-0.19,-0.32,-0.98,-0.45,-0.37,-0.46,0.73,2.77E-02,0.090,Non_sig
rs41283584,rs41283584_A_G_Non-Ref,0.90,1.07,0.85,0.86,0.94,-0.16,0.09,-0.24,-0.21,-0.08,-0.12,0.92,1.15E-01,0.227,Non_sig
rs4146203,rs4146203_G_C_Non-Ref,1.16,1.23,1.12,0.92,1.04,0.22,0.30,0.16,-0.11,0.06,0.12,1.09,1.58E-01,0.283,Non_sig
rs4239702,rs4239702_C_T_Non-Ref,0.95,0.97,0.96,0.97,0.94,-0.07,-0.04,-0.06,-0.04,-0.09,-0.06,0.96,3.04E-03,0.022,Sig
rs4273966,rs4273966_T_C_Non-Ref,1.07,1.15,1.00,1.02,1.34,0.10,0.20,0.00,0.03,0.42,0.15,1.11,1.17E-01,0.229,Non_sig
rs4438945,rs4438945_T_C_Non-Ref,0.86,0.82,0.74,1.04,1.02,-0.22,-0.28,-0.44,0.06,0.03,-0.17,0.89,1.50E-01,0.275,Non_sig
rs4449583,rs4449583_T_C_Non-Ref,1.98,1.26,1.07,0.94,1.09,0.99,0.33,0.09,-0.09,0.13,0.29,1.22,1.99E-01,0.333,Non_sig
rs4521894,rs4521894_C_T_Non-Ref,1.13,0.93,1.23,1.06,1.08,0.18,-0.10,0.29,0.08,0.11,0.11,1.08,1.61E-01,0.287,Non_sig
rs458361,rs458361_C_G_Non-Ref,0.93,1.35,1.37,1.30,1.50,-0.10,0.44,0.45,0.38,0.58,0.35,1.27,4.17E-02,0.120,Non_sig
rs4632147,rs4632147_T_C_Non-Ref,0.73,1.09,0.83,0.76,2.48,-0.45,0.12,-0.28,-0.40,1.31,0.06,1.04,8.64E-01,0.920,Non_sig
rs463426,rs463426_C_T_Non-Ref,0.96,0.86,0.95,0.82,0.97,-0.06,-0.21,-0.07,-0.29,-0.05,-0.13,0.91,5.03E-02,0.136,Non_sig
rs4637409,rs4637409_G_A_Non-Ref,0.87,0.97,1.10,1.45,1.14,-0.20,-0.05,0.14,0.53,0.19,0.12,1.09,3.82E-01,0.534,Non_sig
rs4657041,rs4657041_C_T_Non-Ref,0.89,0.93,0.93,0.95,0.82,-0.17,-0.10,-0.10,-0.07,-0.28,-0.14,0.91,2.00E-02,0.074,Non_sig
rs4660116,rs4660116_C_T_Non-Ref,0.72,0.82,0.89,0.94,0.82,-0.47,-0.29,-0.17,-0.09,-0.29,-0.26,0.83,1.54E-02,0.064,Non_sig
rs4680539,rs4680539_G_A_Non-Ref,1.13,0.98,1.02,1.02,0.96,0.17,-0.04,0.02,0.02,-0.05,0.03,1.02,5.35E-01,0.676,Non_sig
rs4690229,rs4690229_T_A_Non-Ref,1.28,0.76,2.96,0.90,0.81,0.36,-0.40,1.56,-0.15,-0.31,0.21,1.16,5.88E-01,0.719,Non_sig
rs4693796,rs4693796_T_C_Non-Ref,1.22,0.59,0.95,0.86,0.58,0.28,-0.76,-0.07,-0.23,-0.79,-0.31,0.81,2.03E-01,0.339,Non_sig
rs4693800,rs4693800_G_C_Non-Ref,1.20,0.80,0.87,0.71,0.95,0.27,-0.33,-0.20,-0.50,-0.08,-0.17,0.89,2.62E-01,0.410,Non_sig
rs4711411,rs4711411_G_A_Non-Ref,1.34,1.44,1.29,1.41,1.33,0.42,0.53,0.37,0.50,0.41,0.44,1.36,1.19E-04,0.003,Sig
rs4713841,rs4713841_C_T_Non-Ref,1.03,1.00,1.13,0.96,1.03,0.05,0.00,0.17,-0.05,0.05,0.04,1.03,3.30E-01,0.482,Non_sig
rs4717901,rs4717901_C_A_Non-Ref,1.00,0.80,1.08,1.08,0.74,0.00,-0.33,0.10,0.11,-0.44,-0.11,0.93,3.87E-01,0.540,Non_sig
rs4802800,rs4802800_G_C_Non-Ref,1.04,0.69,1.03,1.07,1.00,0.05,-0.54,0.04,0.10,0.01,-0.07,0.95,5.99E-01,0.729,Non_sig
rs4802801,rs4802801_C_G_Non-Ref,0.87,0.89,1.06,0.98,0.86,-0.20,-0.17,0.09,-0.02,-0.23,-0.11,0.93,1.55E-01,0.280,Non_sig
rs4826318,rs4826318_G_T_Non-Ref,1.06,1.07,1.02,0.89,1.19,0.08,0.10,0.04,-0.17,0.25,0.06,1.04,4.40E-01,0.584,Non_sig
rs4826325,rs4826325_T_C_Non-Ref,1.04,1.14,0.99,0.99,1.00,0.06,0.19,-0.01,-0.02,0.01,0.04,1.03,3.05E-01,0.458,Non_sig
rs4826335,rs4826335_G_A_Non-Ref,1.05,1.45,1.17,1.08,1.17,0.07,0.53,0.23,0.11,0.23,0.24,1.18,4.33E-02,0.121,Non_sig
rs4826336,rs4826336_T_C_Non-Ref,0.78,0.85,1.03,0.89,0.64,-0.35,-0.23,0.04,-0.17,-0.64,-0.27,0.83,7.23E-02,0.167,Non_sig
rs4826476,rs4826476_G_A_Non-Ref,1.18,1.22,1.07,1.05,1.04,0.23,0.29,0.09,0.07,0.06,0.15,1.11,3.59E-02,0.108,Non_sig
rs4826492,rs4826492_C_T_Non-Ref,1.24,0.93,1.11,0.91,1.08,0.31,-0.11,0.14,-0.14,0.11,0.06,1.05,4.91E-01,0.633,Non_sig
rs4826493,rs4826493_C_G_Non-Ref,0.90,0.83,0.67,0.87,0.73,-0.15,-0.27,-0.58,-0.20,-0.45,-0.33,0.80,1.43E-02,0.062,Non_sig
rs4826494,rs4826494_G_T_Non-Ref,1.17,0.94,0.86,1.02,1.05,0.23,-0.08,-0.21,0.02,0.07,0.00,1.00,9.55E-01,0.974,Non_sig
rs4826497,rs4826497_C_T_Non-Ref,0.85,0.89,0.85,0.74,0.99,-0.23,-0.17,-0.23,-0.43,-0.01,-0.21,0.86,3.41E-02,0.105,Non_sig
rs4826507,rs4826507_T_A_Non-Ref,0.92,1.09,1.15,0.79,0.92,-0.13,0.12,0.21,-0.34,-0.12,-0.05,0.97,6.32E-01,0.756,Non_sig
rs4826508,rs4826508_T_C_Non-Ref,1.18,1.05,1.08,0.97,1.23,0.24,0.07,0.11,-0.04,0.29,0.13,1.10,8.93E-02,0.189,Non_sig
rs4826511,rs4826511_A_G_Non-Ref,1.02,1.35,1.09,1.38,1.10,0.03,0.44,0.12,0.46,0.14,0.24,1.18,5.39E-02,0.142,Non_sig
rs4826512,rs4826512_A_G_Non-Ref-1,0.79,1.09,1.04,1.14,1.18,-0.33,0.13,0.06,0.19,0.23,0.05,1.04,6.23E-01,0.753,Non_sig
rs4826512,rs4826512_C_G_Non-Ref-2,1.07,1.23,1.22,1.39,1.40,0.10,0.29,0.29,0.47,0.49,0.33,1.26,9.81E-03,0.052,Non_sig
rs4826512,rs4826512_T_G_Non-Ref-3,0.98,1.25,1.27,1.29,1.44,-0.02,0.33,0.34,0.37,0.52,0.31,1.24,2.64E-02,0.088,Non_sig
rs4826513,rs4826513_G_A_Non-Ref,0.64,0.81,0.57,0.66,0.57,-0.65,-0.30,-0.82,-0.59,-0.81,-0.63,0.64,2.59E-03,0.020,Sig
rs4826514,rs4826514_G_T_Non-Ref,1.23,1.01,1.04,1.12,1.09,0.30,0.02,0.05,0.16,0.12,0.13,1.09,5.78E-02,0.149,Non_sig
rs4840525,rs4840525_A_C_Non-Ref,0.69,0.66,0.69,0.58,0.71,-0.55,-0.60,-0.54,-0.78,-0.49,-0.59,0.66,2.77E-04,0.005,Sig
rs4841457,rs4841457_G_T_Non-Ref,0.92,0.79,0.91,0.96,0.98,-0.12,-0.35,-0.13,-0.06,-0.03,-0.14,0.91,6.64E-02,0.159,Non_sig
rs4843323,rs4843323_T_C_Non-Ref,1.06,0.83,1.17,0.74,0.85,0.08,-0.28,0.23,-0.44,-0.24,-0.13,0.92,3.54E-01,0.504,Non_sig
rs4889542,rs4889542_C_A_Non-Ref,0.48,0.71,0.72,0.62,0.62,-1.04,-0.50,-0.48,-0.68,-0.70,-0.68,0.62,2.54E-03,0.020,Sig
rs4921502,rs4921502_A_G_Non-Ref,0.99,0.99,1.07,1.11,1.22,-0.02,-0.02,0.10,0.14,0.29,0.10,1.07,1.59E-01,0.283,Non_sig
rs4921506,rs4921506_A_T_Non-Ref,0.84,1.01,0.91,0.82,0.99,-0.25,0.01,-0.14,-0.28,-0.02,-0.14,0.91,8.23E-02,0.180,Non_sig
rs4944946,rs4944946_A_G_Non-Ref-1,0.96,0.77,1.03,0.86,0.82,-0.05,-0.37,0.04,-0.22,-0.28,-0.18,0.88,7.49E-02,0.170,Non_sig
rs4944946,rs4944946_C_G_Non-Ref-2,1.11,1.14,1.18,1.04,0.97,0.16,0.20,0.24,0.05,-0.05,0.12,1.09,8.39E-02,0.181,Non_sig
rs4944946,rs4944946_T_G_Non-Ref-3,1.01,1.07,1.14,1.03,1.01,0.01,0.10,0.19,0.04,0.02,0.07,1.05,9.67E-02,0.202,Non_sig
rs4944949,rs4944949_C_G_Non-Ref,0.87,0.58,0.96,0.90,0.73,-0.20,-0.80,-0.06,-0.16,-0.46,-0.34,0.79,6.54E-02,0.158,Non_sig
rs4944956,rs4944956_T_C_Non-Ref,1.05,1.31,1.14,0.99,1.79,0.07,0.39,0.19,-0.01,0.84,0.30,1.23,1.23E-01,0.238,Non_sig
rs4948496,rs4948496_C_T_Non-Ref,0.79,0.84,1.05,0.84,0.94,-0.35,-0.25,0.07,-0.25,-0.09,-0.17,0.89,8.21E-02,0.180,Non_sig
rs4989014,rs4989014_A_T_Non-Ref,0.94,1.03,1.12,0.83,1.24,-0.08,0.04,0.16,-0.28,0.31,0.03,1.02,7.75E-01,0.859,Non_sig
rs5029924,rs5029924_T_C_Non-Ref,0.80,0.92,0.88,0.83,0.88,-0.32,-0.12,-0.18,-0.27,-0.19,-0.22,0.86,3.51E-03,0.024,Sig
rs5029928,rs5029928_T_C_Non-Ref,1.12,0.98,0.95,1.22,0.93,0.16,-0.03,-0.07,0.28,-0.10,0.05,1.03,5.44E-01,0.685,Non_sig
rs526734,rs526734_T_C_Non-Ref,0.95,0.98,1.12,0.84,1.04,-0.07,-0.04,0.16,-0.26,0.06,-0.03,0.98,7.09E-01,0.818,Non_sig
rs530839,rs530839_G_A_Non-Ref,1.19,0.77,1.10,1.16,0.84,0.25,-0.37,0.13,0.22,-0.25,0.00,1.00,9.80E-01,0.986,Non_sig
rs538291566,rs538291566_A_G_Non-Ref,1.02,1.04,1.03,0.90,1.06,0.03,0.06,0.04,-0.15,0.08,0.01,1.01,7.99E-01,0.879,Non_sig
rs545143,rs545143_T_C_Non-Ref,0.98,0.81,1.05,0.72,0.95,-0.02,-0.31,0.06,-0.48,-0.07,-0.16,0.89,1.77E-01,0.305,Non_sig
rs555019061,rs555019061_C_A_Non-Ref,0.91,0.93,1.02,1.00,0.99,-0.14,-0.11,0.04,0.00,-0.01,-0.04,0.97,2.65E-01,0.411,Non_sig
rs55713402,rs55713402_C_A_Non-Ref,1.00,1.02,1.23,1.12,1.04,0.00,0.03,0.29,0.17,0.06,0.11,1.08,1.18E-01,0.229,Non_sig
rs55760657,rs55760657_T_C_Non-Ref,1.10,0.83,1.15,1.45,0.97,0.14,-0.26,0.21,0.54,-0.04,0.12,1.08,4.31E-01,0.577,Non_sig
rs55992502,rs55992502_T_C_Non-Ref,1.02,0.94,1.05,0.88,1.07,0.02,-0.09,0.07,-0.18,0.09,-0.02,0.99,7.62E-01,0.852,Non_sig
rs56309244,rs56309244_A_G_Non-Ref,1.95,1.73,1.72,1.78,1.60,0.96,0.79,0.78,0.83,0.68,0.81,1.75,6.54E-05,0.002,Sig
rs56327845,rs56327845_T_C_Non-Ref,1.04,1.00,1.05,1.02,0.97,0.06,0.00,0.07,0.02,-0.04,0.02,1.02,3.03E-01,0.457,Non_sig
rs56741490,rs56741490_C_T_Non-Ref,0.88,1.03,0.98,1.09,1.12,-0.19,0.04,-0.02,0.12,0.16,0.02,1.01,7.55E-01,0.849,Non_sig
rs568438938,rs568438938_C_G_Non-Ref,1.27,1.27,1.10,1.08,1.09,0.34,0.34,0.13,0.11,0.12,0.21,1.16,1.75E-02,0.068,Non_sig
rs56909954,rs56909954_G_A_Non-Ref,0.81,1.37,0.75,0.99,0.56,-0.31,0.45,-0.42,-0.02,-0.82,-0.22,0.86,3.53E-01,0.503,Non_sig
rs57095329,rs57095329_G_A_Non-Ref,0.97,0.91,0.86,0.73,0.83,-0.04,-0.14,-0.22,-0.46,-0.27,-0.23,0.85,3.13E-02,0.098,Non_sig
rs573905,rs573905_G_A_Non-Ref,0.91,0.90,0.95,0.90,0.98,-0.13,-0.16,-0.07,-0.15,-0.03,-0.11,0.93,1.30E-02,0.058,Non_sig
rs5753607,rs5753607_A_G_Non-Ref,0.87,0.96,1.11,1.20,0.96,-0.20,-0.06,0.15,0.27,-0.06,0.02,1.02,8.07E-01,0.886,Non_sig
rs57668933,rs57668933_C_T_Non-Ref,1.25,1.24,1.64,1.27,1.41,0.32,0.32,0.71,0.35,0.50,0.44,1.36,4.49E-03,0.027,Sig
rs57844307,rs57844307_A_G_Non-Ref,1.05,0.69,0.90,0.95,0.73,0.07,-0.53,-0.15,-0.08,-0.46,-0.23,0.85,1.13E-01,0.226,Non_sig
rs57892632,rs57892632_T_C_Non-Ref,0.88,0.91,1.12,1.34,1.05,-0.19,-0.13,0.17,0.42,0.07,0.07,1.05,5.76E-01,0.707,Non_sig
rs58408589,rs58408589_G_A_Non-Ref,1.09,0.93,0.90,1.40,0.91,0.13,-0.11,-0.15,0.48,-0.14,0.04,1.03,7.45E-01,0.847,Non_sig
rs5913939,rs5913939_C_T_Non-Ref,0.91,0.86,1.16,1.25,0.86,-0.14,-0.22,0.22,0.32,-0.21,-0.01,0.99,9.52E-01,0.972,Non_sig
rs5913947,rs5913947_A_T_Non-Ref,0.83,0.73,0.73,0.68,0.79,-0.26,-0.46,-0.45,-0.56,-0.35,-0.42,0.75,1.18E-03,0.012,Sig
rs5913948,rs5913948_T_C_Non-Ref,0.16,0.19,0.19,0.17,0.19,-2.65,-2.43,-2.39,-2.53,-2.36,-2.47,0.18,1.32E-06,0.000,Sig
rs5913984,rs5913984_T_C_Non-Ref,0.87,0.92,0.79,1.01,0.66,-0.21,-0.11,-0.34,0.01,-0.60,-0.25,0.84,7.59E-02,0.170,Non_sig
rs5914011,rs5914011_C_G_Non-Ref,0.47,0.52,0.54,0.51,0.51,-1.08,-0.93,-0.88,-0.97,-0.97,-0.97,0.51,7.84E-06,0.000,Sig
rs5914025,rs5914025_T_A_Non-Ref,1.54,1.41,1.61,1.39,1.46,0.63,0.49,0.69,0.48,0.55,0.57,1.48,1.43E-04,0.003,Sig
rs5914026,rs5914026_C_T_Non-Ref,0.86,0.96,0.81,0.92,0.82,-0.22,-0.06,-0.30,-0.12,-0.29,-0.20,0.87,1.30E-02,0.058,Non_sig
rs5914627,rs5914627_A_G_Non-Ref,0.95,1.17,0.90,0.87,0.88,-0.08,0.23,-0.16,-0.19,-0.19,-0.08,0.95,3.89E-01,0.540,Non_sig
rs5914630,rs5914630_T_A_Non-Ref,0.97,0.83,0.87,0.80,0.80,-0.04,-0.28,-0.20,-0.33,-0.32,-0.23,0.85,1.17E-02,0.055,Non_sig
rs5914638,rs5914638_C_T_Non-Ref,1.04,0.92,0.88,1.06,0.82,0.06,-0.12,-0.19,0.08,-0.29,-0.09,0.94,2.69E-01,0.414,Non_sig
rs5914642,rs5914642_G_A_Non-Ref,0.92,0.89,0.91,0.85,0.87,-0.12,-0.17,-0.14,-0.23,-0.20,-0.17,0.89,1.00E-03,0.010,Sig
rs5914656,rs5914656_A_T_Non-Ref,1.30,0.92,0.94,1.02,1.25,0.38,-0.12,-0.09,0.03,0.32,0.10,1.07,3.77E-01,0.533,Non_sig
rs5914675,rs5914675_A_G_Non-Ref,0.97,0.95,0.86,0.96,0.92,-0.05,-0.08,-0.23,-0.06,-0.12,-0.11,0.93,2.86E-02,0.091,Non_sig
rs5914720,rs5914720_T_C_Non-Ref,1.12,0.88,1.08,0.95,1.23,0.16,-0.18,0.11,-0.07,0.30,0.06,1.04,5.03E-01,0.648,Non_sig
rs5914725,rs5914725_T_G_Non-Ref,1.10,0.95,0.97,1.01,0.98,0.14,-0.07,-0.05,0.02,-0.02,0.00,1.00,9.35E-01,0.960,Non_sig
rs5914727,rs5914727_T_G_Non-Ref,1.10,1.27,0.97,1.13,1.48,0.14,0.34,-0.04,0.18,0.56,0.24,1.18,7.96E-02,0.176,Non_sig
rs5914728,rs5914728_G_A_Non-Ref,0.49,0.49,0.53,0.50,0.50,-1.04,-1.02,-0.92,-1.00,-0.99,-0.99,0.50,1.14E-06,0.000,Sig
rs5914731,rs5914731_C_T_Non-Ref,0.63,0.63,1.01,0.78,0.73,-0.67,-0.67,0.01,-0.36,-0.45,-0.43,0.74,2.76E-02,0.090,Non_sig
rs5914736,rs5914736_A_G_Non-Ref,1.23,1.25,1.26,1.23,1.61,0.30,0.32,0.33,0.30,0.69,0.39,1.31,6.85E-03,0.039,Sig
rs5914748,rs5914748_T_A_Non-Ref,0.70,0.86,0.82,0.88,0.88,-0.52,-0.22,-0.29,-0.18,-0.19,-0.28,0.82,1.16E-02,0.055,Non_sig
rs5914765,rs5914765_C_G_Non-Ref,1.18,0.87,0.57,0.99,1.13,0.24,-0.21,-0.82,-0.02,0.17,-0.13,0.92,5.36E-01,0.677,Non_sig
rs5914766,rs5914766_C_T_Non-Ref,0.76,0.86,0.74,0.74,0.77,-0.39,-0.22,-0.43,-0.44,-0.38,-0.37,0.77,7.10E-04,0.009,Sig
rs5914776,rs5914776_G_T_Non-Ref,1.00,1.10,1.16,1.01,1.14,-0.01,0.13,0.22,0.02,0.18,0.11,1.08,6.99E-02,0.162,Non_sig
rs5914780,rs5914780_T_C_Non-Ref,1.01,1.11,1.04,1.03,1.14,0.02,0.15,0.06,0.05,0.18,0.09,1.07,4.37E-02,0.122,Non_sig
rs5914785,rs5914785_C_T_Non-Ref,1.28,1.23,1.31,1.31,0.90,0.35,0.30,0.39,0.39,-0.16,0.26,1.19,7.15E-02,0.165,Non_sig
rs5914796,rs5914796_T_A_Non-Ref,0.78,0.86,1.00,0.89,0.74,-0.35,-0.22,-0.01,-0.16,-0.44,-0.24,0.85,3.52E-02,0.107,Non_sig
rs5914800,rs5914800_A_G_Non-Ref,0.99,0.99,0.88,0.84,0.92,-0.02,-0.02,-0.18,-0.25,-0.13,-0.12,0.92,6.09E-02,0.153,Non_sig
rs5914813,rs5914813_T_A_Non-Ref,0.80,1.10,1.03,1.07,1.36,-0.32,0.14,0.04,0.09,0.44,0.08,1.06,5.46E-01,0.685,Non_sig
rs5914834,rs5914834_G_A_Non-Ref,0.97,1.01,1.32,0.95,1.22,-0.04,0.01,0.40,-0.07,0.28,0.11,1.08,2.91E-01,0.439,Non_sig
rs5914839,rs5914839_C_T_Non-Ref,0.87,1.01,1.25,0.90,1.13,-0.20,0.02,0.32,-0.15,0.17,0.03,1.02,7.54E-01,0.849,Non_sig
rs5914857,rs5914857_A_G_Non-Ref,0.74,0.79,1.28,1.08,0.96,-0.44,-0.34,0.36,0.12,-0.06,-0.07,0.95,6.44E-01,0.763,Non_sig
rs5914861,rs5914861_A_G_Non-Ref,0.73,0.82,0.86,0.81,0.79,-0.45,-0.29,-0.21,-0.30,-0.35,-0.32,0.80,1.27E-03,0.013,Sig
rs59347366,rs59347366_G_C_Non-Ref,0.84,1.40,1.18,1.11,1.55,-0.25,0.48,0.24,0.15,0.63,0.25,1.19,1.75E-01,0.303,Non_sig
rs5960190,rs5960190_T_C_Non-Ref,0.94,0.98,0.87,0.73,1.02,-0.09,-0.02,-0.20,-0.45,0.02,-0.15,0.90,1.56E-01,0.280,Non_sig
rs5960205,rs5960205_C_A_Non-Ref,1.02,0.74,1.15,1.23,1.26,0.03,-0.44,0.20,0.30,0.33,0.08,1.06,5.86E-01,0.717,Non_sig
rs5960210,rs5960210_G_A_Non-Ref,1.17,1.11,1.11,1.18,1.19,0.23,0.15,0.15,0.24,0.25,0.21,1.15,6.93E-04,0.009,Sig
rs5960211,rs5960211_T_A_Non-Ref,1.06,0.97,0.80,0.83,0.99,0.08,-0.05,-0.33,-0.27,-0.02,-0.12,0.92,2.13E-01,0.351,Non_sig
rs5960239,rs5960239_T_G_Non-Ref,1.02,1.09,1.01,0.96,1.06,0.03,0.13,0.01,-0.06,0.09,0.04,1.03,2.91E-01,0.439,Non_sig
rs59607260,rs59607260_A_G_Non-Ref,0.97,0.79,0.81,1.09,1.11,-0.04,-0.34,-0.30,0.13,0.15,-0.08,0.94,4.69E-01,0.610,Non_sig
rs5960732,rs5960732_G_A_Non-Ref,1.34,1.34,1.03,1.23,1.26,0.43,0.42,0.05,0.30,0.33,0.31,1.24,1.17E-02,0.055,Non_sig
rs5960754,rs5960754_A_G_Non-Ref,1.73,1.50,1.86,1.39,1.41,0.79,0.58,0.90,0.48,0.49,0.65,1.57,1.47E-03,0.014,Sig
rs5960763,rs5960763_G_A_Non-Ref,1.04,0.98,1.00,1.02,1.01,0.05,-0.03,0.00,0.03,0.01,0.01,1.01,4.43E-01,0.586,Non_sig
rs5960766,rs5960766_C_T_Non-Ref,1.08,1.11,1.04,0.85,0.97,0.11,0.16,0.06,-0.24,-0.04,0.01,1.01,8.99E-01,0.942,Non_sig
rs5960771,rs5960771_G_T_Non-Ref,2.21,2.47,2.30,2.13,2.23,1.14,1.30,1.20,1.09,1.16,1.18,2.27,4.87E-06,0.000,Sig
rs5960788,rs5960788_G_A_Non-Ref,0.93,1.06,1.11,1.02,1.19,-0.11,0.09,0.15,0.03,0.25,0.08,1.06,2.43E-01,0.385,Non_sig
rs5960804,rs5960804_C_G_Non-Ref,0.26,0.31,0.25,0.31,0.30,-1.94,-1.67,-1.98,-1.68,-1.74,-1.80,0.29,1.06E-05,0.001,Sig
rs5960806,rs5960806_G_C_Non-Ref,1.37,1.44,1.16,1.23,1.39,0.45,0.53,0.21,0.30,0.48,0.40,1.32,2.64E-03,0.020,Sig
rs5960817,rs5960817_C_T_Non-Ref,0.87,0.78,0.73,0.85,0.72,-0.21,-0.36,-0.46,-0.24,-0.47,-0.35,0.79,3.21E-03,0.023,Sig
rs5960818,rs5960818_C_A_Non-Ref,1.37,1.29,1.30,1.16,1.26,0.46,0.37,0.37,0.22,0.34,0.35,1.28,8.54E-04,0.010,Sig
rs5960834,rs5960834_T_G_Non-Ref,0.58,0.54,0.60,0.67,0.57,-0.79,-0.90,-0.74,-0.57,-0.82,-0.76,0.59,1.53E-04,0.003,Sig
rs60087681,rs60087681_G_A_Non-Ref,0.57,0.76,0.67,0.39,0.68,-0.80,-0.40,-0.57,-1.35,-0.55,-0.73,0.60,1.20E-02,0.055,Non_sig
rs6032660,rs6032660_A_G_Non-Ref,0.81,1.03,0.89,1.27,1.15,-0.30,0.04,-0.16,0.35,0.20,0.03,1.02,8.40E-01,0.906,Non_sig
rs6032662,rs6032662_T_C_Non-Ref,0.99,0.98,0.94,0.99,0.98,-0.02,-0.03,-0.09,-0.01,-0.03,-0.04,0.98,6.79E-02,0.159,Non_sig
rs6032664,rs6032664_T_A_Non-Ref,1.13,1.13,1.11,1.11,1.20,0.18,0.17,0.16,0.15,0.26,0.18,1.14,8.53E-04,0.010,Sig
rs60622779,rs60622779_C_T_Non-Ref,0.96,1.08,1.10,1.08,1.02,-0.06,0.11,0.14,0.11,0.03,0.07,1.05,1.57E-01,0.281,Non_sig
rs6074022,rs6074022_T_C_Non-Ref,1.03,1.03,1.12,1.04,1.14,0.05,0.04,0.16,0.06,0.19,0.10,1.07,3.58E-02,0.108,Non_sig
rs61539692,rs61539692_A_G_Non-Ref,0.73,0.87,0.73,1.04,0.62,-0.45,-0.20,-0.45,0.06,-0.68,-0.34,0.79,5.43E-02,0.143,Non_sig
rs61823870,rs61823870_G_C_Non-Ref,0.30,1.28,0.78,0.46,1.20,-1.74,0.35,-0.36,-1.12,0.26,-0.52,0.70,2.65E-01,0.411,Non_sig
rs61823871,rs61823871_T_G_Non-Ref,0.57,1.00,1.38,1.31,1.02,-0.81,0.00,0.47,0.38,0.03,0.01,1.01,9.52E-01,0.972,Non_sig
rs61823873,rs61823873_G_A_Non-Ref,0.75,0.78,1.27,1.15,1.34,-0.42,-0.36,0.35,0.20,0.42,0.04,1.03,8.42E-01,0.906,Non_sig
rs61823879,rs61823879_C_A_Non-Ref,0.96,1.20,0.89,0.83,1.10,-0.05,0.26,-0.17,-0.27,0.13,-0.02,0.99,8.46E-01,0.910,Non_sig
rs61823885,rs61823885_A_C_Non-Ref,0.57,0.59,0.67,0.60,0.63,-0.82,-0.77,-0.57,-0.73,-0.66,-0.71,0.61,8.11E-05,0.003,Sig
rs61909063,rs61909063_T_C_Non-Ref,1.12,1.10,0.77,0.93,1.06,0.16,0.14,-0.37,-0.10,0.09,-0.01,0.99,8.88E-01,0.933,Non_sig
rs62489069,rs62489069_G_A_Non-Ref,1.03,0.95,1.07,1.17,1.02,0.04,-0.07,0.10,0.22,0.03,0.06,1.04,2.64E-01,0.411,Non_sig
rs6417944,rs6417944_C_T_Non-Ref,0.54,0.32,0.40,0.62,2.68,-0.89,-1.66,-1.33,-0.69,1.42,-0.63,0.65,3.09E-01,0.463,Non_sig
rs6457784,rs6457784_T_C_Non-Ref,0.96,0.93,0.95,0.94,0.88,-0.06,-0.10,-0.08,-0.10,-0.18,-0.10,0.93,8.00E-03,0.045,Sig
rs6457786,rs6457786_C_T_Non-Ref,0.77,0.91,0.60,0.92,0.82,-0.37,-0.13,-0.73,-0.11,-0.29,-0.33,0.80,4.25E-02,0.120,Non_sig
rs6457809,rs6457809_T_G_Non-Ref,1.39,0.92,0.97,1.16,0.87,0.47,-0.12,-0.04,0.22,-0.20,0.06,1.05,6.33E-01,0.756,Non_sig
rs6498160,rs6498160_C_T_Non-Ref,0.94,0.79,0.85,0.78,1.04,-0.08,-0.34,-0.23,-0.37,0.06,-0.19,0.88,7.49E-02,0.170,Non_sig
rs6521418,rs6521418_T_C_Non-Ref,1.05,1.03,1.15,1.09,1.11,0.07,0.04,0.20,0.12,0.14,0.11,1.08,1.44E-02,0.062,Non_sig
rs6521434,rs6521434_G_A_Non-Ref,0.95,1.03,0.94,1.00,0.99,-0.07,0.05,-0.09,0.01,-0.01,-0.02,0.98,4.16E-01,0.566,Non_sig
rs6521537,rs6521537_T_G_Non-Ref,0.86,1.12,1.25,0.84,1.01,-0.22,0.16,0.32,-0.24,0.01,0.01,1.00,9.64E-01,0.978,Non_sig
rs6521549,rs6521549_A_G_Non-Ref,1.15,0.87,1.06,1.02,1.01,0.20,-0.20,0.09,0.03,0.02,0.03,1.02,6.95E-01,0.807,Non_sig
rs6521550,rs6521550_G_A_Non-Ref,0.97,0.92,0.93,1.14,0.84,-0.05,-0.12,-0.11,0.19,-0.25,-0.07,0.96,4.11E-01,0.560,Non_sig
rs6531941,rs6531941_T_C_Non-Ref,0.90,1.04,1.20,1.13,0.95,-0.15,0.06,0.27,0.18,-0.07,0.06,1.04,5.07E-01,0.650,Non_sig
rs6565228,rs6565228_A_G_Non-Ref,1.01,1.04,0.83,0.95,1.06,0.01,0.05,-0.26,-0.07,0.09,-0.04,0.98,6.02E-01,0.731,Non_sig
rs6584542,rs6584542_G_A_Non-Ref,1.32,1.03,0.81,0.92,0.86,0.40,0.05,-0.31,-0.12,-0.22,-0.04,0.97,7.63E-01,0.852,Non_sig
rs6590330,rs6590330_A_G_Non-Ref,0.63,0.84,0.89,0.83,1.02,-0.66,-0.25,-0.17,-0.27,0.02,-0.27,0.83,7.58E-02,0.170,Non_sig
rs6591183,rs6591183_G_A_Non-Ref,0.93,1.16,0.83,1.45,1.42,-0.10,0.22,-0.27,0.53,0.51,0.18,1.13,3.28E-01,0.481,Non_sig
rs6611499,rs6611499_T_C_Non-Ref,0.87,1.12,0.82,1.06,1.32,-0.21,0.16,-0.29,0.09,0.41,0.03,1.02,8.14E-01,0.889,Non_sig
rs6611520,rs6611520_T_C_Non-Ref,0.92,0.85,1.00,0.84,0.89,-0.12,-0.24,0.00,-0.25,-0.17,-0.16,0.90,2.83E-02,0.091,Non_sig
rs6611550,rs6611550_T_C_Non-Ref,0.64,0.76,0.65,0.72,0.59,-0.65,-0.39,-0.61,-0.47,-0.77,-0.58,0.67,1.00E-03,0.010,Sig
rs6611574,rs6611574_C_T_Non-Ref,0.76,0.79,0.77,0.82,0.92,-0.40,-0.33,-0.38,-0.28,-0.12,-0.30,0.81,4.05E-03,0.026,Sig
rs6611577,rs6611577_C_T_Non-Ref,0.92,0.87,0.99,1.06,1.02,-0.12,-0.21,-0.01,0.08,0.02,-0.05,0.97,4.19E-01,0.569,Non_sig
rs6611584,rs6611584_G_A_Non-Ref,0.57,1.04,0.85,0.71,0.92,-0.81,0.05,-0.24,-0.49,-0.13,-0.32,0.80,9.70E-02,0.202,Non_sig
rs6612533,rs6612533_G_T_Non-Ref,1.02,1.09,1.07,1.12,1.05,0.03,0.13,0.10,0.17,0.07,0.10,1.07,1.29E-02,0.058,Non_sig
rs6612534,rs6612534_A_G_Non-Ref,1.31,1.27,1.23,1.08,1.29,0.38,0.35,0.30,0.11,0.37,0.30,1.23,3.57E-03,0.024,Sig
rs6612539,rs6612539_A_T_Non-Ref,0.92,0.84,0.81,0.99,1.01,-0.12,-0.25,-0.31,-0.02,0.02,-0.14,0.91,9.76E-02,0.202,Non_sig
rs6612577,rs6612577_T_C_Non-Ref,1.13,1.53,1.56,1.40,1.19,0.17,0.61,0.64,0.48,0.25,0.43,1.35,1.04E-02,0.053,Non_sig
rs6612605,rs6612605_T_C_Non-Ref,0.89,1.02,1.00,0.86,0.92,-0.17,0.03,0.00,-0.22,-0.13,-0.10,0.94,1.15E-01,0.227,Non_sig
rs6612663,rs6612663_A_G_Non-Ref,1.05,1.09,1.00,1.09,1.07,0.08,0.13,0.00,0.12,0.10,0.08,1.06,2.33E-02,0.080,Non_sig
rs6612674,rs6612674_T_C_Non-Ref,1.06,1.03,0.88,1.12,1.19,0.08,0.04,-0.18,0.16,0.25,0.07,1.05,3.81E-01,0.534,Non_sig
rs6612692,rs6612692_C_G_Non-Ref,1.03,1.05,0.68,0.97,0.73,0.04,0.07,-0.55,-0.04,-0.45,-0.19,0.88,2.26E-01,0.364,Non_sig
rs6612694,rs6612694_A_G_Non-Ref,0.72,0.32,0.29,0.61,0.44,-0.47,-1.67,-1.81,-0.70,-1.19,-1.17,0.44,1.10E-02,0.054,Non_sig
rs6643653,rs6643653_G_A_Non-Ref,1.25,1.30,1.30,1.30,1.32,0.32,0.37,0.38,0.38,0.40,0.37,1.29,8.67E-06,0.000,Sig
rs6643656,rs6643656_G_C_Non-Ref,1.49,1.20,1.70,1.44,0.87,0.57,0.27,0.76,0.53,-0.20,0.39,1.31,8.15E-02,0.179,Non_sig
rs6651996,rs6651996_C_T_Non-Ref,1.33,1.12,1.13,1.10,1.27,0.41,0.17,0.18,0.14,0.35,0.25,1.19,9.85E-03,0.052,Non_sig
rs6655268,rs6655268_C_A_Non-Ref,1.05,1.16,1.43,0.88,0.84,0.07,0.21,0.51,-0.19,-0.26,0.07,1.05,6.46E-01,0.764,Non_sig
rs6658353,rs6658353_C_G_Non-Ref,1.20,1.49,1.12,1.45,1.46,0.27,0.58,0.16,0.54,0.55,0.42,1.33,8.24E-03,0.046,Sig
rs66650460,rs66650460_T_C_Non-Ref,0.87,0.70,0.93,0.85,0.70,-0.20,-0.51,-0.10,-0.23,-0.50,-0.31,0.81,2.17E-02,0.078,Non_sig
rs6681162,rs6681162_T_A_Non-Ref,1.01,1.18,1.09,1.05,1.04,0.01,0.23,0.12,0.07,0.06,0.10,1.07,6.37E-02,0.157,Non_sig
rs6705628,rs6705628_T_C_Non-Ref,0.93,1.12,1.15,0.94,0.97,-0.11,0.16,0.20,-0.09,-0.05,0.02,1.01,7.67E-01,0.854,Non_sig
rs67243437,rs67243437_C_T_Non-Ref,0.79,0.87,1.00,1.06,0.75,-0.33,-0.20,-0.01,0.08,-0.41,-0.17,0.89,1.40E-01,0.264,Non_sig
rs67388064,rs67388064_T_C_Non-Ref,0.87,0.79,0.98,1.23,1.16,-0.19,-0.35,-0.03,0.30,0.22,-0.01,0.99,9.35E-01,0.960,Non_sig
rs6740462,rs6740462_A_C_Non-Ref,0.62,0.68,0.55,0.66,0.60,-0.69,-0.56,-0.85,-0.60,-0.75,-0.69,0.62,1.93E-04,0.004,Sig
rs67664566,rs67664566_T_G_Non-Ref,1.22,1.15,1.09,1.05,1.06,0.29,0.21,0.13,0.07,0.09,0.16,1.11,1.88E-02,0.072,Non_sig
rs67898294,rs67898294_T_C_Non-Ref,0.85,1.06,1.03,1.01,0.98,-0.23,0.08,0.04,0.02,-0.02,-0.02,0.98,6.79E-01,0.793,Non_sig
rs6808498,rs6808498_A_T_Non-Ref,0.94,0.94,0.62,0.88,1.13,-0.08,-0.09,-0.69,-0.19,0.18,-0.18,0.89,2.86E-01,0.434,Non_sig
rs68118263,rs68118263_A_T_Non-Ref,0.98,1.00,0.94,0.97,0.85,-0.03,-0.01,-0.09,-0.04,-0.23,-0.08,0.95,1.21E-01,0.234,Non_sig
rs6835457,rs6835457_G_A_Non-Ref,1.00,0.71,0.71,0.81,0.91,0.00,-0.49,-0.50,-0.31,-0.14,-0.29,0.82,4.28E-02,0.120,Non_sig
rs6835745,rs6835745_T_G_Non-Ref,0.95,1.07,0.76,0.96,0.81,-0.07,0.10,-0.40,-0.05,-0.31,-0.15,0.90,1.82E-01,0.312,Non_sig
rs6839933,rs6839933_G_T_Non-Ref,0.94,1.23,1.06,0.88,0.95,-0.09,0.30,0.08,-0.19,-0.07,0.01,1.01,9.24E-01,0.958,Non_sig
rs6869688,rs6869688_G_A_Non-Ref,0.95,0.91,0.85,0.81,0.84,-0.07,-0.14,-0.23,-0.30,-0.24,-0.20,0.87,8.27E-03,0.046,Sig
rs6902523,rs6902523_A_G_Non-Ref,0.59,1.05,1.00,0.95,0.69,-0.77,0.07,0.00,-0.08,-0.53,-0.26,0.83,1.83E-01,0.314,Non_sig
rs6907324,rs6907324_C_A_Non-Ref,0.97,0.91,0.86,0.83,0.90,-0.05,-0.14,-0.22,-0.27,-0.14,-0.16,0.89,1.30E-02,0.058,Non_sig
rs6907364,rs6907364_G_A_Non-Ref,0.71,0.70,0.62,0.71,0.64,-0.49,-0.52,-0.68,-0.49,-0.65,-0.57,0.68,1.71E-04,0.004,Sig
rs6913795,rs6913795_C_T_Non-Ref,1.03,1.03,1.23,0.95,1.16,0.04,0.04,0.30,-0.08,0.21,0.10,1.07,2.07E-01,0.343,Non_sig
rs6938946,rs6938946_T_C_Non-Ref,0.65,0.95,0.61,0.83,0.59,-0.62,-0.08,-0.72,-0.27,-0.76,-0.49,0.71,2.25E-02,0.079,Non_sig
rs6940375,rs6940375_G_C_Non-Ref,1.07,1.07,1.14,1.14,1.31,0.09,0.10,0.19,0.19,0.38,0.19,1.14,2.20E-02,0.078,Non_sig
rs6985109,rs6985109_A_G_Non-Ref,0.80,0.71,1.01,0.73,0.73,-0.32,-0.50,0.01,-0.45,-0.45,-0.34,0.79,2.12E-02,0.078,Non_sig
rs6997839,rs6997839_C_T_Non-Ref,1.40,1.16,0.75,1.22,0.83,0.48,0.21,-0.42,0.28,-0.27,0.06,1.04,7.58E-01,0.850,Non_sig
rs7005884,rs7005884_G_A_Non-Ref,0.92,0.95,1.02,1.13,0.93,-0.12,-0.07,0.04,0.18,-0.11,-0.02,0.99,7.76E-01,0.859,Non_sig
rs7052201,rs7052201_A_G_Non-Ref,0.72,0.37,0.74,0.70,0.70,-0.47,-1.44,-0.44,-0.52,-0.51,-0.68,0.63,2.45E-02,0.083,Non_sig
rs7061789,rs7061789_A_G_Non-Ref,0.69,0.67,0.69,0.70,0.66,-0.54,-0.58,-0.53,-0.51,-0.60,-0.55,0.68,5.17E-06,0.000,Sig
rs7086333,rs7086333_T_C_Non-Ref,1.53,0.82,0.84,1.04,1.03,0.61,-0.29,-0.26,0.05,0.04,0.03,1.02,8.56E-01,0.914,Non_sig
rs7184615,rs7184615_C_G_Non-Ref,0.72,0.95,0.71,0.73,0.71,-0.47,-0.07,-0.49,-0.45,-0.48,-0.39,0.76,8.01E-03,0.045,Sig
rs7192287,rs7192287_T_A_Non-Ref,0.98,1.31,1.08,1.18,1.20,-0.03,0.39,0.11,0.23,0.27,0.20,1.15,5.28E-02,0.140,Non_sig
rs7193268,rs7193268_T_C_Non-Ref,1.05,0.97,1.07,1.00,0.80,0.07,-0.04,0.10,0.00,-0.33,-0.04,0.97,6.36E-01,0.757,Non_sig
rs7203793,rs7203793_G_C_Non-Ref,0.30,0.28,0.31,0.28,0.21,-1.72,-1.84,-1.69,-1.82,-2.28,-1.87,0.27,5.96E-05,0.002,Sig
rs7206312,rs7206312_A_G_Non-Ref,0.83,0.72,0.75,0.78,0.65,-0.27,-0.47,-0.41,-0.36,-0.62,-0.43,0.74,1.87E-03,0.016,Sig
rs7211998,rs7211998_G_A_Non-Ref,0.58,0.56,0.56,0.58,0.58,-0.79,-0.83,-0.85,-0.80,-0.79,-0.81,0.57,2.05E-07,0.000,Sig
rs7274117,rs7274117_T_C_Non-Ref,1.11,0.84,0.71,0.92,0.90,0.16,-0.26,-0.49,-0.12,-0.16,-0.17,0.89,1.72E-01,0.301,Non_sig
rs72910167,rs72910167_A_G_Non-Ref,0.88,0.82,0.66,0.64,1.03,-0.19,-0.29,-0.60,-0.64,0.04,-0.34,0.79,5.85E-02,0.150,Non_sig
rs73022773,rs73022773_T_C_Non-Ref,1.30,1.39,1.13,1.59,1.01,0.38,0.48,0.17,0.67,0.02,0.34,1.27,3.94E-02,0.115,Non_sig
rs73022786,rs73022786_A_C_Non-Ref,0.45,0.55,0.60,0.63,0.47,-1.14,-0.85,-0.74,-0.67,-1.09,-0.90,0.54,6.54E-04,0.009,Sig
rs731708,rs731708_A_C_Non-Ref,1.03,0.74,0.78,1.13,2.32,0.04,-0.44,-0.37,0.18,1.22,0.13,1.09,6.95E-01,0.807,Non_sig
rs732934,rs732934_A_G_Non-Ref,0.78,0.75,0.87,0.71,0.79,-0.36,-0.42,-0.21,-0.49,-0.35,-0.36,0.78,1.42E-03,0.014,Sig
rs73682127,rs73682127_G_A_Non-Ref,1.09,1.17,1.27,1.83,1.16,0.12,0.22,0.35,0.87,0.21,0.36,1.28,5.74E-02,0.149,Non_sig
rs74674762,rs74674762_C_T_Non-Ref,1.45,1.24,1.88,0.92,1.26,0.54,0.31,0.91,-0.13,0.34,0.39,1.31,7.92E-02,0.176,Non_sig
rs7473891,rs7473891_A_G_Non-Ref,1.06,0.75,1.04,0.82,0.93,0.08,-0.42,0.06,-0.29,-0.11,-0.14,0.91,2.38E-01,0.379,Non_sig
rs7486387,rs7486387_A_G_Non-Ref,1.10,0.98,0.90,0.97,0.73,0.14,-0.03,-0.16,-0.05,-0.45,-0.11,0.93,3.39E-01,0.487,Non_sig
rs74904997,rs74904997_C_T_Non-Ref,1.10,1.09,1.19,1.24,1.12,0.14,0.12,0.25,0.31,0.17,0.20,1.15,5.58E-03,0.033,Sig
rs74928591,rs74928591_C_A_Non-Ref,1.10,1.05,0.96,1.04,1.15,0.14,0.06,-0.06,0.06,0.20,0.08,1.06,1.37E-01,0.261,Non_sig
rs74942545,rs74942545_T_C_Non-Ref,0.58,0.30,0.23,0.33,0.47,-0.78,-1.74,-2.14,-1.60,-1.09,-1.47,0.36,3.63E-03,0.025,Sig
rs7503018,rs7503018_G_A_Non-Ref,0.45,0.44,0.42,0.49,0.47,-1.14,-1.18,-1.26,-1.04,-1.08,-1.14,0.45,8.01E-06,0.000,Sig
rs753859,rs753859_C_G_Non-Ref,1.22,1.31,1.20,0.75,1.13,0.29,0.39,0.26,-0.42,0.17,0.14,1.10,3.89E-01,0.540,Non_sig
rs75621680,rs75621680_A_G_Non-Ref,0.89,0.71,0.83,0.84,0.83,-0.17,-0.50,-0.26,-0.26,-0.27,-0.29,0.82,5.83E-03,0.034,Sig
rs7574865,rs7574865_G_T_Non-Ref,0.96,0.99,1.02,1.04,1.13,-0.07,-0.02,0.03,0.06,0.17,0.03,1.02,4.32E-01,0.578,Non_sig
rs7621631,rs7621631_A_C_Non-Ref,0.95,1.04,0.95,0.93,0.97,-0.07,0.06,-0.07,-0.11,-0.05,-0.05,0.97,1.63E-01,0.287,Non_sig
rs762653,rs762653_A_G_Non-Ref,0.94,0.97,0.98,0.91,0.95,-0.09,-0.04,-0.03,-0.14,-0.07,-0.08,0.95,1.72E-02,0.068,Non_sig
rs763737,rs763737_A_G_Non-Ref,0.70,0.78,0.66,0.70,0.81,-0.52,-0.35,-0.61,-0.51,-0.30,-0.46,0.73,1.36E-03,0.013,Sig
rs7653734,rs7653734_C_T_Non-Ref,0.87,0.80,0.92,0.91,1.15,-0.21,-0.32,-0.12,-0.13,0.20,-0.11,0.92,2.52E-01,0.398,Non_sig
rs7669697,rs7669697_T_A_Non-Ref,1.10,1.03,1.18,0.95,1.02,0.14,0.04,0.24,-0.08,0.03,0.08,1.05,2.25E-01,0.364,Non_sig
rs7705526,rs7705526_A_C_Non-Ref,0.96,1.29,1.21,1.68,0.76,-0.06,0.37,0.27,0.75,-0.39,0.19,1.14,3.89E-01,0.540,Non_sig
rs7720046,rs7720046_G_A_Non-Ref,1.14,0.79,1.12,1.30,1.43,0.19,-0.33,0.16,0.38,0.51,0.18,1.13,2.75E-01,0.421,Non_sig
rs7726414,rs7726414_T_C_Non-Ref,1.76,1.09,1.51,1.46,0.77,0.81,0.12,0.60,0.55,-0.37,0.34,1.27,1.81E-01,0.312,Non_sig
rs7743949,rs7743949_C_T_Non-Ref,1.17,0.88,0.77,0.94,0.88,0.23,-0.19,-0.37,-0.09,-0.19,-0.12,0.92,2.91E-01,0.439,Non_sig
rs77508372,rs77508372_G_T_Non-Ref,1.21,1.16,1.34,0.90,0.86,0.27,0.21,0.42,-0.15,-0.22,0.11,1.08,4.38E-01,0.582,Non_sig
rs7751715,rs7751715_A_G_Non-Ref,0.63,1.19,1.11,1.27,1.40,-0.67,0.25,0.16,0.35,0.48,0.11,1.08,6.04E-01,0.733,Non_sig
rs7752903,rs7752903_G_T_Non-Ref,0.86,0.64,1.78,1.36,1.29,-0.21,-0.63,0.83,0.44,0.37,0.16,1.12,5.73E-01,0.705,Non_sig
rs77642050,rs77642050_A_G_Non-Ref,0.44,2.00,0.49,1.64,1.00,-1.18,1.00,-1.04,0.72,0.00,-0.10,0.93,8.32E-01,0.906,Non_sig
rs7769906,rs7769906_T_C_Non-Ref,0.90,0.92,1.05,1.26,1.08,-0.14,-0.12,0.07,0.33,0.11,0.05,1.04,5.90E-01,0.720,Non_sig
rs7775397,rs7775397_G_T_Non-Ref,1.35,1.30,1.11,1.02,1.26,0.43,0.38,0.16,0.02,0.33,0.26,1.20,2.55E-02,0.086,Non_sig
rs7776439,rs7776439_G_T_Non-Ref,0.90,0.85,0.86,0.93,0.88,-0.15,-0.23,-0.22,-0.11,-0.18,-0.18,0.88,1.56E-03,0.014,Sig
rs78199774,rs78199774_G_A_Non-Ref,0.81,1.38,0.77,1.54,1.69,-0.31,0.47,-0.37,0.62,0.76,0.23,1.18,3.83E-01,0.536,Non_sig
rs78237385,rs78237385_A_C_Non-Ref,1.28,1.03,1.13,1.11,1.01,0.36,0.04,0.18,0.15,0.01,0.15,1.11,7.34E-02,0.169,Non_sig
rs7832713,rs7832713_G_A_Non-Ref,1.20,1.05,0.89,0.92,1.08,0.26,0.08,-0.17,-0.13,0.11,0.03,1.02,7.09E-01,0.818,Non_sig
rs7834059,rs7834059_G_A_Non-Ref,0.58,0.62,0.58,0.53,0.68,-0.78,-0.68,-0.78,-0.93,-0.56,-0.75,0.60,2.51E-04,0.005,Sig
rs7882218,rs7882218_G_A_Non-Ref,0.73,0.82,0.72,0.87,0.74,-0.46,-0.29,-0.47,-0.20,-0.43,-0.37,0.77,2.19E-03,0.018,Sig
rs78903789,rs78903789_T_G_Non-Ref,0.79,0.83,0.97,1.27,0.89,-0.34,-0.26,-0.04,0.34,-0.17,-0.09,0.94,4.80E-01,0.621,Non_sig
rs7935125,rs7935125_A_C_Non-Ref,1.07,0.83,0.94,0.95,1.14,0.09,-0.27,-0.09,-0.07,0.18,-0.03,0.98,7.22E-01,0.829,Non_sig
rs79484479,rs79484479_C_T_Non-Ref,0.88,0.70,0.81,0.49,0.57,-0.18,-0.52,-0.30,-1.02,-0.82,-0.57,0.67,2.31E-02,0.080,Non_sig
rs79547786,rs79547786_T_C_Non-Ref,1.16,0.70,1.18,1.12,0.74,0.21,-0.51,0.23,0.16,-0.44,-0.07,0.95,7.01E-01,0.813,Non_sig
rs80208125,rs80208125_G_A_Non-Ref,1.52,1.36,1.42,1.52,1.53,0.61,0.44,0.51,0.60,0.61,0.55,1.47,8.22E-05,0.003,Sig
rs8056276,rs8056276_T_A_Non-Ref,1.28,1.25,1.28,1.14,1.22,0.35,0.32,0.36,0.18,0.29,0.30,1.23,6.63E-04,0.009,Sig
rs8068125,rs8068125_C_T_Non-Ref,1.00,0.91,0.84,0.90,0.83,0.00,-0.14,-0.25,-0.16,-0.27,-0.16,0.89,2.71E-02,0.090,Non_sig
rs8068894,rs8068894_G_A_Non-Ref,1.47,1.66,1.13,0.96,1.24,0.55,0.73,0.18,-0.05,0.31,0.34,1.27,6.70E-02,0.159,Non_sig
rs8069893,rs8069893_T_C_Non-Ref,0.95,0.96,0.94,0.89,0.84,-0.08,-0.06,-0.09,-0.17,-0.25,-0.13,0.91,1.92E-02,0.072,Non_sig
rs868587758,rs868587758_T_G_Non-Ref,0.79,1.38,1.01,1.34,1.10,-0.33,0.46,0.01,0.42,0.14,0.14,1.10,3.92E-01,0.541,Non_sig
rs885743,rs885743_A_T_Non-Ref,1.07,0.83,1.05,1.09,0.93,0.09,-0.27,0.06,0.13,-0.11,-0.02,0.99,8.09E-01,0.886,Non_sig
rs901886,rs901886_C_T_Non-Ref,0.93,1.32,1.23,1.08,1.25,-0.10,0.40,0.29,0.12,0.32,0.20,1.15,8.53E-02,0.183,Non_sig
rs909217,rs909217_A_G_Non-Ref,1.01,1.14,0.92,0.89,0.97,0.01,0.19,-0.12,-0.18,-0.05,-0.03,0.98,6.65E-01,0.779,Non_sig
rs910051,rs910051_G_T_Non-Ref,1.05,1.05,0.90,0.73,1.02,0.07,0.07,-0.16,-0.46,0.03,-0.09,0.94,4.20E-01,0.569,Non_sig
rs912717,rs912717_C_T_Non-Ref,1.06,1.19,1.05,0.92,1.13,0.08,0.25,0.07,-0.12,0.17,0.09,1.06,2.24E-01,0.362,Non_sig
rs91755,rs91755_G_T_Non-Ref,1.04,1.15,1.09,1.25,1.27,0.05,0.20,0.13,0.32,0.35,0.21,1.16,2.03E-02,0.075,Non_sig
rs922483,rs922483_T_C_Non-Ref,0.95,0.85,0.89,1.07,0.83,-0.08,-0.24,-0.17,0.09,-0.27,-0.13,0.91,1.14E-01,0.227,Non_sig
rs923077,rs923077_A_C_Non-Ref,1.30,1.31,1.27,0.94,1.28,0.38,0.39,0.35,-0.09,0.36,0.28,1.21,4.06E-02,0.117,Non_sig
rs923366,rs923366_T_C_Non-Ref,0.94,1.16,1.37,1.47,1.56,-0.08,0.22,0.45,0.56,0.64,0.36,1.28,5.21E-02,0.139,Non_sig
rs9268144,rs9268144_C_T_Non-Ref,0.88,0.87,0.83,0.93,0.85,-0.19,-0.20,-0.26,-0.11,-0.24,-0.20,0.87,1.49E-03,0.014,Sig
rs9268178,rs9268178_T_C_Non-Ref,1.45,0.75,1.16,0.82,1.06,0.53,-0.42,0.21,-0.29,0.09,0.02,1.02,8.94E-01,0.939,Non_sig
rs9368854,rs9368854_T_G_Non-Ref,1.05,1.30,1.27,1.01,0.81,0.07,0.37,0.34,0.01,-0.30,0.10,1.07,4.68E-01,0.610,Non_sig
rs9380500,rs9380500_C_G_Non-Ref,0.87,0.58,0.90,0.80,0.75,-0.20,-0.78,-0.15,-0.33,-0.42,-0.38,0.77,2.80E-02,0.091,Non_sig
rs9380501,rs9380501_C_T_Non-Ref,1.25,0.85,0.88,1.19,1.04,0.32,-0.24,-0.18,0.25,0.06,0.04,1.03,7.26E-01,0.829,Non_sig
rs944915,rs944915_C_A_Non-Ref,0.94,1.31,1.07,1.13,1.03,-0.08,0.39,0.10,0.18,0.05,0.13,1.09,1.81E-01,0.312,Non_sig
rs944916,rs944916_C_T_Non-Ref,0.99,0.98,0.86,0.98,0.93,-0.01,-0.03,-0.21,-0.03,-0.10,-0.08,0.95,1.15E-01,0.227,Non_sig
rs9462002,rs9462002_G_A_Non-Ref,1.48,2.15,0.87,1.57,1.04,0.57,1.11,-0.21,0.65,0.05,0.43,1.35,1.34E-01,0.257,Non_sig
rs9462027,rs9462027_A_G_Non-Ref,0.91,0.90,0.66,0.75,0.85,-0.14,-0.15,-0.59,-0.42,-0.23,-0.31,0.81,2.45E-02,0.083,Non_sig
rs9467600,rs9467600_T_C_Non-Ref,1.38,1.59,1.63,1.58,1.64,0.47,0.67,0.70,0.66,0.72,0.64,1.56,1.35E-04,0.003,Sig
rs9467622,rs9467622_A_C_Non-Ref,0.96,0.89,1.18,0.92,0.99,-0.06,-0.16,0.24,-0.12,-0.01,-0.02,0.98,7.49E-01,0.848,Non_sig
rs9469843,rs9469843_A_G_Non-Ref,0.87,1.20,1.01,1.01,1.66,-0.20,0.26,0.02,0.02,0.73,0.17,1.12,3.53E-01,0.503,Non_sig
rs9469958,rs9469958_A_T_Non-Ref,1.41,1.18,0.98,1.14,1.37,0.49,0.23,-0.03,0.19,0.45,0.27,1.20,4.63E-02,0.129,Non_sig
rs9469975,rs9469975_A_G_Non-Ref,2.62,0.95,0.89,2.36,1.45,1.39,-0.08,-0.16,1.24,0.54,0.59,1.50,1.43E-01,0.268,Non_sig
rs9469979,rs9469979_C_T_Non-Ref,0.64,0.47,0.46,0.43,0.64,-0.64,-1.08,-1.11,-1.20,-0.66,-0.94,0.52,1.43E-03,0.014,Sig
rs9469982,rs9469982_A_G_Non-Ref,1.04,1.00,1.13,1.48,1.07,0.05,0.00,0.18,0.56,0.10,0.18,1.13,1.52E-01,0.277,Non_sig
rs960709,rs960709_G_A_Non-Ref,0.94,1.25,0.88,1.23,0.85,-0.09,0.32,-0.18,0.30,-0.24,0.02,1.02,8.65E-01,0.920,Non_sig
rs9652582,rs9652582_A_G_Non-Ref,1.06,0.97,0.76,0.94,1.21,0.08,-0.05,-0.39,-0.09,0.27,-0.04,0.98,7.56E-01,0.849,Non_sig
rs9652840,rs9652840_T_A_Non-Ref,0.50,0.53,0.61,0.42,0.60,-0.99,-0.92,-0.72,-1.25,-0.74,-0.92,0.53,7.01E-04,0.009,Sig
rs9724470,rs9724470_A_C_Non-Ref,1.37,1.01,1.18,1.00,1.09,0.46,0.01,0.24,0.00,0.12,0.17,1.12,1.23E-01,0.238,Non_sig
rs9745421,rs9745421_A_G_Non-Ref,0.98,0.96,1.04,0.80,0.96,-0.03,-0.06,0.06,-0.32,-0.06,-0.08,0.94,2.66E-01,0.411,Non_sig
rs9746695,rs9746695_C_T_Non-Ref,1.00,0.85,1.15,1.09,0.90,0.00,-0.24,0.21,0.12,-0.16,-0.01,0.99,8.72E-01,0.923,Non_sig
rs9782955,rs9782955_C_T_Non-Ref,0.82,1.04,0.92,1.03,0.99,-0.29,0.06,-0.11,0.04,-0.01,-0.06,0.96,3.90E-01,0.540,Non_sig
rs9806906,rs9806906_A_G_Non-Ref,0.92,0.79,0.71,0.73,0.84,-0.13,-0.35,-0.48,-0.45,-0.25,-0.33,0.80,7.35E-03,0.042,Sig
rs9843355,rs9843355_A_G_Non-Ref,0.70,1.55,1.12,1.11,0.97,-0.51,0.63,0.17,0.15,-0.04,0.08,1.06,6.86E-01,0.800,Non_sig
rs9888879,rs9888879_C_T_Non-Ref,1.11,1.09,0.75,0.94,1.07,0.15,0.12,-0.42,-0.09,0.10,-0.03,0.98,8.17E-01,0.891,Non_sig
rs9898031,rs9898031_G_C_Non-Ref,0.85,0.94,0.82,0.98,0.97,-0.23,-0.09,-0.29,-0.03,-0.05,-0.14,0.91,5.25E-02,0.140,Non_sig
rs9899345,rs9899345_A_G_Non-Ref,0.85,0.94,0.72,1.09,0.86,-0.23,-0.09,-0.47,0.13,-0.22,-0.18,0.88,1.41E-01,0.265,Non_sig
rs9900019,rs9900019_C_T_Non-Ref,0.81,1.00,1.09,0.82,1.27,-0.30,-0.01,0.12,-0.28,0.35,-0.02,0.98,8.55E-01,0.914,Non_sig
rs9902621,rs9902621_A_G_Non-Ref,0.96,0.95,0.93,1.06,0.87,-0.06,-0.07,-0.11,0.09,-0.21,-0.07,0.95,2.14E-01,0.351,Non_sig
rs9905881,rs9905881_A_G_Non-Ref,1.19,1.57,0.80,1.11,0.92,0.25,0.65,-0.33,0.15,-0.12,0.12,1.09,5.12E-01,0.653,Non_sig
rs9914665,rs9914665_C_T_Non-Ref,0.93,1.16,0.91,1.02,1.32,-0.10,0.21,-0.14,0.03,0.40,0.08,1.06,4.79E-01,0.621,Non_sig
rs9925985,rs9925985_C_A_Non-Ref,0.94,0.91,0.80,1.21,0.87,-0.08,-0.14,-0.32,0.27,-0.20,-0.10,0.94,3.92E-01,0.541,Non_sig
rs9926078,rs9926078_C_G_Non-Ref,0.67,0.57,0.72,0.50,0.83,-0.57,-0.82,-0.47,-1.00,-0.26,-0.62,0.65,8.65E-03,0.047,Sig
rs9931397,rs9931397_C_G_Non-Ref,0.42,0.49,0.54,0.51,0.55,-1.26,-1.03,-0.90,-0.98,-0.86,-1.00,0.50,1.40E-04,0.003,Sig
rs9933507,rs9933507_C_T_Non-Ref,0.81,0.83,0.93,0.94,0.74,-0.31,-0.26,-0.10,-0.08,-0.43,-0.24,0.85,2.14E-02,0.078,Non_sig
rs9933520,rs9933520_G_A_Non-Ref,0.94,0.89,0.93,0.74,0.88,-0.09,-0.16,-0.10,-0.43,-0.18,-0.19,0.88,3.43E-02,0.105,Non_sig
rs9933937,rs9933937_C_T_Non-Ref,1.67,1.39,1.50,1.21,1.54,0.74,0.48,0.59,0.27,0.62,0.54,1.45,2.43E-03,0.019,Sig
rs9934969,rs9934969_A_G_Non-Ref,0.89,1.13,1.23,1.03,1.07,-0.18,0.18,0.29,0.04,0.09,0.09,1.06,3.38E-01,0.486,Non_sig
rs9940397,rs9940397_C_T_Non-Ref,1.01,1.05,1.00,1.00,1.04,0.02,0.07,0.01,0.00,0.06,0.03,1.02,8.94E-02,0.189,Non_sig
rs9941107,rs9941107_A_G_Non-Ref,0.79,0.67,0.79,0.49,0.77,-0.33,-0.58,-0.34,-1.03,-0.38,-0.53,0.69,1.57E-02,0.064,Non_sig
rs111238440,rs111238440_-_A_Non-Ref,1.06,1.06,1.12,1.00,1.08,0.08,0.08,0.16,0.00,0.11,0.09,1.06,2.81E-02,0.091,Non_sig
rs11309810,rs11309810_-_G_Non-Ref,1.13,0.97,0.82,0.93,0.88,0.18,-0.05,-0.28,-0.10,-0.18,-0.09,0.94,3.28E-01,0.481,Non_sig
rs11344572,rs11344572_-_T_Non-Ref,0.42,0.49,1.25,0.75,1.35,-1.24,-1.02,0.32,-0.41,0.43,-0.38,0.77,3.20E-01,0.477,Non_sig
rs11353498,rs11353498_-_T_Non-Ref,1.05,1.06,1.30,0.99,1.01,0.07,0.08,0.38,-0.01,0.01,0.11,1.08,2.06E-01,0.343,Non_sig
rs139773323,rs139773323_-_T_Non-Ref,0.86,0.93,0.92,0.86,0.89,-0.21,-0.11,-0.12,-0.22,-0.17,-0.17,0.89,1.84E-03,0.016,Sig
rs141477002,rs141477002_-_T_Non-Ref,0.89,1.53,1.54,0.83,0.83,-0.18,0.61,0.62,-0.28,-0.27,0.10,1.07,6.50E-01,0.767,Non_sig
rs143341568,rs143341568_-_CA_Non-Ref,0.97,1.00,0.99,1.24,0.86,-0.05,0.00,-0.02,0.31,-0.22,0.00,1.00,9.70E-01,0.983,Non_sig
rs144077726,rs144077726_-_CAAAAA_Non-Ref,0.86,0.77,0.89,1.36,0.96,-0.22,-0.37,-0.17,0.44,-0.06,-0.08,0.95,6.11E-01,0.739,Non_sig
rs145107403,rs145107403_-_ATATC_Non-Ref,1.11,0.87,0.74,0.76,1.20,0.14,-0.20,-0.44,-0.39,0.27,-0.12,0.92,4.33E-01,0.578,Non_sig
rs146576271,rs146576271_-_G_Non-Ref,0.66,1.00,0.88,0.79,1.02,-0.60,0.00,-0.19,-0.35,0.03,-0.22,0.86,1.30E-01,0.248,Non_sig
rs148487374,rs148487374_-_T_Non-Ref,0.97,1.12,1.22,1.09,1.18,-0.05,0.16,0.28,0.12,0.24,0.15,1.11,5.92E-02,0.150,Non_sig
rs150652998,rs150652998_-_T_Non-Ref,1.23,1.43,1.00,1.25,1.12,0.30,0.52,0.01,0.32,0.16,0.26,1.20,3.77E-02,0.112,Non_sig
rs151025263,rs151025263_-_ATTTATTT_Non-Ref,1.20,1.08,1.09,0.93,1.05,0.26,0.11,0.12,-0.10,0.07,0.09,1.07,1.87E-01,0.319,Non_sig
rs200553010,rs200553010_-_G_Non-Ref,1.01,1.04,1.22,0.97,1.08,0.02,0.06,0.29,-0.04,0.11,0.09,1.06,1.87E-01,0.319,Non_sig
rs200893385,rs200893385_-_A_Non-Ref,0.74,1.06,0.76,1.10,0.86,-0.43,0.08,-0.39,0.14,-0.21,-0.16,0.89,2.35E-01,0.375,Non_sig
rs200898512,rs200898512_-_TTG_Non-Ref,0.78,0.76,0.66,0.72,0.69,-0.35,-0.40,-0.59,-0.48,-0.53,-0.47,0.72,3.84E-04,0.006,Sig
rs201119297,rs201119297_-_A_Non-Ref,1.08,0.98,1.23,0.89,1.10,0.11,-0.02,0.30,-0.18,0.13,0.07,1.05,4.35E-01,0.579,Non_sig
rs201139655,rs201139655_-_C_Non-Ref,0.96,1.12,0.96,1.09,1.11,-0.06,0.17,-0.06,0.13,0.15,0.07,1.05,2.66E-01,0.411,Non_sig
rs201395507,rs201395507_-_TCTG_Non-Ref,1.37,1.14,1.10,0.83,0.88,0.46,0.20,0.14,-0.26,-0.18,0.07,1.05,6.28E-01,0.755,Non_sig
rs201671261,rs201671261_-_T_Non-Ref,0.86,2.07,0.76,1.09,0.74,-0.21,1.05,-0.39,0.13,-0.44,0.03,1.02,9.27E-01,0.959,Non_sig
rs201758705,rs201758705_-_T_Non-Ref,0.77,1.08,1.03,0.96,1.29,-0.38,0.11,0.04,-0.06,0.37,0.01,1.01,9.19E-01,0.954,Non_sig
rs201897302,rs201897302_-_TG_Non-Ref,1.17,1.14,1.06,0.97,1.03,0.23,0.18,0.09,-0.04,0.04,0.10,1.07,1.13E-01,0.226,Non_sig
rs3214179,rs3214179_-_G_Non-Ref,1.12,0.84,1.05,1.01,1.06,0.17,-0.25,0.07,0.01,0.08,0.02,1.01,8.36E-01,0.906,Non_sig
rs3214973,rs3214973_-_G_Non-Ref,1.32,1.13,0.96,1.16,1.14,0.40,0.17,-0.06,0.21,0.19,0.18,1.14,6.74E-02,0.159,Non_sig
rs34637414,rs34637414_-_G_Non-Ref,0.66,0.81,0.92,0.92,0.82,-0.60,-0.30,-0.11,-0.13,-0.29,-0.28,0.82,3.07E-02,0.097,Non_sig
rs34692786,rs34692786_-_A_Non-Ref,0.56,0.83,0.44,0.74,0.37,-0.83,-0.27,-1.18,-0.44,-1.44,-0.83,0.56,1.94E-02,0.072,Non_sig
rs35039135,rs35039135_-_ATTT_Non-Ref,0.75,0.81,0.72,0.73,0.96,-0.41,-0.30,-0.48,-0.45,-0.07,-0.34,0.79,1.05E-02,0.053,Non_sig
rs35158165,rs35158165_-_TT_Non-Ref,1.24,1.08,1.12,0.92,1.14,0.31,0.11,0.16,-0.12,0.19,0.13,1.09,1.39E-01,0.263,Non_sig
rs35260419,rs35260419_-_T_Non-Ref,1.20,1.12,1.16,1.23,1.08,0.26,0.16,0.21,0.30,0.11,0.21,1.16,3.66E-03,0.025,Sig
rs35285078,rs35285078_-_C_Non-Ref,0.87,1.00,1.14,1.08,1.01,-0.20,0.01,0.19,0.12,0.02,0.03,1.02,6.91E-01,0.805,Non_sig
rs35552623,rs35552623_-_A_Non-Ref,0.99,0.83,0.89,0.90,1.14,-0.01,-0.26,-0.18,-0.15,0.19,-0.08,0.94,3.59E-01,0.508,Non_sig
rs35739911,rs35739911_-_C_Non-Ref,0.92,0.99,1.08,0.77,1.12,-0.12,-0.02,0.12,-0.37,0.17,-0.04,0.97,6.65E-01,0.779,Non_sig
rs35857395,rs35857395_-_AT_Non-Ref,0.97,0.95,1.01,0.96,1.05,-0.05,-0.07,0.01,-0.06,0.07,-0.02,0.99,4.53E-01,0.594,Non_sig
rs36017297,rs36017297_-_T_Non-Ref,1.07,1.05,0.94,0.94,1.00,0.10,0.07,-0.09,-0.09,0.00,0.00,1.00,9.79E-01,0.986,Non_sig
rs367701385,rs367701385_-_A_Non-Ref,0.83,1.06,0.71,0.90,0.98,-0.27,0.09,-0.49,-0.16,-0.03,-0.17,0.89,1.60E-01,0.285,Non_sig
rs3830649,rs3830649_-_G_Non-Ref,1.55,0.59,1.03,0.86,1.81,0.63,-0.76,0.04,-0.21,0.86,0.11,1.08,7.24E-01,0.829,Non_sig
rs3830781,rs3830781_-_TCC_Non-Ref,0.93,0.91,0.56,0.89,0.80,-0.10,-0.14,-0.83,-0.16,-0.33,-0.31,0.81,8.32E-02,0.180,Non_sig
rs3831674,rs3831674_-_T_Non-Ref,1.12,0.98,0.95,1.24,1.02,0.16,-0.03,-0.08,0.31,0.03,0.08,1.06,3.28E-01,0.481,Non_sig
rs3832683,rs3832683_-_A_Non-Ref,1.42,0.93,1.27,1.04,0.99,0.51,-0.11,0.34,0.05,-0.02,0.15,1.11,2.54E-01,0.400,Non_sig
rs386725645,rs386725645_CCTA_AGT_Non-Ref,1.11,0.78,0.93,1.07,0.88,0.14,-0.36,-0.10,0.10,-0.18,-0.08,0.95,4.30E-01,0.577,Non_sig
rs5860052,rs5860052_-_T_Non-Ref,0.88,1.00,0.74,0.98,0.85,-0.19,0.00,-0.43,-0.04,-0.23,-0.18,0.88,8.28E-02,0.180,Non_sig
rs5875511,rs5875511_-_AT_Non-Ref,0.86,0.92,0.91,1.04,0.95,-0.22,-0.12,-0.13,0.06,-0.08,-0.10,0.93,1.01E-01,0.206,Non_sig
rs5889350,rs5889350_-_T_Non-Ref,0.86,0.96,0.94,0.81,0.89,-0.22,-0.06,-0.09,-0.31,-0.16,-0.17,0.89,1.92E-02,0.072,Non_sig
rs66724277,rs66724277_-_T_Non-Ref,0.82,0.74,0.92,0.85,0.93,-0.28,-0.43,-0.12,-0.23,-0.11,-0.23,0.85,1.70E-02,0.067,Non_sig
rs67919009,rs67919009_-_CTT_Non-Ref,0.93,0.92,0.84,0.95,0.92,-0.10,-0.12,-0.26,-0.08,-0.12,-0.14,0.91,1.20E-02,0.055,Non_sig
rs68089032,rs68089032_-_CTGT_Non-Ref,1.43,1.30,1.37,1.38,1.19,0.51,0.38,0.46,0.46,0.25,0.41,1.33,8.77E-04,0.010,Sig
rs71538255,rs71538255_-_G_Non-Ref,1.21,1.32,1.20,1.49,1.39,0.28,0.40,0.26,0.58,0.47,0.40,1.32,2.60E-03,0.020,Sig
rs71781748,rs71781748_-_TGCCTGCCTGCCTGCC_Non-Ref,0.77,0.94,0.70,0.94,0.58,-0.38,-0.09,-0.51,-0.09,-0.78,-0.37,0.77,4.69E-02,0.130,Non_sig
rs72278083,rs72278083_-_TAAA_Non-Ref,0.80,0.86,0.89,1.04,1.63,-0.32,-0.22,-0.17,0.05,0.71,0.01,1.01,9.60E-01,0.977,Non_sig
rs76944004,rs76944004_-_T_Non-Ref,0.97,0.86,0.99,1.00,0.94,-0.04,-0.21,-0.01,0.00,-0.08,-0.07,0.95,1.44E-01,0.268,Non_sig