Variant,Compare_nr-vs-r,Rep1_NR/R_Ratio,Rep2_NR/R_Ratio,Rep3_NR/R_Ratio,Rep1_NR/R_Ratio_Log2,Rep2_NR/R_Ratio_Log2,Rep3_NR/R_Ratio_Log2,Log2_Average,Allelic_Fold_Change,P_value,pFDR,Significance
rs117447227,rs117447227_T_C,0.62,0.62,0.62,-0.69,-0.69,-0.68,-0.69,0.62,2.89E-05,0.012,Sig
rs9938063,rs9938063_G_A,1.16,1.16,1.15,0.21,0.21,0.21,0.21,1.16,8.66E-05,0.012,Sig
rs13385731,rs13385731_C_T,4.31,4.38,4.17,2.11,2.13,2.06,2.10,4.28,9.35E-05,0.012,Sig
rs13335265,rs13335265_C_G,0.47,0.47,0.48,0.09,0.08,0.05,0.08,0.47,1.21E-04,0.012,Sig
rs10036748,rs10036748_T_C,0.56,0.57,0.57,-0.83,-0.80,-0.80,-0.81,0.57,1.28E-04,0.012,Sig
rs340626,rs340626_T_C,0.52,0.53,0.53,-0.94,-0.90,-0.91,-0.92,0.53,1.50E-04,0.012,Sig
rs200820567,rs200820567_A_T,0.26,0.24,0.24,0.97,0.03,0.07,0.02,0.25,2.39E-04,0.016,Sig
rs148314165,rs148314165_-_T,0.24,0.24,0.26,0.08,0.04,0.96,0.03,0.25,2.71E-04,0.016,Sig
rs11797562,rs11797562_A_C,0.45,0.44,0.43,0.14,0.19,0.22,0.18,0.44,3.25E-04,0.016,Sig
rs2936303,rs2936303_A_G,1.85,1.78,1.83,0.89,0.83,0.88,0.86,1.82,3.31E-04,0.016,Sig
rs463426,rs463426_C_T,1.13,1.14,1.14,0.18,0.19,0.19,0.19,1.14,3.80E-04,0.016,Sig
rs6643807,rs6643807_C_G,1.57,1.62,1.60,0.65,0.70,0.67,0.68,1.60,4.19E-04,0.016,Sig
rs1883832,rs1883832_C_T,1.07,1.07,1.07,0.10,0.10,0.10,0.10,1.07,4.28E-04,0.016,Sig
rs2532873,rs2532873_C_G,0.90,0.89,0.90,-0.15,-0.16,-0.15,-0.16,0.90,5.22E-04,0.018,Sig
rs944916,rs944916_C_T,1.70,1.64,1.64,0.77,0.71,0.72,0.73,1.66,5.65E-04,0.019,Sig
rs2431697,rs2431697_C_T,1.44,1.48,1.45,0.52,0.57,0.54,0.54,1.46,6.92E-04,0.021,Sig
rs7574865,rs7574865_G_T,1.36,1.32,1.34,0.44,0.40,0.43,0.43,1.34,7.81E-04,0.022,Sig
rs1801274,rs1801274_G_A,1.14,1.16,1.16,0.19,0.21,0.21,0.20,1.15,8.33E-04,0.022,Sig
rs80208125,rs80208125_G_A,1.35,1.39,1.38,0.43,0.47,0.47,0.46,1.37,8.93E-04,0.022,Sig
rs762653,rs762653_A_G,1.23,1.26,1.23,0.30,0.33,0.30,0.31,1.24,9.32E-04,0.022,Sig
rs4711411,rs4711411_G_A,1.72,1.63,1.69,0.79,0.71,0.76,0.75,1.68,9.44E-04,0.022,Sig
rs28626750,rs28626750_G_A,1.34,1.30,1.32,0.42,0.38,0.40,0.40,1.32,1.12E-03,0.025,Sig
rs2071132,rs2071132_A_G,0.93,0.94,0.93,-0.10,-0.09,-0.10,-0.10,0.93,1.32E-03,0.028,Sig
rs3101018,rs3101018_T_C,0.58,0.62,0.61,-0.78,-0.69,-0.70,-0.72,0.61,1.45E-03,0.028,Sig
rs5913948,rs5913948_T_C,0.55,0.56,0.59,-0.86,-0.84,-0.76,-0.82,0.57,1.48E-03,0.028,Sig
rs4146203,rs4146203_G_C,1.21,1.19,1.18,0.27,0.25,0.24,0.26,1.19,1.49E-03,0.028,Sig
rs1059702,rs1059702_G_A,0.67,0.70,0.66,-0.57,-0.52,-0.60,-0.56,0.68,1.67E-03,0.030,Sig
rs9267574,rs9267574_A_C,0.30,0.31,0.26,0.73,0.69,0.93,0.78,0.29,1.71E-03,0.030,Sig
rs2069235,rs2069235_A_G,1.49,1.57,1.48,0.58,0.65,0.56,0.60,1.51,1.92E-03,0.031,Sig
rs6938946,rs6938946_T_C,0.68,0.64,0.66,-0.55,-0.65,-0.61,-0.60,0.66,2.01E-03,0.031,Sig
rs1884738,rs1884738_G_C,0.39,0.39,0.44,0.35,0.38,0.19,0.30,0.41,2.05E-03,0.031,Sig
rs6643653,rs6643653_G_A,1.44,1.38,1.37,0.52,0.46,0.45,0.48,1.39,2.07E-03,0.031,Sig
rs2148947,rs2148947_G_A,1.32,1.27,1.32,0.40,0.35,0.40,0.38,1.31,2.15E-03,0.031,Sig
rs61400421,rs61400421_C_A,0.74,0.77,0.77,-0.43,-0.37,-0.39,-0.40,0.76,2.17E-03,0.031,Sig
rs56309244,rs56309244_A_G,1.28,1.27,1.24,0.36,0.35,0.31,0.34,1.26,2.18E-03,0.031,Sig
rs78199774,rs78199774_G_A,1.27,1.30,1.33,0.35,0.37,0.41,0.38,1.30,2.49E-03,0.033,Sig
rs6612707,rs6612707_C_G,0.82,0.84,0.81,-0.28,-0.26,-0.31,-0.28,0.82,2.61E-03,0.033,Sig
rs4889542,rs4889542_C_A,0.69,0.73,0.71,-0.54,-0.45,-0.49,-0.50,0.71,2.64E-03,0.033,Sig
rs876037,rs876037_A_T,0.87,0.86,0.88,-0.20,-0.21,-0.18,-0.20,0.87,2.66E-03,0.033,Sig
rs5914728,rs5914728_G_A,0.45,0.48,0.51,0.17,0.05,-0.97,0.06,0.48,2.72E-03,0.033,Sig
rs77904818,rs77904818_A_C,0.73,0.77,0.76,-0.45,-0.38,-0.40,-0.41,0.75,2.89E-03,0.035,Sig
rs9936079,rs9936079_A_G,0.80,0.79,0.77,-0.32,-0.34,-0.38,-0.35,0.79,3.03E-03,0.036,Sig
rs5914733,rs5914733_A_T,1.14,1.17,1.17,0.19,0.22,0.23,0.21,1.16,3.40E-03,0.039,Sig
rs732934,rs732934_A_G,0.69,0.73,0.73,-0.54,-0.45,-0.46,-0.49,0.71,3.69E-03,0.040,Sig
rs3027878,rs3027878_A_C,1.70,1.92,1.84,0.76,0.94,0.88,0.86,1.82,3.71E-03,0.040,Sig
rs6940375,rs6940375_G_C,1.27,1.31,1.34,0.34,0.39,0.42,0.38,1.30,3.73E-03,0.040,Sig
rs57668933,rs57668933_C_T,0.63,0.65,0.69,-0.66,-0.63,-0.54,-0.61,0.66,3.77E-03,0.040,Sig
rs1489965,rs1489965_T_C,0.71,0.76,0.74,-0.50,-0.40,-0.44,-0.44,0.73,4.02E-03,0.040,Sig
rs4717901,rs4717901_C_A,0.71,0.74,0.76,-0.50,-0.43,-0.40,-0.44,0.74,4.32E-03,0.040,Sig
rs6985109,rs6985109_A_G,0.72,0.75,0.77,-0.46,-0.41,-0.37,-0.42,0.75,4.34E-03,0.040,Sig
rs116007403,rs116007403_C_A,0.82,0.81,0.84,-0.29,-0.31,-0.24,-0.28,0.82,4.35E-03,0.040,Sig
rs3129950,rs3129950_C_G,0.60,0.59,0.65,-0.75,-0.77,-0.62,-0.71,0.61,4.35E-03,0.040,Sig
rs12576753,rs12576753_A_C,0.54,0.60,0.61,-0.89,-0.74,-0.72,-0.78,0.58,4.40E-03,0.040,Sig
rs111423246,rs111423246_A_G,0.85,0.81,0.84,-0.24,-0.30,-0.26,-0.27,0.83,4.44E-03,0.040,Sig
rs57095329,rs57095329_G_A,0.83,0.86,0.84,-0.28,-0.22,-0.25,-0.25,0.84,4.50E-03,0.040,Sig
rs79315018,rs79315018_A_G,0.92,0.91,0.90,-0.12,-0.14,-0.14,-0.13,0.91,4.58E-03,0.040,Sig
rs12792306,rs12792306_C_T,1.34,1.40,1.30,0.42,0.48,0.38,0.43,1.35,4.67E-03,0.040,Sig
rs34288126,rs34288126_A_G,0.75,0.78,0.79,-0.42,-0.35,-0.34,-0.37,0.77,4.70E-03,0.040,Sig
rs71538255,rs71538255_-_G,1.25,1.21,1.28,0.32,0.28,0.36,0.32,1.25,4.81E-03,0.040,Sig
rs9267574,rs9267574_T_C,0.49,0.57,0.49,0.02,-0.82,0.02,-0.95,0.52,4.83E-03,0.040,Sig
rs1930975,rs1930975_C_A,1.05,1.07,1.06,0.07,0.09,0.08,0.08,1.06,5.01E-03,0.040,Sig
rs112569955,rs112569955_G_A,1.42,1.33,1.32,0.50,0.41,0.40,0.44,1.36,5.14E-03,0.041,Sig
rs5960754,rs5960754_A_G,1.48,1.48,1.36,0.56,0.56,0.44,0.52,1.44,6.21E-03,0.049,Sig
rs6740462,rs6740462_A_C,0.75,0.68,0.73,-0.42,-0.56,-0.46,-0.48,0.72,6.50E-03,0.049,Sig
rs9267544,rs9267544_A_C,0.60,0.66,0.68,-0.73,-0.59,-0.56,-0.63,0.65,6.58E-03,0.049,Sig
rs5960771,rs5960771_G_T,1.34,1.32,1.43,0.42,0.41,0.52,0.45,1.36,6.62E-03,0.049,Sig
rs2277920,rs2277920_C_T,0.76,0.81,0.80,-0.39,-0.30,-0.32,-0.34,0.79,6.76E-03,0.049,Sig
rs7766531,rs7766531_C_T,0.90,0.88,0.90,-0.14,-0.19,-0.16,-0.16,0.89,6.98E-03,0.049,Sig
rs1804182,rs1804182_A_G,2.08,2.41,1.94,1.05,1.27,0.96,1.09,2.13,7.06E-03,0.049,Sig
rs9933520,rs9933520_G_A,0.79,0.80,0.84,-0.34,-0.33,-0.25,-0.31,0.81,7.13E-03,0.049,Sig
rs3800392,rs3800392_G_T,1.42,1.34,1.30,0.51,0.42,0.38,0.44,1.35,7.29E-03,0.049,Sig
rs2736335,rs2736335_G_A,0.85,0.85,0.88,-0.23,-0.24,-0.18,-0.21,0.86,7.29E-03,0.049,Sig
rs118126443,rs118126443_C_T,0.98,0.97,0.97,-0.03,-0.04,-0.04,-0.04,0.97,7.30E-03,0.049,Sig
rs3130288,rs3130288_A_C,0.88,0.88,0.90,-0.19,-0.19,-0.14,-0.17,0.89,7.33E-03,0.049,Sig
rs144651668,rs144651668_A_G,1.86,1.76,1.58,0.90,0.81,0.66,0.79,1.73,7.79E-03,0.051,Non_sig
rs2282621,rs2282621_T_C,1.48,1.59,1.41,0.56,0.67,0.49,0.58,1.49,7.96E-03,0.051,Non_sig
rs1564267,rs1564267_C_T,0.65,0.59,0.68,-0.63,-0.76,-0.56,-0.65,0.64,8.01E-03,0.051,Non_sig
rs12123181,rs12123181_A_G,1.10,1.11,1.13,0.13,0.15,0.18,0.15,1.11,8.36E-03,0.052,Non_sig
rs901886,rs901886_C_T,1.30,1.29,1.41,0.38,0.37,0.49,0.41,1.33,8.43E-03,0.052,Non_sig
rs3214973,rs3214973_-_G,1.16,1.16,1.12,0.22,0.21,0.16,0.20,1.15,8.54E-03,0.052,Non_sig
rs144361842,rs144361842_T_C,1.12,1.11,1.09,0.17,0.15,0.12,0.14,1.10,8.58E-03,0.052,Non_sig
rs5960804,rs5960804_C_G,0.50,0.39,0.48,0.01,0.35,0.05,0.14,0.45,8.61E-03,0.052,Non_sig
rs6521418,rs6521418_T_C,1.04,1.03,1.05,0.06,0.05,0.07,0.06,1.04,8.80E-03,0.052,Non_sig
rs10761602,rs10761602_T_G,0.74,0.77,0.70,-0.44,-0.37,-0.52,-0.44,0.73,8.84E-03,0.052,Non_sig
rs1602191,rs1602191_G_T,0.85,0.88,0.89,-0.23,-0.19,-0.17,-0.20,0.87,8.90E-03,0.052,Non_sig
rs1967448,rs1967448_C_G,1.41,1.28,1.36,0.49,0.35,0.44,0.43,1.35,9.04E-03,0.052,Non_sig
rs7834059,rs7834059_G_A,0.56,0.64,0.54,-0.83,-0.64,-0.89,-0.78,0.58,9.10E-03,0.052,Non_sig
rs2618480,rs2618480_C_T,1.17,1.12,1.14,0.23,0.16,0.19,0.19,1.14,9.52E-03,0.053,Non_sig
rs35103554,rs35103554_A_G,0.88,0.89,0.85,-0.19,-0.17,-0.24,-0.20,0.87,9.72E-03,0.053,Non_sig
rs2667971,rs2667971_C_T,1.79,1.51,1.68,0.84,0.59,0.75,0.73,1.66,9.80E-03,0.053,Non_sig
rs9462027,rs9462027_A_G,0.78,0.84,0.79,-0.36,-0.26,-0.35,-0.32,0.80,1.02E-02,0.053,Non_sig
rs7203793,rs7203793_G_C,0.51,0.44,0.56,-0.96,0.18,-0.83,-0.99,0.50,1.02E-02,0.053,Non_sig
rs4713841,rs4713841_C_T,0.90,0.90,0.93,-0.15,-0.16,-0.11,-0.14,0.91,1.04E-02,0.053,Non_sig
rs7193670,rs7193670_C_T,1.27,1.21,1.32,0.35,0.28,0.40,0.34,1.27,1.04E-02,0.053,Non_sig
rs2002063,rs2002063_C_T,0.83,0.79,0.85,-0.28,-0.34,-0.24,-0.29,0.82,1.06E-02,0.053,Non_sig
rs11698676,rs11698676_T_G,0.87,0.90,0.91,-0.19,-0.15,-0.14,-0.16,0.89,1.06E-02,0.053,Non_sig
rs12807718,rs12807718_C_T,1.46,1.40,1.30,0.55,0.49,0.38,0.47,1.39,1.07E-02,0.053,Non_sig
rs13338069,rs13338069_G_A,1.22,1.18,1.15,0.29,0.24,0.20,0.24,1.18,1.07E-02,0.053,Non_sig
rs4840525,rs4840525_A_C,0.73,0.71,0.79,-0.45,-0.49,-0.34,-0.43,0.74,1.08E-02,0.053,Non_sig
rs17212236,rs17212236_C_G,0.70,0.78,0.74,-0.52,-0.36,-0.44,-0.44,0.74,1.09E-02,0.053,Non_sig
rs12841797,rs12841797_C_T,0.93,0.95,0.95,-0.10,-0.07,-0.07,-0.08,0.94,1.09E-02,0.053,Non_sig
rs763737,rs763737_A_G,0.86,0.80,0.83,-0.22,-0.31,-0.28,-0.27,0.83,1.11E-02,0.054,Non_sig
rs13213604,rs13213604_C_G,0.97,0.95,0.95,-0.05,-0.07,-0.07,-0.06,0.96,1.16E-02,0.055,Non_sig
rs62130687,rs62130687_A_G,0.77,0.74,0.82,-0.37,-0.43,-0.29,-0.36,0.78,1.17E-02,0.056,Non_sig
rs868587758,rs868587758_T_G,1.42,1.68,1.54,0.51,0.75,0.62,0.63,1.54,1.22E-02,0.057,Non_sig
rs9469852,rs9469852_G_T,0.88,0.84,0.88,-0.18,-0.25,-0.19,-0.21,0.87,1.23E-02,0.057,Non_sig
rs77508372,rs77508372_G_T,1.11,1.13,1.17,0.16,0.18,0.23,0.19,1.14,1.27E-02,0.058,Non_sig
rs12574073,rs12574073_T_C,0.80,0.72,0.76,-0.32,-0.48,-0.40,-0.40,0.76,1.28E-02,0.058,Non_sig
rs2618481,rs2618481_T_C,0.87,0.82,0.87,-0.20,-0.28,-0.20,-0.23,0.85,1.28E-02,0.058,Non_sig
rs111734595,rs111734595_T_C,0.60,0.70,0.69,-0.73,-0.50,-0.53,-0.59,0.67,1.36E-02,0.061,Non_sig
rs1143678,rs1143678_T_C,1.84,1.53,1.56,0.88,0.61,0.64,0.71,1.64,1.36E-02,0.061,Non_sig
rs62130686,rs62130686_C_A,3.28,5.55,3.47,1.71,2.47,1.80,1.99,3.98,1.42E-02,0.062,Non_sig
rs6658353,rs6658353_C_G,1.17,1.12,1.19,0.22,0.16,0.25,0.21,1.16,1.43E-02,0.062,Non_sig
rs28580691,rs28580691_C_T,1.10,1.07,1.10,0.14,0.10,0.14,0.13,1.09,1.46E-02,0.063,Non_sig
rs34767000,rs34767000_T_A,0.94,0.96,0.96,-0.09,-0.06,-0.06,-0.07,0.95,1.47E-02,0.063,Non_sig
rs1265947,rs1265947_T_C,0.92,0.95,0.93,-0.12,-0.08,-0.10,-0.10,0.93,1.56E-02,0.066,Non_sig
rs4826326,rs4826326_T_A,0.71,0.80,0.73,-0.49,-0.32,-0.46,-0.42,0.75,1.58E-02,0.066,Non_sig
rs1576223,rs1576223_A_T,0.84,0.89,0.87,-0.25,-0.16,-0.20,-0.20,0.87,1.66E-02,0.069,Non_sig
rs2058531,rs2058531_C_T,0.80,0.71,0.77,-0.32,-0.50,-0.37,-0.40,0.76,1.74E-02,0.072,Non_sig
rs146963441,rs146963441_T_C,0.59,0.71,0.66,-0.77,-0.48,-0.60,-0.62,0.65,1.75E-02,0.072,Non_sig
rs2205960,rs2205960_T_G,0.90,0.92,0.88,-0.15,-0.11,-0.19,-0.15,0.90,1.77E-02,0.072,Non_sig
rs11600355,rs11600355_C_T,1.36,1.38,1.22,0.44,0.46,0.29,0.40,1.32,1.77E-02,0.072,Non_sig
rs6611550,rs6611550_T_C,0.88,0.87,0.92,-0.19,-0.21,-0.13,-0.18,0.89,1.88E-02,0.075,Non_sig
rs7211998,rs7211998_G_A,0.80,0.87,0.85,-0.32,-0.20,-0.24,-0.25,0.84,1.91E-02,0.075,Non_sig
rs4826512,rs4826512_T_G,1.40,1.24,1.27,0.49,0.31,0.35,0.38,1.30,1.92E-02,0.075,Non_sig
rs4826512,rs4826512_C_G,1.38,1.24,1.24,0.47,0.31,0.31,0.36,1.29,1.93E-02,0.075,Non_sig
rs62130688,rs62130688_C_T,1.16,1.25,1.28,0.22,0.32,0.36,0.30,1.23,1.97E-02,0.076,Non_sig
rs6835745,rs6835745_T_G,0.77,0.78,0.85,-0.37,-0.36,-0.23,-0.32,0.80,1.97E-02,0.076,Non_sig
rs5914749,rs5914749_C_A,1.33,1.23,1.41,0.41,0.30,0.49,0.40,1.32,2.00E-02,0.076,Non_sig
rs2071920,rs2071920_T_C,0.98,0.96,0.97,-0.03,-0.06,-0.05,-0.05,0.97,2.01E-02,0.076,Non_sig
rs5914011,rs5914011_C_G,0.85,0.76,0.79,-0.23,-0.39,-0.33,-0.32,0.80,2.17E-02,0.082,Non_sig
rs79411652,rs79411652_C_T,1.05,1.06,1.04,0.07,0.09,0.05,0.07,1.05,2.19E-02,0.082,Non_sig
rs11716424,rs11716424_G_A,0.98,0.97,0.96,-0.04,-0.05,-0.06,-0.05,0.97,2.22E-02,0.082,Non_sig
rs13256690,rs13256690_C_G,0.87,0.82,0.78,-0.21,-0.28,-0.36,-0.28,0.82,2.25E-02,0.083,Non_sig
rs4713853,rs4713853_C_T,1.18,1.12,1.10,0.23,0.17,0.14,0.18,1.13,2.28E-02,0.083,Non_sig
rs5860052,rs5860052_-_T,0.91,0.94,0.90,-0.13,-0.09,-0.15,-0.12,0.92,2.32E-02,0.084,Non_sig
rs13215208,rs13215208_T_C,1.19,1.25,1.13,0.25,0.32,0.18,0.25,1.19,2.45E-02,0.087,Non_sig
rs6658406,rs6658406_C_T,0.84,0.89,0.90,-0.26,-0.18,-0.15,-0.19,0.87,2.47E-02,0.087,Non_sig
rs12510382,rs12510382_G_A,0.87,0.83,0.90,-0.21,-0.26,-0.15,-0.21,0.87,2.47E-02,0.087,Non_sig
rs3210880,rs3210880_G_A,1.10,1.13,1.07,0.14,0.18,0.10,0.14,1.10,2.48E-02,0.087,Non_sig
rs7200615,rs7200615_A_G,1.30,1.28,1.49,0.38,0.36,0.58,0.44,1.35,2.52E-02,0.088,Non_sig
rs72846198,rs72846198_A_G,0.81,0.76,0.69,-0.30,-0.39,-0.53,-0.41,0.75,2.61E-02,0.090,Non_sig
rs4826327,rs4826327_A_G,1.96,1.47,1.97,0.97,0.56,0.98,0.83,1.78,2.62E-02,0.090,Non_sig
rs13106926,rs13106926_G_A,0.81,0.77,0.69,-0.30,-0.38,-0.53,-0.40,0.76,2.66E-02,0.091,Non_sig
rs9902621,rs9902621_A_G,0.92,0.87,0.86,-0.12,-0.20,-0.21,-0.18,0.89,2.67E-02,0.091,Non_sig
rs6611577,rs6611577_C_T,1.27,1.25,1.14,0.34,0.32,0.19,0.28,1.22,2.70E-02,0.091,Non_sig
rs11606612,rs11606612_A_C,0.92,0.91,0.87,-0.12,-0.14,-0.21,-0.16,0.90,2.72E-02,0.091,Non_sig
rs6907364,rs6907364_G_A,0.91,0.89,0.85,-0.13,-0.17,-0.23,-0.18,0.88,2.80E-02,0.093,Non_sig
rs5914765,rs5914765_C_G,0.92,0.87,0.91,-0.12,-0.21,-0.14,-0.16,0.90,2.85E-02,0.094,Non_sig
rs2940730,rs2940730_C_T,0.96,0.98,0.97,-0.06,-0.04,-0.04,-0.04,0.97,2.87E-02,0.094,Non_sig
rs35369977,rs35369977_G_A,0.91,0.88,0.93,-0.13,-0.18,-0.10,-0.14,0.91,2.88E-02,0.094,Non_sig
rs6611574,rs6611574_C_T,0.92,0.86,0.89,-0.12,-0.22,-0.17,-0.17,0.89,2.90E-02,0.094,Non_sig
rs141764869,rs141764869_C_T,1.13,1.07,1.12,0.18,0.10,0.16,0.15,1.11,3.00E-02,0.10,Non_sig
rs111845187,rs111845187_T_C,1.14,1.10,1.20,0.19,0.14,0.26,0.20,1.15,3.03E-02,0.10,Non_sig
rs5914727,rs5914727_T_G,1.08,1.12,1.06,0.12,0.16,0.09,0.12,1.09,3.13E-02,0.10,Non_sig
rs9907291,rs9907291_G_A,1.26,1.36,1.17,0.33,0.44,0.23,0.33,1.26,3.14E-02,0.10,Non_sig
rs199553914,rs199553914_-_AGG,0.92,0.88,0.86,-0.11,-0.19,-0.22,-0.18,0.89,3.21E-02,0.10,Non_sig
rs28578492,rs28578492_G_A,1.34,1.18,1.38,0.42,0.24,0.47,0.38,1.30,3.28E-02,0.10,Non_sig
rs3214179,rs3214179_-_G,1.14,1.07,1.13,0.19,0.10,0.18,0.15,1.11,3.35E-02,0.10,Non_sig
rs200553010,rs200553010_-_G,1.41,1.27,1.20,0.49,0.34,0.26,0.36,1.29,3.45E-02,0.11,Non_sig
rs10853837,rs10853837_A_G,1.07,1.09,1.14,0.10,0.12,0.19,0.14,1.10,3.46E-02,0.11,Non_sig
rs1912818,rs1912818_G_T,1.30,1.16,1.17,0.38,0.22,0.23,0.28,1.21,3.50E-02,0.11,Non_sig
rs199807934,rs199807934_T_A,0.82,0.80,0.90,-0.28,-0.32,-0.16,-0.25,0.84,3.51E-02,0.11,Non_sig
rs41272536,rs41272536_G_A,0.83,0.69,0.77,-0.27,-0.53,-0.37,-0.39,0.76,3.54E-02,0.11,Non_sig
rs3834310,rs3834310_-_G,0.81,0.90,0.87,-0.30,-0.16,-0.21,-0.22,0.86,3.58E-02,0.11,Non_sig
rs6612533,rs6612533_G_T,0.98,0.98,0.97,-0.03,-0.03,-0.05,-0.03,0.98,3.58E-02,0.11,Non_sig
rs280497,rs280497_G_A,1.03,1.06,1.04,0.04,0.08,0.06,0.06,1.04,3.65E-02,0.11,Non_sig
rs78076494,rs78076494_A_G,0.87,0.84,0.92,-0.20,-0.26,-0.12,-0.20,0.87,3.67E-02,0.11,Non_sig
rs9933937,rs9933937_C_T,1.22,1.25,1.11,0.29,0.32,0.16,0.26,1.19,3.69E-02,0.11,Non_sig
rs28420939,rs28420939_T_A,0.86,0.80,0.90,-0.22,-0.31,-0.16,-0.23,0.85,3.73E-02,0.11,Non_sig
rs35144535,rs35144535_G_A,2.16,1.78,1.45,1.11,0.83,0.54,0.83,1.77,3.77E-02,0.11,Non_sig
rs3130476,rs3130476_T_C,0.86,0.93,0.91,-0.21,-0.11,-0.14,-0.15,0.90,3.90E-02,0.11,Non_sig
rs3117582,rs3117582_G_T,0.88,0.87,0.94,-0.18,-0.19,-0.09,-0.16,0.90,3.91E-02,0.11,Non_sig
rs6611584,rs6611584_G_A,0.80,0.87,0.74,-0.32,-0.21,-0.44,-0.32,0.80,3.96E-02,0.11,Non_sig
rs4449583,rs4449583_T_C,1.39,1.58,1.24,0.48,0.66,0.31,0.48,1.40,4.01E-02,0.11,Non_sig
rs10208256,rs10208256_G_A,1.18,1.08,1.12,0.24,0.11,0.16,0.17,1.13,4.01E-02,0.11,Non_sig
rs7206312,rs7206312_A_G,0.90,0.87,0.81,-0.15,-0.19,-0.30,-0.21,0.86,4.04E-02,0.11,Non_sig
rs12384552,rs12384552_G_A,0.63,0.58,0.78,-0.68,-0.79,-0.37,-0.61,0.66,4.05E-02,0.11,Non_sig
rs6681162,rs6681162_T_A,1.06,1.04,1.08,0.09,0.05,0.11,0.09,1.06,4.21E-02,0.12,Non_sig
rs11600860,rs11600860_C_T,1.37,1.16,1.24,0.46,0.22,0.31,0.33,1.26,4.32E-02,0.12,Non_sig
rs7640862,rs7640862_T_G,0.86,0.90,0.93,-0.22,-0.15,-0.11,-0.16,0.90,4.43E-02,0.12,Non_sig
rs1377586,rs1377586_A_G,0.72,0.62,0.80,-0.46,-0.68,-0.31,-0.49,0.71,4.48E-02,0.12,Non_sig
rs114593541,rs114593541_T_G,1.16,1.08,1.08,0.21,0.11,0.11,0.15,1.11,4.52E-02,0.12,Non_sig
rs11250094,rs11250094_C_G,0.91,0.85,0.80,-0.14,-0.23,-0.32,-0.23,0.85,4.55E-02,0.12,Non_sig
rs10197238,rs10197238_C_T,1.14,1.06,1.13,0.19,0.08,0.18,0.15,1.11,4.57E-02,0.12,Non_sig
rs199590607,rs199590607_G_A,1.18,1.08,1.18,0.24,0.11,0.24,0.19,1.14,4.60E-02,0.12,Non_sig
rs7202472,rs7202472_T_G,1.25,1.19,1.10,0.33,0.25,0.14,0.24,1.18,4.65E-02,0.12,Non_sig
rs4657041,rs4657041_C_T,0.87,0.75,0.85,-0.20,-0.41,-0.24,-0.29,0.82,4.70E-02,0.12,Non_sig
rs17266594,rs17266594_C_T,0.96,0.93,0.91,-0.06,-0.10,-0.13,-0.10,0.94,4.79E-02,0.13,Non_sig
rs12790558,rs12790558_C_T,1.12,1.15,1.26,0.16,0.20,0.34,0.23,1.17,4.88E-02,0.13,Non_sig
rs6907324,rs6907324_C_A,1.06,1.07,1.13,0.09,0.09,0.17,0.12,1.09,4.92E-02,0.13,Non_sig
rs113233720,rs113233720_T_C,0.80,0.82,0.91,-0.32,-0.29,-0.13,-0.25,0.84,5.07E-02,0.13,Non_sig
rs3115671,rs3115671_T_G,1.04,1.06,1.10,0.06,0.08,0.14,0.09,1.07,5.12E-02,0.13,Non_sig
rs9380500,rs9380500_C_G,0.79,0.70,0.85,-0.33,-0.52,-0.23,-0.36,0.78,5.16E-02,0.13,Non_sig
rs204140,rs204140_G_A,0.85,0.71,0.66,-0.24,-0.49,-0.60,-0.44,0.74,5.40E-02,0.14,Non_sig
rs7763989,rs7763989_A_G,0.98,0.98,0.99,-0.04,-0.03,-0.01,-0.03,0.98,5.46E-02,0.14,Non_sig
rs4240671,rs4240671_A_G,0.97,0.98,0.95,-0.05,-0.03,-0.07,-0.05,0.97,5.48E-02,0.14,Non_sig
rs117436392,rs117436392_A_G,1.16,1.17,1.06,0.21,0.22,0.09,0.18,1.13,5.48E-02,0.14,Non_sig
rs4632147,rs4632147_T_C,0.92,0.81,0.88,-0.13,-0.30,-0.18,-0.20,0.87,5.82E-02,0.14,Non_sig
rs12935413,rs12935413_A_G,1.07,1.06,1.02,0.09,0.09,0.03,0.07,1.05,5.97E-02,0.15,Non_sig
rs111567516,rs111567516_T_G,1.02,1.04,1.05,0.03,0.05,0.08,0.05,1.04,6.18E-02,0.15,Non_sig
rs28392589,rs28392589_G_A,0.95,0.88,0.93,-0.07,-0.18,-0.11,-0.12,0.92,6.20E-02,0.15,Non_sig
rs340651,rs340651_T_C,0.93,0.93,0.86,-0.10,-0.11,-0.21,-0.14,0.91,6.22E-02,0.15,Non_sig
rs5914025,rs5914025_T_A,1.30,1.11,1.34,0.38,0.15,0.43,0.32,1.25,6.23E-02,0.15,Non_sig
rs4826493,rs4826493_C_G,1.06,1.10,1.04,0.09,0.14,0.05,0.09,1.07,6.26E-02,0.15,Non_sig
rs34741518,rs34741518_C_A,1.21,1.08,1.12,0.27,0.11,0.16,0.18,1.13,6.33E-02,0.15,Non_sig
rs5889350,rs5889350_-_T,0.93,0.85,0.92,-0.11,-0.23,-0.11,-0.15,0.90,6.35E-02,0.15,Non_sig
rs150241951,rs150241951_T_C,1.07,1.15,1.07,0.10,0.20,0.10,0.13,1.10,6.39E-02,0.15,Non_sig
rs12298615,rs12298615_A_G,1.06,1.09,1.17,0.09,0.13,0.22,0.15,1.11,6.50E-02,0.15,Non_sig
rs12405577,rs12405577_T_C,1.32,1.27,1.10,0.40,0.34,0.14,0.29,1.22,6.50E-02,0.15,Non_sig
rs2395603,rs2395603_A_G,0.88,0.96,0.90,-0.18,-0.06,-0.15,-0.13,0.91,6.58E-02,0.15,Non_sig
rs1551559,rs1551559_T_C,1.07,1.05,1.12,0.09,0.07,0.16,0.11,1.08,6.59E-02,0.15,Non_sig
rs1712512,rs1712512_T_A,1.18,1.36,1.14,0.24,0.44,0.18,0.29,1.22,6.67E-02,0.15,Non_sig
rs1143679,rs1143679_A_G,1.03,1.03,1.07,0.05,0.05,0.10,0.07,1.05,6.73E-02,0.15,Non_sig
rs6612694,rs6612694_A_G,0.84,0.77,0.64,-0.26,-0.37,-0.65,-0.43,0.74,6.84E-02,0.16,Non_sig
rs11861236,rs11861236_C_T,1.22,1.09,1.10,0.28,0.12,0.14,0.18,1.13,6.88E-02,0.16,Non_sig
rs12919083,rs12919083_C_A,1.12,1.05,1.06,0.16,0.06,0.08,0.10,1.07,7.06E-02,0.16,Non_sig
rs4402013,rs4402013_T_A,1.17,1.05,1.14,0.23,0.07,0.19,0.16,1.12,7.23E-02,0.16,Non_sig
rs56136409,rs56136409_G_C,1.07,1.05,1.14,0.10,0.08,0.19,0.12,1.09,7.25E-02,0.16,Non_sig
rs6032664,rs6032664_T_A,1.06,1.07,1.02,0.09,0.10,0.03,0.07,1.05,7.32E-02,0.16,Non_sig
rs9806906,rs9806906_A_G,1.03,1.09,1.07,0.04,0.13,0.09,0.09,1.06,7.43E-02,0.17,Non_sig
rs4826492,rs4826492_C_T,1.07,1.21,1.10,0.10,0.27,0.14,0.17,1.13,7.58E-02,0.17,Non_sig
rs1967450,rs1967450_T_C,0.91,0.74,0.76,-0.13,-0.44,-0.39,-0.32,0.80,7.63E-02,0.17,Non_sig
rs2087507,rs2087507_T_G,0.52,0.71,0.78,-0.95,-0.50,-0.36,-0.60,0.66,7.63E-02,0.17,Non_sig
rs2224092,rs2224092_A_G,0.84,0.95,0.86,-0.25,-0.07,-0.21,-0.18,0.88,7.85E-02,0.17,Non_sig
rs113665284,rs113665284_A_G,1.04,1.09,1.04,0.05,0.13,0.06,0.08,1.06,7.87E-02,0.17,Non_sig
rs201897302,rs201897302_-_TG,0.74,0.87,0.89,-0.43,-0.21,-0.17,-0.27,0.83,7.89E-02,0.17,Non_sig
rs2873174,rs2873174_G_A,0.88,0.96,0.89,-0.18,-0.05,-0.17,-0.14,0.91,8.00E-02,0.17,Non_sig
rs112141468,rs112141468_T_C,0.92,0.93,0.84,-0.11,-0.11,-0.25,-0.16,0.90,8.02E-02,0.17,Non_sig
rs12790010,rs12790010_C_T,0.96,0.87,0.88,-0.06,-0.20,-0.19,-0.15,0.90,8.02E-02,0.17,Non_sig
rs56327845,rs56327845_T_C,0.92,0.97,0.95,-0.12,-0.04,-0.07,-0.08,0.95,8.03E-02,0.17,Non_sig
rs1143683,rs1143683_T_C,0.68,0.89,0.69,-0.55,-0.16,-0.53,-0.41,0.75,8.16E-02,0.17,Non_sig
rs35039135,rs35039135_-_ATTT,1.30,1.19,1.08,0.38,0.25,0.11,0.25,1.19,8.28E-02,0.17,Non_sig
rs4660116,rs4660116_C_T,0.88,0.77,0.91,-0.19,-0.38,-0.14,-0.23,0.85,8.28E-02,0.17,Non_sig
rs9909432,rs9909432_C_T,0.91,0.82,0.93,-0.14,-0.29,-0.11,-0.18,0.88,8.63E-02,0.18,Non_sig
rs12793224,rs12793224_A_G,0.95,0.94,0.88,-0.07,-0.09,-0.19,-0.12,0.92,8.71E-02,0.18,Non_sig
rs11353498,rs11353498_-_T,1.03,1.10,1.13,0.05,0.14,0.17,0.12,1.09,8.86E-02,0.18,Non_sig
rs5914731,rs5914731_C_T,0.83,0.95,0.89,-0.26,-0.08,-0.16,-0.17,0.89,8.93E-02,0.18,Non_sig
rs112020444,rs112020444_T_C,0.92,0.98,0.93,-0.12,-0.03,-0.11,-0.09,0.94,8.94E-02,0.18,Non_sig
rs77642050,rs77642050_A_G,0.47,0.60,0.81,0.10,-0.74,-0.31,-0.71,0.61,8.98E-02,0.18,Non_sig
rs9782955,rs9782955_C_T,1.02,1.08,1.06,0.03,0.11,0.08,0.07,1.05,9.01E-02,0.18,Non_sig
rs922483,rs922483_T_C,0.96,0.97,0.92,-0.06,-0.04,-0.11,-0.07,0.95,9.01E-02,0.18,Non_sig
rs2250788,rs2250788_G_A,0.97,0.97,0.99,-0.05,-0.05,-0.01,-0.04,0.98,9.28E-02,0.19,Non_sig
rs61823879,rs61823879_C_A,1.04,1.20,1.14,0.06,0.26,0.19,0.17,1.13,9.78E-02,0.20,Non_sig
rs67600807,rs67600807_G_A,1.17,1.08,1.05,0.23,0.11,0.07,0.14,1.10,9.80E-02,0.20,Non_sig
rs2873173,rs2873173_A_G,1.04,1.15,1.10,0.05,0.21,0.14,0.13,1.10,9.86E-02,0.20,Non_sig
rs2075596,rs2075596_G_A,0.93,0.95,0.86,-0.10,-0.07,-0.21,-0.13,0.91,9.93E-02,0.20,Non_sig
rs111826178,rs111826178_T_C,0.94,0.97,0.98,-0.09,-0.04,-0.03,-0.05,0.96,1.00E-01,0.20,Non_sig
rs66650460,rs66650460_T_C,0.90,0.93,0.79,-0.16,-0.11,-0.34,-0.20,0.87,1.01E-01,0.20,Non_sig
rs6643656,rs6643656_G_C,1.27,1.21,1.05,0.35,0.27,0.07,0.23,1.17,1.05E-01,0.21,Non_sig
rs13137144,rs13137144_A_G,0.98,0.98,0.99,-0.02,-0.03,-0.01,-0.02,0.99,1.06E-01,0.21,Non_sig
rs4826512,rs4826512_A_G,1.30,1.08,1.14,0.38,0.11,0.19,0.23,1.17,1.07E-01,0.21,Non_sig
rs9941107,rs9941107_A_G,0.67,0.81,0.90,-0.57,-0.31,-0.15,-0.34,0.79,1.07E-01,0.21,Non_sig
rs7776439,rs7776439_G_T,1.04,1.02,1.01,0.06,0.03,0.02,0.03,1.02,1.08E-01,0.21,Non_sig
rs3800392,rs3800392_C_T,1.08,1.22,1.08,0.11,0.29,0.10,0.17,1.12,1.08E-01,0.21,Non_sig
rs16922472,rs16922472_T_A,1.53,1.10,1.32,0.62,0.14,0.40,0.38,1.30,1.10E-01,0.21,Non_sig
rs13208149,rs13208149_G_A,1.13,1.09,1.03,0.18,0.12,0.04,0.11,1.08,1.11E-01,0.21,Non_sig
rs112797570,rs112797570_A_G,1.06,1.01,1.07,0.08,0.02,0.10,0.07,1.05,1.13E-01,0.22,Non_sig
rs34749007,rs34749007_A_G,0.99,0.96,0.97,-0.01,-0.06,-0.04,-0.04,0.97,1.16E-01,0.22,Non_sig
rs204139,rs204139_T_A,1.04,1.14,1.06,0.06,0.19,0.08,0.11,1.08,1.17E-01,0.22,Non_sig
rs12531540,rs12531540_T_C,1.15,1.02,1.11,0.20,0.03,0.15,0.13,1.09,1.20E-01,0.23,Non_sig
rs367701385,rs367701385_-_A,0.85,0.90,0.97,-0.23,-0.15,-0.04,-0.14,0.91,1.22E-01,0.23,Non_sig
rs7486387,rs7486387_A_G,0.95,0.73,0.78,-0.07,-0.45,-0.36,-0.29,0.82,1.23E-01,0.23,Non_sig
rs114332784,rs114332784_T_C,1.16,1.09,1.03,0.21,0.12,0.04,0.12,1.09,1.28E-01,0.24,Non_sig
rs9469843,rs9469843_A_G,1.01,1.06,1.03,0.01,0.08,0.05,0.05,1.03,1.29E-01,0.24,Non_sig
rs3024493,rs3024493_A_C,1.29,1.05,1.14,0.37,0.08,0.19,0.21,1.16,1.32E-01,0.24,Non_sig
rs35393613,rs35393613_T_C,1.18,1.99,1.36,0.23,0.99,0.45,0.56,1.47,1.32E-01,0.24,Non_sig
rs74928591,rs74928591_C_A,1.05,1.02,1.11,0.07,0.03,0.15,0.09,1.06,1.32E-01,0.24,Non_sig
rs13195029,rs13195029_T_C,1.26,1.11,1.05,0.33,0.15,0.07,0.19,1.14,1.35E-01,0.25,Non_sig
rs9380502,rs9380502_A_G,0.80,0.83,0.97,-0.32,-0.26,-0.04,-0.21,0.87,1.36E-01,0.25,Non_sig
rs35260419,rs35260419_-_T,1.22,1.05,1.09,0.28,0.07,0.12,0.16,1.11,1.38E-01,0.25,Non_sig
rs5960763,rs5960763_G_A,0.90,0.87,0.98,-0.16,-0.20,-0.02,-0.13,0.92,1.39E-01,0.25,Non_sig
rs11716451,rs11716451_G_A,0.88,0.82,0.97,-0.18,-0.28,-0.04,-0.17,0.89,1.43E-01,0.26,Non_sig
rs5960239,rs5960239_T_G,1.04,1.05,1.00,0.06,0.07,0.01,0.05,1.03,1.44E-01,0.26,Non_sig
rs3794060,rs3794060_T_C,1.18,1.14,1.02,0.23,0.19,0.02,0.15,1.11,1.46E-01,0.26,Non_sig
rs200893385,rs200893385_-_A,0.95,0.95,0.85,-0.07,-0.07,-0.23,-0.12,0.92,1.48E-01,0.26,Non_sig
rs4438945,rs4438945_T_C,0.79,0.91,0.95,-0.34,-0.14,-0.07,-0.19,0.88,1.52E-01,0.27,Non_sig
rs17057846,rs17057846_A_G,0.93,0.95,0.82,-0.10,-0.07,-0.29,-0.15,0.90,1.52E-01,0.27,Non_sig
rs12806844,rs12806844_A_G,1.31,1.15,1.04,0.38,0.20,0.06,0.21,1.16,1.54E-01,0.27,Non_sig
rs145107403,rs145107403_-_ATATC,0.96,0.97,0.99,-0.07,-0.04,-0.01,-0.04,0.97,1.54E-01,0.27,Non_sig
rs4239702,rs4239702_C_T,0.96,0.98,0.99,-0.06,-0.03,-0.01,-0.04,0.98,1.56E-01,0.27,Non_sig
rs28648398,rs28648398_C_G,0.94,0.85,0.97,-0.09,-0.24,-0.05,-0.13,0.92,1.57E-01,0.27,Non_sig
rs9380501,rs9380501_C_T,0.99,0.93,0.95,-0.01,-0.11,-0.07,-0.06,0.96,1.57E-01,0.27,Non_sig
rs12536719,rs12536719_T_C,0.99,0.92,0.96,-0.02,-0.12,-0.05,-0.06,0.96,1.60E-01,0.28,Non_sig
rs4826476,rs4826476_G_A,1.03,1.17,1.06,0.04,0.22,0.09,0.12,1.08,1.64E-01,0.28,Non_sig
rs11865746,rs11865746_G_T,1.01,1.10,1.06,0.01,0.14,0.08,0.08,1.06,1.67E-01,0.29,Non_sig
rs3800393,rs3800393_T_C,0.99,0.94,0.89,-0.02,-0.09,-0.16,-0.09,0.94,1.70E-01,0.29,Non_sig
rs2281218,rs2281218_G_T,1.28,1.07,1.07,0.35,0.09,0.10,0.18,1.13,1.72E-01,0.29,Non_sig
rs2284196,rs2284196_C_T,0.79,0.99,0.83,-0.34,-0.01,-0.26,-0.21,0.87,1.74E-01,0.30,Non_sig
rs10936599,rs10936599_T_C,1.04,1.24,1.07,0.06,0.30,0.10,0.16,1.11,1.75E-01,0.30,Non_sig
rs10581116,rs10581116_-_TTT,1.07,1.27,1.06,0.09,0.35,0.09,0.18,1.13,1.76E-01,0.30,Non_sig
rs35203657,rs35203657_C_G,1.06,1.12,1.01,0.09,0.17,0.01,0.09,1.06,1.77E-01,0.30,Non_sig
rs885743,rs885743_A_T,1.01,1.05,1.10,0.01,0.07,0.14,0.07,1.05,1.77E-01,0.30,Non_sig
rs960709,rs960709_G_A,1.06,1.18,1.03,0.08,0.24,0.05,0.12,1.09,1.78E-01,0.30,Non_sig
rs7882218,rs7882218_G_A,0.95,0.76,0.90,-0.07,-0.40,-0.14,-0.20,0.87,1.78E-01,0.30,Non_sig
rs17421,rs17421_C_G,1.16,1.11,1.00,0.21,0.16,0.01,0.13,1.09,1.79E-01,0.30,Non_sig
rs12400188,rs12400188_A_G,1.29,1.01,1.17,0.37,0.02,0.22,0.20,1.15,1.81E-01,0.30,Non_sig
rs1453560,rs1453560_G_T,1.15,1.00,1.10,0.20,0.01,0.14,0.12,1.08,1.82E-01,0.30,Non_sig
rs113466546,rs113466546_A_G,1.10,1.01,1.05,0.13,0.01,0.08,0.07,1.05,1.84E-01,0.30,Non_sig
rs12384714,rs12384714_C_T,0.91,0.89,1.00,-0.13,-0.17,0.00,-0.10,0.93,1.84E-01,0.30,Non_sig
rs8068894,rs8068894_G_A,1.02,1.17,1.06,0.03,0.22,0.08,0.11,1.08,1.84E-01,0.30,Non_sig
rs9931397,rs9931397_C_G,0.66,1.00,0.69,-0.60,0.00,-0.54,-0.38,0.77,1.87E-01,0.31,Non_sig
rs148744983,rs148744983_A_G,1.11,1.22,1.01,0.15,0.29,0.02,0.15,1.11,1.89E-01,0.31,Non_sig
rs5914780,rs5914780_T_C,1.09,1.01,1.03,0.13,0.02,0.05,0.06,1.05,1.90E-01,0.31,Non_sig
rs9894898,rs9894898_C_T,1.00,0.92,0.93,0.00,-0.12,-0.11,-0.08,0.95,1.92E-01,0.31,Non_sig
rs35405174,rs35405174_G_A,1.03,1.01,1.07,0.04,0.01,0.10,0.05,1.04,1.93E-01,0.31,Non_sig
rs17676923,rs17676923_T_C,0.79,0.85,1.00,-0.34,-0.24,0.00,-0.19,0.87,1.93E-01,0.31,Non_sig
rs4921502,rs4921502_A_G,1.09,1.14,1.00,0.13,0.19,0.00,0.11,1.08,1.93E-01,0.31,Non_sig
rs4944946,rs4944946_C_G,1.03,1.04,1.00,0.05,0.06,0.00,0.04,1.02,1.95E-01,0.31,Non_sig
rs6612692,rs6612692_C_G,0.96,0.90,0.74,-0.06,-0.15,-0.43,-0.21,0.86,1.96E-01,0.31,Non_sig
rs144077726,rs144077726_-_CAAAAA,1.23,1.14,1.00,0.30,0.19,0.00,0.16,1.12,1.97E-01,0.31,Non_sig
rs4843323,rs4843323_T_C,0.86,0.80,1.00,-0.21,-0.32,0.00,-0.18,0.88,1.98E-01,0.31,Non_sig
rs9469847,rs9469847_C_T,1.22,1.00,1.13,0.29,0.00,0.18,0.16,1.11,2.08E-01,0.33,Non_sig
rs36017297,rs36017297_-_T,0.98,0.94,0.99,-0.03,-0.09,-0.01,-0.05,0.97,2.08E-01,0.33,Non_sig
rs6655268,rs6655268_C_A,0.70,0.97,0.86,-0.52,-0.04,-0.21,-0.26,0.84,2.09E-01,0.33,Non_sig
rs11606611,rs11606611_G_C,0.87,0.95,0.99,-0.19,-0.07,-0.02,-0.09,0.94,2.10E-01,0.33,Non_sig
rs9462002,rs9462002_G_A,1.34,1.11,1.03,0.42,0.15,0.05,0.21,1.15,2.11E-01,0.33,Non_sig
rs2668010,rs2668010_T_C,0.98,1.00,0.97,-0.03,0.00,-0.05,-0.03,0.98,2.13E-01,0.33,Non_sig
rs55992502,rs55992502_T_C,0.81,0.99,0.90,-0.31,-0.01,-0.15,-0.16,0.90,2.16E-01,0.33,Non_sig
rs13200792,rs13200792_T_C,0.93,1.00,0.95,-0.10,0.01,-0.08,-0.06,0.96,2.20E-01,0.34,Non_sig
rs5753607,rs5753607_A_G,0.96,0.84,0.97,-0.06,-0.26,-0.04,-0.12,0.92,2.27E-01,0.35,Non_sig
rs201395507,rs201395507_-_TCTG,1.25,1.49,0.99,0.32,0.58,-0.01,0.30,1.23,2.27E-01,0.35,Non_sig
rs2075742,rs2075742_C_G,0.99,1.12,1.10,-0.02,0.16,0.14,0.10,1.07,2.32E-01,0.35,Non_sig
rs5914839,rs5914839_C_T,1.00,1.06,1.15,0.01,0.08,0.20,0.09,1.07,2.32E-01,0.35,Non_sig
rs4944946,rs4944946_T_G,0.92,0.88,1.01,-0.12,-0.18,0.01,-0.10,0.93,2.34E-01,0.35,Non_sig
rs9380497,rs9380497_A_G,1.01,0.87,0.90,0.02,-0.21,-0.16,-0.12,0.92,2.34E-01,0.35,Non_sig
rs1056538,rs1056538_A_G,0.93,0.82,0.99,-0.10,-0.29,-0.01,-0.14,0.91,2.36E-01,0.36,Non_sig
rs200793875,rs200793875_A_C,0.85,1.01,0.89,-0.24,0.02,-0.16,-0.13,0.92,2.37E-01,0.36,Non_sig
rs5960210,rs5960210_G_A,0.99,1.06,1.05,-0.01,0.08,0.07,0.05,1.03,2.40E-01,0.36,Non_sig
rs5875511,rs5875511_-_AT,1.04,1.09,1.00,0.06,0.13,0.00,0.06,1.04,2.40E-01,0.36,Non_sig
rs6521434,rs6521434_G_A,1.02,1.00,1.06,0.03,0.00,0.09,0.04,1.03,2.41E-01,0.36,Non_sig
rs5987212,rs5987212_C_T,1.18,1.04,1.02,0.24,0.06,0.02,0.11,1.08,2.43E-01,0.36,Non_sig
rs35414340,rs35414340_T_C,0.98,1.18,1.30,-0.03,0.24,0.38,0.20,1.15,2.43E-01,0.36,Non_sig
rs8068125,rs8068125_C_T,1.01,0.95,0.97,0.01,-0.07,-0.05,-0.04,0.97,2.51E-01,0.37,Non_sig
rs112771646,rs112771646_C_A,0.71,1.04,0.80,-0.49,0.05,-0.32,-0.25,0.84,2.53E-01,0.37,Non_sig
rs67898294,rs67898294_T_C,0.95,1.00,0.99,-0.08,-0.01,-0.02,-0.04,0.98,2.57E-01,0.38,Non_sig
rs2421050,rs2421050_C_T,0.94,1.00,0.98,-0.08,0.00,-0.03,-0.04,0.97,2.59E-01,0.38,Non_sig
rs180769054,rs180769054_A_G,1.02,1.01,1.00,0.03,0.02,0.00,0.02,1.01,2.65E-01,0.39,Non_sig
rs34767000,rs34767000_G_A,0.95,0.99,0.99,-0.08,-0.01,-0.01,-0.03,0.98,2.65E-01,0.39,Non_sig
rs7621631,rs7621631_A_C,0.85,0.99,0.96,-0.24,-0.02,-0.05,-0.11,0.93,2.66E-01,0.39,Non_sig
rs11864503,rs11864503_C_T,1.01,0.84,0.92,0.02,-0.26,-0.13,-0.12,0.92,2.67E-01,0.39,Non_sig
rs4944946,rs4944946_A_G,0.89,0.95,1.00,-0.17,-0.07,0.01,-0.08,0.95,2.68E-01,0.39,Non_sig
rs3132443,rs3132443_A_G,0.94,0.78,0.99,-0.09,-0.35,-0.02,-0.15,0.90,2.68E-01,0.39,Non_sig
rs6839933,rs6839933_G_T,1.12,1.06,0.99,0.17,0.08,-0.01,0.08,1.06,2.70E-01,0.39,Non_sig
rs12408736,rs12408736_C_T,1.10,0.98,1.08,0.13,-0.02,0.10,0.07,1.05,2.71E-01,0.39,Non_sig
rs2569693,rs2569693_T_C,1.01,1.02,1.10,0.02,0.02,0.14,0.06,1.04,2.71E-01,0.39,Non_sig
rs11191667,rs11191667_A_G,1.00,1.06,1.23,0.00,0.09,0.30,0.13,1.09,2.79E-01,0.39,Non_sig
rs12422045,rs12422045_A_G,1.02,1.00,1.07,0.03,0.00,0.10,0.04,1.03,2.79E-01,0.39,Non_sig
rs10821946,rs10821946_T_C,0.95,1.01,0.87,-0.08,0.01,-0.20,-0.09,0.94,2.80E-01,0.39,Non_sig
rs2041670,rs2041670_A_G,1.05,0.80,0.81,0.07,-0.32,-0.31,-0.18,0.88,2.86E-01,0.40,Non_sig
rs111379006,rs111379006_A_G,1.09,1.01,1.01,0.12,0.01,0.02,0.05,1.03,2.88E-01,0.40,Non_sig
rs2266886,rs2266886_C_T,1.05,1.03,0.99,0.07,0.04,-0.01,0.03,1.02,2.90E-01,0.41,Non_sig
rs13199775,rs13199775_T_A,0.99,0.99,0.93,-0.02,-0.01,-0.11,-0.05,0.97,2.90E-01,0.41,Non_sig
rs2007132,rs2007132_T_G,0.90,0.92,1.02,-0.16,-0.13,0.03,-0.08,0.94,2.93E-01,0.41,Non_sig
rs5914766,rs5914766_C_T,1.02,0.91,0.83,0.03,-0.13,-0.26,-0.12,0.92,2.93E-01,0.41,Non_sig
rs12211943,rs12211943_A_G,1.66,0.96,1.22,0.73,-0.06,0.29,0.32,1.25,2.95E-01,0.41,Non_sig
rs67388064,rs67388064_T_C,1.23,0.94,1.25,0.30,-0.09,0.33,0.18,1.13,3.20E-01,0.44,Non_sig
rs538291566,rs538291566_A_G,0.99,1.03,1.07,-0.02,0.05,0.10,0.04,1.03,3.24E-01,0.45,Non_sig
rs4944955,rs4944955_T_C,0.75,1.03,0.90,-0.41,0.04,-0.15,-0.17,0.89,3.24E-01,0.45,Non_sig
rs2849018,rs2849018_C_T,1.25,0.98,1.07,0.32,-0.02,0.10,0.13,1.09,3.26E-01,0.45,Non_sig
rs3117577,rs3117577_G_A,1.24,0.95,1.14,0.31,-0.07,0.19,0.14,1.10,3.36E-01,0.46,Non_sig
rs573905,rs573905_G_A,0.81,0.94,1.02,-0.30,-0.08,0.03,-0.12,0.92,3.48E-01,0.47,Non_sig
rs12384878,rs12384878_G_C,1.10,1.02,1.00,0.13,0.03,-0.01,0.05,1.04,3.48E-01,0.47,Non_sig
rs7612923,rs7612923_G_A,1.13,0.96,1.11,0.18,-0.06,0.15,0.09,1.06,3.55E-01,0.48,Non_sig
rs35552623,rs35552623_-_A,1.06,0.86,0.82,0.09,-0.21,-0.28,-0.13,0.91,3.59E-01,0.49,Non_sig
rs9652582,rs9652582_A_G,0.85,0.89,1.05,-0.23,-0.16,0.07,-0.11,0.93,3.67E-01,0.49,Non_sig
rs112599791,rs112599791_A_G,0.96,1.13,1.10,-0.06,0.18,0.13,0.08,1.06,3.67E-01,0.49,Non_sig
rs35285078,rs35285078_-_C,1.01,1.03,1.00,0.01,0.04,0.00,0.01,1.01,3.70E-01,0.50,Non_sig
rs11697848,rs11697848_T_C,1.04,0.99,1.02,0.06,-0.01,0.02,0.02,1.02,3.76E-01,0.50,Non_sig
rs4948496,rs4948496_C_T,0.97,1.01,0.89,-0.04,0.02,-0.17,-0.06,0.96,3.78E-01,0.50,Non_sig
rs114496587,rs114496587_G_A,1.20,0.91,1.34,0.26,-0.13,0.43,0.18,1.14,3.78E-01,0.50,Non_sig
rs72910167,rs72910167_A_G,1.17,1.22,0.93,0.23,0.29,-0.11,0.14,1.10,3.80E-01,0.50,Non_sig
rs12923054,rs12923054_T_C,1.13,1.32,0.93,0.17,0.40,-0.10,0.16,1.12,3.84E-01,0.51,Non_sig
rs3765107,rs3765107_G_A,0.93,1.04,0.88,-0.10,0.06,-0.18,-0.08,0.95,3.87E-01,0.51,Non_sig
rs11577537,rs11577537_A_G,0.92,0.91,1.04,-0.13,-0.14,0.06,-0.07,0.95,3.88E-01,0.51,Non_sig
rs55760657,rs55760657_T_C,1.04,1.75,0.99,0.05,0.81,-0.02,0.28,1.21,3.98E-01,0.52,Non_sig
rs7198004,rs7198004_G_A,0.99,1.13,1.02,-0.02,0.18,0.03,0.06,1.05,4.05E-01,0.53,Non_sig
rs2943255,rs2943255_C_A,0.93,0.99,1.01,-0.10,-0.02,0.01,-0.04,0.98,4.09E-01,0.53,Non_sig
rs374398211,rs374398211_G_A,0.98,0.63,1.01,-0.03,-0.68,0.02,-0.23,0.85,4.12E-01,0.53,Non_sig
rs57892632,rs57892632_T_C,0.91,1.04,0.94,-0.13,0.05,-0.09,-0.06,0.96,4.12E-01,0.53,Non_sig
rs5913943,rs5913943_T_G,0.84,1.07,0.89,-0.25,0.10,-0.16,-0.10,0.93,4.17E-01,0.54,Non_sig
rs3210879,rs3210879_C_T,1.02,0.97,0.96,0.02,-0.04,-0.06,-0.03,0.98,4.18E-01,0.54,Non_sig
rs3800392,rs3800392_A_T,1.01,1.00,1.01,0.01,-0.01,0.02,0.01,1.01,4.19E-01,0.54,Non_sig
rs11191683,rs11191683_T_G,1.17,0.95,1.08,0.23,-0.07,0.11,0.09,1.06,4.22E-01,0.54,Non_sig
rs526734,rs526734_T_C,0.99,0.96,1.00,-0.01,-0.06,0.01,-0.02,0.99,4.25E-01,0.54,Non_sig
rs9901483,rs9901483_A_T,1.09,0.96,1.07,0.13,-0.06,0.10,0.06,1.04,4.30E-01,0.55,Non_sig
rs11968954,rs11968954_T_C,1.05,1.00,1.00,0.07,0.01,-0.01,0.02,1.02,4.30E-01,0.55,Non_sig
rs113894104,rs113894104_T_C,1.05,1.04,0.98,0.07,0.06,-0.03,0.03,1.02,4.32E-01,0.55,Non_sig
rs5914725,rs5914725_T_G,1.00,0.99,1.06,0.01,-0.01,0.08,0.03,1.02,4.39E-01,0.56,Non_sig
rs523886,rs523886_A_G,0.94,1.02,0.97,-0.09,0.03,-0.05,-0.03,0.98,4.43E-01,0.56,Non_sig
rs12794668,rs12794668_T_C,0.71,0.99,1.02,-0.49,-0.01,0.03,-0.16,0.90,4.44E-01,0.56,Non_sig
rs12920597,rs12920597_T_C,1.00,1.12,1.00,0.00,0.17,0.00,0.05,1.04,4.45E-01,0.56,Non_sig
rs4660117,rs4660117_G_C,1.05,0.93,0.92,0.06,-0.11,-0.12,-0.06,0.96,4.47E-01,0.56,Non_sig
rs11802759,rs11802759_G_A,0.96,1.04,0.86,-0.06,0.05,-0.22,-0.07,0.95,4.47E-01,0.56,Non_sig
rs910051,rs910051_G_T,1.12,1.05,0.96,0.16,0.08,-0.06,0.06,1.04,4.53E-01,0.57,Non_sig
rs9746695,rs9746695_C_T,0.94,1.10,1.12,-0.09,0.14,0.17,0.07,1.05,4.58E-01,0.57,Non_sig
rs34933034,rs34933034_A_G,0.71,1.15,0.84,-0.50,0.20,-0.25,-0.18,0.88,4.60E-01,0.57,Non_sig
rs200906779,rs200906779_G_T,1.02,0.98,1.06,0.03,-0.03,0.08,0.03,1.02,4.62E-01,0.57,Non_sig
rs10773578,rs10773578_C_G,1.03,0.86,0.97,0.05,-0.22,-0.04,-0.07,0.95,4.66E-01,0.58,Non_sig
rs13124747,rs13124747_G_A,0.74,0.70,1.22,-0.44,-0.51,0.28,-0.22,0.86,4.72E-01,0.58,Non_sig
rs12841797,rs12841797_G_T,1.02,0.85,0.99,0.03,-0.23,-0.01,-0.07,0.95,4.73E-01,0.58,Non_sig
rs2719235,rs2719235_G_T,1.05,1.00,1.00,0.07,0.00,0.00,0.02,1.01,4.76E-01,0.58,Non_sig
rs7086333,rs7086333_T_C,0.98,1.00,1.29,-0.03,-0.01,0.36,0.11,1.08,4.78E-01,0.58,Non_sig
rs6611520,rs6611520_T_C,0.96,1.03,0.95,-0.06,0.04,-0.08,-0.03,0.98,4.79E-01,0.58,Non_sig
rs17425212,rs17425212_T_C,1.10,1.17,0.93,0.14,0.22,-0.11,0.08,1.06,4.84E-01,0.59,Non_sig
rs34767000,rs34767000_C_A,0.95,1.03,0.96,-0.07,0.04,-0.06,-0.03,0.98,4.85E-01,0.59,Non_sig
rs4236040,rs4236040_C_T,1.00,1.18,0.98,0.00,0.24,-0.03,0.07,1.05,4.89E-01,0.59,Non_sig
rs5914800,rs5914800_A_G,0.97,0.97,1.02,-0.04,-0.05,0.03,-0.02,0.99,4.92E-01,0.59,Non_sig
rs10422359,rs10422359_A_G,0.77,1.08,0.94,-0.38,0.11,-0.09,-0.12,0.92,4.92E-01,0.59,Non_sig
rs7190807,rs7190807_C_G,1.01,1.10,0.98,0.02,0.14,-0.03,0.04,1.03,4.96E-01,0.60,Non_sig
rs111238440,rs111238440_-_A,1.23,1.06,0.93,0.30,0.09,-0.10,0.10,1.07,4.96E-01,0.60,Non_sig
rs6651996,rs6651996_C_T,1.11,0.92,1.18,0.15,-0.12,0.24,0.09,1.06,5.01E-01,0.60,Non_sig
rs13240595,rs13240595_A_C,1.11,1.05,0.95,0.15,0.07,-0.07,0.05,1.04,5.02E-01,0.60,Non_sig
rs10847695,rs10847695_T_C,1.09,0.93,1.16,0.12,-0.11,0.22,0.08,1.06,5.05E-01,0.60,Non_sig
rs13334305,rs13334305_T_C,1.01,0.92,1.00,0.01,-0.13,0.00,-0.04,0.98,5.09E-01,0.60,Non_sig
rs13207848,rs13207848_G_A,1.07,1.09,0.95,0.10,0.12,-0.08,0.05,1.03,5.14E-01,0.61,Non_sig
rs9937645,rs9937645_A_G,1.00,0.98,1.12,0.00,-0.03,0.16,0.04,1.03,5.24E-01,0.62,Non_sig
rs6498160,rs6498160_C_T,1.00,0.96,1.01,-0.01,-0.06,0.01,-0.02,0.99,5.31E-01,0.63,Non_sig
rs2251056,rs2251056_A_C,0.82,0.98,1.06,-0.28,-0.03,0.08,-0.08,0.95,5.45E-01,0.64,Non_sig
rs9940397,rs9940397_C_T,0.94,1.03,0.98,-0.09,0.04,-0.03,-0.03,0.98,5.47E-01,0.64,Non_sig
rs56136409,rs56136409_T_C,0.99,0.96,1.02,-0.01,-0.06,0.02,-0.02,0.99,5.55E-01,0.65,Non_sig
rs115814834,rs115814834_C_G,1.14,0.92,1.09,0.19,-0.12,0.12,0.06,1.05,5.56E-01,0.65,Non_sig
rs9494895,rs9494895_T_C,1.03,0.98,0.93,0.05,-0.03,-0.11,-0.03,0.98,5.59E-01,0.65,Non_sig
rs9930524,rs9930524_C_T,1.03,0.97,0.97,0.04,-0.05,-0.05,-0.02,0.99,5.68E-01,0.66,Non_sig
rs5914675,rs5914675_A_G,0.94,1.08,1.08,-0.09,0.11,0.11,0.04,1.03,5.77E-01,0.67,Non_sig
rs10803116,rs10803116_T_G,1.02,0.84,1.03,0.02,-0.25,0.04,-0.06,0.96,5.88E-01,0.68,Non_sig
rs2736345,rs2736345_G_A,1.01,1.00,0.96,0.01,0.00,-0.06,-0.01,0.99,6.10E-01,0.70,Non_sig
rs60622779,rs60622779_C_T,1.03,0.98,1.02,0.04,-0.03,0.03,0.01,1.01,6.11E-01,0.70,Non_sig
rs189778766,rs189778766_T_G,0.72,0.72,1.34,-0.47,-0.48,0.42,-0.18,0.89,6.14E-01,0.71,Non_sig
rs3777744,rs3777744_G_A,0.99,0.95,1.02,-0.02,-0.07,0.03,-0.02,0.99,6.17E-01,0.71,Non_sig
rs2168637,rs2168637_C_T,0.98,1.05,1.01,-0.03,0.07,0.02,0.02,1.01,6.22E-01,0.71,Non_sig
rs7341667,rs7341667_A_C,1.16,1.02,0.94,0.21,0.03,-0.09,0.05,1.04,6.24E-01,0.71,Non_sig
rs7044,rs7044_A_G,0.65,0.77,1.38,-0.63,-0.38,0.46,-0.18,0.88,6.37E-01,0.72,Non_sig
rs55713402,rs55713402_C_A,1.03,0.96,0.98,0.04,-0.06,-0.02,-0.02,0.99,6.40E-01,0.73,Non_sig
rs113339491,rs113339491_A_G,0.91,1.13,1.09,-0.14,0.18,0.13,0.05,1.04,6.42E-01,0.73,Non_sig
rs41283584,rs41283584_A_G,0.86,1.06,1.00,-0.22,0.08,0.00,-0.05,0.97,6.49E-01,0.73,Non_sig
rs67664566,rs67664566_T_G,1.06,1.04,0.95,0.09,0.05,-0.07,0.02,1.02,6.57E-01,0.74,Non_sig
rs2395621,rs2395621_G_A,1.10,1.04,0.94,0.13,0.06,-0.09,0.03,1.02,6.58E-01,0.74,Non_sig
rs6457784,rs6457784_T_C,0.95,0.97,1.04,-0.08,-0.04,0.06,-0.02,0.99,6.64E-01,0.75,Non_sig
rs1051115,rs1051115_C_G,1.08,1.05,0.94,0.11,0.07,-0.09,0.03,1.02,6.73E-01,0.75,Non_sig
rs7769906,rs7769906_T_C,0.98,1.04,0.95,-0.03,0.05,-0.07,-0.02,0.99,6.76E-01,0.76,Non_sig
rs79482832,rs79482832_C_G,0.99,0.98,1.02,-0.02,-0.03,0.03,-0.01,0.99,6.79E-01,0.76,Non_sig
rs5960810,rs5960810_T_A,1.04,1.00,0.90,0.06,0.00,-0.14,-0.03,0.98,6.81E-01,0.76,Non_sig
rs12357548,rs12357548_A_G,0.97,1.04,1.02,-0.04,0.06,0.03,0.01,1.01,6.85E-01,0.76,Non_sig
rs280519,rs280519_G_A,1.00,0.99,1.03,0.00,-0.02,0.04,0.01,1.01,6.86E-01,0.76,Non_sig
rs6612674,rs6612674_T_C,1.01,0.98,1.03,0.02,-0.03,0.04,0.01,1.01,6.87E-01,0.76,Non_sig
rs5960811,rs5960811_A_G,0.92,1.00,1.04,-0.12,0.00,0.05,-0.02,0.98,7.05E-01,0.78,Non_sig
rs11859349,rs11859349_T_C,0.93,1.12,0.86,-0.10,0.17,-0.22,-0.05,0.97,7.08E-01,0.78,Non_sig
rs4944956,rs4944956_T_C,1.09,0.95,1.02,0.12,-0.08,0.04,0.02,1.02,7.09E-01,0.78,Non_sig
rs60087681,rs60087681_G_A,1.48,0.76,1.13,0.56,-0.39,0.18,0.12,1.08,7.15E-01,0.78,Non_sig
rs58408589,rs58408589_G_A,0.88,1.11,0.94,-0.19,0.16,-0.09,-0.04,0.97,7.26E-01,0.79,Non_sig
rs151025263,rs151025263_-_ATTTATTT,1.00,0.91,1.04,0.00,-0.13,0.06,-0.02,0.98,7.27E-01,0.79,Non_sig
rs149819751,rs149819751_A_G,1.13,0.85,0.93,0.18,-0.23,-0.10,-0.05,0.97,7.30E-01,0.79,Non_sig
rs11606631,rs11606631_A_C,0.98,0.99,1.01,-0.02,-0.01,0.02,-0.01,1.00,7.35E-01,0.80,Non_sig
rs62489069,rs62489069_G_A,0.94,1.01,1.02,-0.08,0.02,0.03,-0.01,0.99,7.40E-01,0.80,Non_sig
rs3129956,rs3129956_A_G,1.04,1.09,0.93,0.06,0.12,-0.11,0.03,1.02,7.42E-01,0.80,Non_sig
rs3131383,rs3131383_T_G,1.06,0.97,1.00,0.08,-0.04,0.00,0.01,1.01,7.50E-01,0.81,Non_sig
rs9898031,rs9898031_G_C,0.95,1.05,0.96,-0.08,0.08,-0.05,-0.02,0.99,7.50E-01,0.81,Non_sig
rs4921506,rs4921506_A_T,0.99,1.09,0.87,-0.01,0.12,-0.20,-0.03,0.98,7.75E-01,0.83,Non_sig
rs7193268,rs7193268_T_C,1.03,0.98,1.01,0.04,-0.04,0.02,0.01,1.00,7.89E-01,0.85,Non_sig
rs3130484,rs3130484_C_T,0.74,0.69,1.55,-0.43,-0.53,0.63,-0.11,0.93,7.92E-01,0.85,Non_sig
rs5914759,rs5914759_G_A,1.04,0.94,0.99,0.06,-0.08,-0.01,-0.01,0.99,7.98E-01,0.85,Non_sig
rs1616369,rs1616369_G_A,0.99,0.97,1.03,-0.02,-0.04,0.04,-0.01,1.00,8.16E-01,0.87,Non_sig
rs5914835,rs5914835_A_C,1.03,0.98,0.97,0.05,-0.03,-0.04,-0.01,1.00,8.27E-01,0.88,Non_sig
rs753859,rs753859_C_G,0.87,1.05,1.05,-0.20,0.06,0.07,-0.02,0.99,8.34E-01,0.88,Non_sig
rs7192287,rs7192287_T_A,0.96,1.03,1.00,-0.06,0.04,0.00,-0.01,1.00,8.41E-01,0.89,Non_sig
rs3832683,rs3832683_-_A,1.07,0.93,1.03,0.10,-0.10,0.04,0.01,1.01,8.46E-01,0.89,Non_sig
rs112260932,rs112260932_C_T,0.97,1.24,0.88,-0.04,0.31,-0.18,0.03,1.02,8.54E-01,0.90,Non_sig
rs2316885,rs2316885_C_T,0.99,1.03,0.97,-0.02,0.05,-0.05,-0.01,1.00,8.55E-01,0.90,Non_sig
rs3024505,rs3024505_A_G,1.08,0.86,1.03,0.12,-0.21,0.04,-0.02,0.99,8.59E-01,0.90,Non_sig
rs4810485,rs4810485_G_T,1.13,0.99,0.93,0.18,-0.02,-0.11,0.02,1.01,8.60E-01,0.90,Non_sig
rs13107612,rs13107612_T_C,0.87,1.16,0.94,-0.20,0.22,-0.09,-0.02,0.98,8.61E-01,0.90,Non_sig
rs11059929,rs11059929_A_G,1.00,1.03,0.96,0.00,0.05,-0.06,-0.01,1.00,8.63E-01,0.90,Non_sig
rs12972990,rs12972990_G_T,1.00,0.94,1.05,-0.01,-0.09,0.07,-0.01,0.99,8.63E-01,0.90,Non_sig
rs3831674,rs3831674_-_T,0.92,0.98,1.08,-0.12,-0.03,0.11,-0.01,0.99,8.83E-01,0.92,Non_sig
rs12800438,rs12800438_A_G,0.97,0.98,1.06,-0.04,-0.03,0.09,0.01,1.00,8.89E-01,0.92,Non_sig
rs12220267,rs12220267_T_C,0.99,0.95,1.05,-0.01,-0.08,0.07,-0.01,1.00,8.99E-01,0.93,Non_sig
rs912717,rs912717_C_T,1.06,0.94,0.99,0.08,-0.10,-0.01,-0.01,0.99,8.99E-01,0.93,Non_sig
rs4029980,rs4029980_C_T,1.01,0.92,1.05,0.02,-0.12,0.08,-0.01,0.99,9.04E-01,0.93,Non_sig
rs34313362,rs34313362_C_T,0.65,0.95,1.47,-0.62,-0.08,0.56,-0.05,0.97,9.07E-01,0.93,Non_sig
rs150652998,rs150652998_-_T,1.17,0.94,0.94,0.23,-0.09,-0.09,0.01,1.01,9.08E-01,0.93,Non_sig
rs35789143,rs35789143_A_G,1.04,0.87,1.08,0.06,-0.20,0.11,-0.01,0.99,9.24E-01,0.95,Non_sig
rs6521537,rs6521537_T_G,1.08,0.99,0.95,0.11,-0.02,-0.07,0.01,1.00,9.32E-01,0.95,Non_sig
rs9467600,rs9467600_T_C,0.95,1.04,1.02,-0.08,0.06,0.03,0.00,1.00,9.33E-01,0.95,Non_sig
rs73682127,rs73682127_G_A,0.92,1.07,1.03,-0.13,0.10,0.05,0.01,1.00,9.35E-01,0.95,Non_sig
rs4826507,rs4826507_T_A,0.98,0.86,1.16,-0.03,-0.21,0.22,-0.01,0.99,9.46E-01,0.96,Non_sig
rs11708713,rs11708713_A_G,1.02,0.97,1.01,0.02,-0.04,0.01,0.00,1.00,9.50E-01,0.96,Non_sig
rs11309810,rs11309810_-_G,0.93,1.22,0.90,-0.11,0.29,-0.15,0.01,1.01,9.52E-01,0.96,Non_sig
rs12695386,rs12695386_C_T,1.12,0.94,0.96,0.16,-0.09,-0.06,0.00,1.00,9.57E-01,0.96,Non_sig
rs6673121,rs6673121_G_C,0.90,1.07,1.05,-0.15,0.10,0.07,0.00,1.00,9.64E-01,0.97,Non_sig
rs4802800,rs4802800_G_C,1.14,1.00,0.87,0.19,0.00,-0.20,0.00,1.00,9.76E-01,0.98,Non_sig
rs4826514,rs4826514_G_T,1.05,0.99,0.96,0.08,-0.02,-0.06,0.00,1.00,9.84E-01,0.99,Non_sig
rs1854332,rs1854332_C_T,0.97,1.14,0.90,-0.04,0.19,-0.16,0.00,1.00,9.88E-01,0.99,Non_sig