rsid_only,ref.allele,alt.allele,MPRA1_meanL2FC,VEH_meanL2FC,ATRA_meanL2FC,First_Assay_Hit,First_and_VEH_Hit,Second_Assay_Allele_Effect,Second_Assay_Interaction_Effect,sources,tag_snp,snp_hg19_coord,chr_hg38,start_hg38,end_hg38,FirstAssay_ttest_p,FirstAssay_ttest_Pemp,SecondAssayVEH_ttest_p,SecondAssayVEH_Pemp,SecondAssayATRA_ttest_p,SecondAssayATRA_bhFDR,SecondassayLMM_allelemain_Pemp,SecondassayLMM_drugmain_Pemp,SecondassayLMM_interaction_Pemp,DR5_RARE,RARA,RARA_ra,RARB,RARB_ra,RARG,RXRA,RXRA_ra,RXRB,THRA,THRB,VDR,additive.logML,interaction.logML,ML.LMM.AIC.additive,ML.LMM.AIC.intrxn,ML.LMM.BIC.additive,ML.LMM.BIC.intrxn,ML.LRT.intvsadd
rs10066278,T,G,0.2314306,0.087946968,0.191448482,Yes,No,No,Yes,PGCxDis19_PCDHAs,rs3806843,chr5:140156318,chr5,140776733,140776733,4.70E-06,0.0087,0.033314873,0.3308,0.000360389,0.006205815,0.02155,0.99945,0.02915,NA,NA,NA,NA,NA,NA,NA,NA,NA,NA,NA,NA,60.84880656,63.18565259,-111.6976131,-114.3713052,-94.50721658,-93.74282933,0.030628017
rs10133848,T,A,NA,-0.204361584,-0.26451771,No,No,Yes,No,Wray18_ESR2,rs915057,chr14:64948489,chr14,64481771,64481771,0.00040468,0.059,0.009016904,0.2078,0.000964851,0.010215021,0.04255,0.9998,0.5362,NA,NA,NA,NA,NA,NA,NA,NA,NA,NA,NA,NA,-53.65558413,-53.47550874,117.3111683,118.9510175,133.4667113,138.3376692,0.548422508
rs10135727,T,C,-0.199292267,-0.176749687,-0.252384855,Yes,No,Yes,No,Power17_MDDMidAge,rs9323497,chr14:67774868,chr14,67308151,67308151,1.10E-05,0.0144,0.000497299,0.0734,2.17E-06,0.000148138,5.00E-05,5.00E-05,0.05465,NA,NA,NA,NA,NA,NA,NA,NA,NA,NA,NA,NA,109.3393126,111.1729561,-208.6786252,-210.3459122,-191.3806976,-189.5883991,0.055490441
rs10146389,A,C,NA,-0.161639684,-0.332881415,No,No,Yes,Yes,Power17_MDDMidAge,rs9323497,chr14:67774871,chr14,67308154,67308154,0.003865807,0.1392,0.000161482,0.0416,7.53E-08,1.04E-05,5.00E-05,0.50185,1.00E-04,NA,NA,NA,NA,NA,NA,NA,NA,NA,NA,NA,NA,74.01614826,81.07429665,-138.0322965,-150.1485933,-120.9296215,-129.6253833,0.000171848
rs10226469,C,A,NA,-0.102107598,0.069751722,No,No,No,Yes,PGCxDis19_BRAF-Blk1,rs10265001,chr7:140615797,chr7,140915997,140915997,0.122110266,0.5088,0.053306538,0.3608,0.01241508,0.051511543,0.7836,0.9999,0.0022,NA,NA,NA,NA,NA,NA,NA,NA,NA,NA,NA,NA,24.36747806,28.98186675,-38.73495612,-45.9637335,-21.45835054,-25.23180681,0.002382407
rs10439021,G,A,NA,0.257634415,0.077148581,No,No,No,Yes,Wray18_TCF4-Superblock-Blk3,rs12966052,chr18:52717037,chr18,55049806,55049806,0.926389811,0.9673,0.002210491,0.1358,0.154684294,0.300298351,0.10615,0.98635,0.03245,NA,NA,NA,NA,NA,NA,NA,NA,NA,NA,NA,NA,-24.27088291,-21.99314494,58.54176582,55.98628987,74.3082238,74.90603944,0.032813642
rs10447541,T,G,0.192930155,NA,NA,Yes,No,No,No,HowardAdams18_MAD1L1,rs1554505,chr7:2301578,chr7,2261943,2261943,7.89E-05,0.0382,0.853076691,0.9444,0.151063019,0.295794974,0.6779,0.9358,0.17065,NA,NA,NA,NA,NA,NA,NA,NA,NA,NA,NA,NA,55.8015219,56.71365605,-101.6030438,-101.4273121,-84.34785154,-80.72108139,0.176806048
rs10463297,T,C,-0.149960406,-0.156651786,-0.166907437,Yes,Yes,Yes,No,PGCxDis19_PCDHAs,rs3806843,chr5:139936239,chr5,140556654,140556654,1.15E-05,0.0127,2.75E-05,0.0048,2.91E-06,0.000178387,1.00E-04,0.99995,0.7539,0,1,0,0,0,0,0,0,0,0,0,0,166.5197193,166.5647248,-323.0394386,-321.1294496,-305.9812083,-300.6595733,0.764163064
rs10489740,G,A,NA,0.18231699,-0.071350334,No,No,No,Yes,Grove19_PTPB,rs201910565,chr1:96919182,chr1,96453626,96453626,NA,NA,0.052865448,0.4042,0.411890052,0.590825894,0.73395,0.99185,0.04535,NA,NA,NA,NA,NA,NA,NA,NA,NA,NA,NA,NA,-92.77230897,-90.77458683,195.5446179,193.5491737,211.2529357,212.399155,0.045623423
rs10735475,C,T,NA,-0.654905174,-0.429490283,No,No,Yes,No,Hyde16_SLC6A15,rs2125716,chr12:84971112,chr12,84577333,84577333,NA,NA,9.09E-06,4.00E-04,9.90E-05,0.002526526,0.01335,0.9999,0.1762,NA,NA,NA,NA,NA,NA,NA,NA,NA,NA,NA,NA,-53.09934455,-52.19442642,116.1986891,116.3888528,128.9680736,131.7121142,0.178527873
rs10762179,T,A,NA,0.022396707,-0.071008672,No,No,No,Yes,CONVERGE_SIRT1,rs12415800,chr10:69548295,chr10,67788537,67788537,0.010807145,0.2231,0.363003939,0.7078,0.00113722,0.011325967,0.4989,0.98455,0.00075,0,1,0,0,0,0,1,0,1,0,1,0,178.3038103,183.6822396,-346.6076207,-355.3644792,-329.3739338,-334.684055,0.001038936
rs10779093,A,G,NA,-0.011854353,0.097418965,No,No,No,Yes,Hyde16_SLC6A15,rs2125716,chr12:84772987,chr12,84379208,84379208,0.235148371,0.6205,0.710042011,0.8806,0.009838857,0.043827638,0.31915,5.00E-05,0.0024,NA,NA,NA,NA,NA,NA,NA,NA,NA,NA,NA,NA,122.252934,126.652901,-234.505868,-241.3058021,-217.2721812,-220.6253779,0.003012414
rs10779111,A,G,NA,-0.094074521,0.000984273,No,No,No,Yes,Hyde16_SLC6A15,rs2125716,chr12:84989584,chr12,84595805,84595805,0.240819572,0.6242,0.000726112,0.0804,0.971208158,0.987327795,0.2672,5.00E-05,0.0058,NA,NA,NA,NA,NA,NA,NA,NA,NA,NA,NA,NA,137.0343289,140.7768044,-264.0686578,-269.5536089,-246.9881558,-249.0570064,0.006221676
rs10779702,A,G,NA,-0.317675639,-0.278235135,No,No,Yes,No,PGCxDis19_RERE,rs301805,chr1:8423510,chr1,8363450,8363450,0.00015076,0.0537,1.14E-05,0.001,0.001294112,0.011827579,0.00025,0.99905,0.48245,NA,NA,NA,NA,NA,NA,NA,NA,NA,NA,NA,NA,5.207729353,5.440458929,-0.415458707,1.119082142,16.68721629,21.64229214,0.495083622
rs1078817,T,A,NA,0.086020038,0.002948713,No,No,No,Yes,Wray18_ZNF445,rs11707582,chr3:44584818,chr3,44543326,44543326,0.163106882,0.5563,0.005707175,0.1936,0.91013101,0.957254019,0.2588,0.9992,0.014,NA,NA,NA,NA,NA,NA,NA,NA,NA,NA,NA,NA,145.6254134,148.5803116,-281.2508267,-285.1606232,-263.9742212,-264.4286965,0.015056912
rs10823079,G,A,NA,-0.004637224,0.174494028,No,No,No,Yes,CONVERGE_SIRT1,rs12415800,chr10:69480502,chr10,67720744,67720744,0.073684958,0.4339,0.934503585,0.9776,0.006097045,0.033643605,0.42215,0.99875,0.03445,NA,NA,NA,NA,NA,NA,NA,NA,NA,NA,NA,NA,-73.46848986,-71.25276019,156.9369797,154.5055204,174.192172,175.2117511,0.035282329
rs10823108,G,A,NA,-0.143521104,-0.122925998,No,No,Yes,No,CONVERGE_SIRT1,rs12415800,chr10:69660494,chr10,67900736,67900736,0.002774621,0.1312,0.000655932,0.0842,0.004198374,0.025749199,0.0031,0.9998,0.5893,NA,NA,NA,NA,NA,NA,NA,NA,NA,NA,NA,NA,132.9722412,133.1084643,-255.9444825,-254.2169286,-238.6465549,-233.4594156,0.601695561
rs10823133,A,G,-0.221705439,-0.20644956,-0.227447992,Yes,Yes,Yes,No,CONVERGE_SIRT1,rs12415800,chr10:69852870,chr10,68093113,68093113,0.000246806,0.0213,2.50E-05,0.015,0.000978575,0.010215021,0.0018,0.4481,0.77365,NA,NA,NA,NA,NA,NA,NA,NA,NA,NA,NA,NA,37.2398752,37.27758456,-64.4797504,-62.55516912,-47.31114039,-41.9528371,0.783604595
rs10831196,G,T,NA,0.085089751,0.160384295,No,No,Yes,No,Power17_MDDLateMale,rs7950328,chr11:94046518,chr11,94313352,94313352,0.201762069,0.5806,0.007421787,0.1998,3.87E-05,0.001392897,0.01165,0.05085,0.0632,NA,NA,NA,NA,NA,NA,NA,NA,NA,NA,NA,NA,108.3813528,110.091027,-206.7627057,-208.182054,-189.5290188,-187.5016298,0.064436446
rs10831245,G,A,NA,0.152481662,0.138580651,No,No,Yes,No,Power17_MDDLateMale,rs7950328,chr11:94319888,chr11,94586722,94586722,0.006151666,0.1914,0.000243187,0.0152,1.84E-06,0.000148138,0.00015,0.7263,0.64415,NA,NA,NA,NA,NA,NA,NA,NA,NA,NA,NA,NA,176.1206421,176.218242,-342.2412842,-340.436484,-325.2054253,-319.9934534,0.658623633
rs10835802,G,A,NA,0.324319256,0.193344076,No,No,Yes,No,Wray18_PAX6,rs1806153,chr11:31693226,chr11,31671678,31671678,NA,NA,0.000938872,0.0774,0.015205547,0.058391209,0.042,0.9999,0.203,NA,NA,NA,NA,NA,NA,NA,NA,NA,NA,NA,NA,-58.3738027,-57.59267065,126.7476054,127.1853413,142.5715353,146.1740571,0.211334019
rs1089266,T,G,NA,0.115308664,0.100788066,No,No,Yes,No,PGCxDis19_BRAF-Blk1,rs10265001,chr7:140726079,chr7,141026279,141026279,0.000381003,0.0676,0.004254369,0.1176,0.000586608,0.008027876,0.0111,0.384,0.6602,NA,NA,NA,NA,NA,NA,NA,NA,NA,NA,NA,NA,146.080942,146.1712414,-282.1618841,-280.3424828,-264.8639565,-259.5849697,0.67085925
rs10950407,T,G,NA,0.338698136,0.163472663,No,No,Yes,Yes,HowardAdams18_MAD1L1,rs1554505,chr7:1895666,chr7,1856030,1856030,0.003068792,0.1456,1.09E-06,2.00E-04,0.001527087,0.013173818,0.00015,0.9999,5.00E-04,NA,NA,NA,NA,NA,NA,NA,NA,NA,NA,NA,NA,51.700481,57.82768833,-93.400962,-103.6553767,-76.43282426,-83.29361138,0.000464159
rs1107286,G,A,NA,-0.010948613,-0.098832819,No,No,No,Yes,PGCxDis19_RERE,rs301805,chr1:8372328,chr1,8312268,8312268,0.493932713,0.7799,0.569470208,0.8168,0.000751579,0.00917153,0.2073,0.2417,0.01405,0,1,0,0,0,0,1,0,1,1,0,0,127.5226324,130.5114777,-245.0452648,-249.0229554,-227.9647628,-228.526353,0.014487962
rs11075906,T,C,NA,0.050355808,-0.030356503,No,No,No,Yes,Wray18_PMFBP1,rs11643192,chr16:71918675,chr16,71884772,71884772,0.047749078,0.3501,0.131937708,0.5256,0.198215689,0.357605624,0.798,5.00E-05,0.04665,0,0,0,0,0,1,0,0,0,0,0,0,99.50812249,101.4701184,-189.016245,-190.9402369,-171.8041564,-170.2857306,0.047601722
rs11075908,T,C,NA,-0.065768354,0.012954981,No,No,No,Yes,Wray18_PMFBP1,rs11643192,chr16:71928850,chr16,71894947,71894947,0.016446751,0.2718,0.017309363,0.272,0.649498019,0.789320509,0.5826,0.3567,0.04495,0,0,0,0,0,0,1,0,1,0,0,0,112.8801478,114.8814537,-215.7602956,-217.7629073,-198.7020654,-197.293031,0.045429817
rs11075919,T,C,NA,-0.018722605,0.052803512,No,No,No,Yes,Wray18_PMFBP1,rs11643192,chr16:72106906,chr16,72073007,72073007,0.005564339,0.1535,0.246104182,0.6326,0.055841141,0.143637412,0.7015,0.99485,0.04705,0,1,1,0,0,0,1,0,1,1,0,0,126.4137223,128.3665311,-242.8274447,-244.7330623,-225.7692144,-224.263186,0.048124936
rs11075924,C,A,0.213917351,NA,NA,Yes,No,No,No,Wray18_PMFBP1,rs11643192,chr16:72214613,chr16,72180714,72180714,0.00061229,0.0419,0.91572038,0.9698,0.019371066,0.06760806,0.48325,0.9923,0.14685,NA,NA,NA,NA,NA,NA,NA,NA,NA,NA,NA,NA,94.10627254,95.13277066,-178.2125451,-178.2655413,-161.2671864,-157.9311109,0.151906982
rs11116315,G,T,NA,0.428548909,0.074103032,No,No,No,Yes,Hyde16_SLC6A15,rs2125716,chr12:84725942,chr12,84332163,84332163,NA,NA,0.001326525,0.1028,0.419612048,0.597703208,0.18455,0.99995,0.0238,NA,NA,NA,NA,NA,NA,NA,NA,NA,NA,NA,NA,-90.81306984,-88.30222398,191.6261397,188.604448,206.3699391,206.2970073,0.025031701
rs1112058,T,C,NA,-0.00556768,0.087785334,No,No,No,Yes,Wray18_NR4A2,rs1226412,chr2:156983629,chr2,156127117,156127117,0.000333155,0.0663,0.849996627,0.9408,0.006969659,0.036177256,0.39305,0.00195,0.01545,NA,NA,NA,NA,NA,NA,NA,NA,NA,NA,NA,NA,116.8838698,119.7768349,-223.7677396,-227.5536699,-206.5340527,-206.8732457,0.016154946
rs11121159,T,C,NA,-0.087573657,0.028980994,No,No,No,Yes,PGCxDis19_RERE,rs301805,chr1:8371186,chr1,8311126,8311126,0.00152345,0.1266,0.056701972,0.4022,0.393779093,0.57153956,0.58325,0.0016,0.0095,NA,NA,NA,NA,NA,NA,NA,NA,NA,NA,NA,NA,71.8423588,75.14119305,-133.6847176,-138.2823861,-116.4943211,-117.6539102,0.010211239
rs11130029,T,A,NA,-0.079360885,-0.10952764,No,No,Yes,No,Wray18_ZNF445,rs11707582,chr3:44588044,chr3,44546552,44546552,0.006644072,0.2058,0.001035533,0.102,0.001939402,0.015883106,0.03415,0.9689,0.3827,NA,NA,NA,NA,NA,NA,NA,NA,NA,NA,NA,NA,131.7220537,132.0765211,-253.4441074,-252.1530422,-236.1889151,-231.4468115,0.399797655
rs111612748,A,T,-0.408871137,-0.069527214,0.134495663,Yes,No,No,Yes,Luciano18_CELF4,rs11082011,chr18:35226119,chr18,37646156,37646156,2.71E-05,0.0254,0.35167992,0.6986,0.118527341,0.247923881,0.7159,0.96885,0.0292,NA,NA,NA,NA,NA,NA,NA,NA,NA,NA,NA,NA,-54.39753147,-52.04134189,118.7950629,116.0826838,135.1600607,135.7206811,0.02994618
rs112036953,A,G,NA,-0.168914422,-0.01807634,No,No,No,Yes,Debette14Hill18Lee18_PTGER3-Blk2,rs481940,chr1:71509700,chr1,71044017,71044017,0.193136013,0.5828,0.000555496,0.0642,0.567158608,0.714116788,0.1729,0.0471,0.00825,NA,NA,NA,NA,NA,NA,NA,NA,NA,NA,NA,NA,23.44529669,26.92937855,-36.89059337,-41.85875711,-19.65690651,-21.17833288,0.00829726
rs11209722,G,A,-0.467376975,-0.215418222,-0.210636479,Yes,Yes,Yes,No,Debette14Hill18Lee18_PTGER3-Blk2,rs481940,chr1:71422452,chr1,70956769,70956769,1.09E-08,1.00E-04,6.41E-07,2.00E-04,1.01E-05,0.000540147,6.00E-04,0.3513,0.92995,NA,NA,NA,NA,NA,NA,NA,NA,NA,NA,NA,NA,61.16592185,61.16941177,-112.3318437,-110.3388235,-95.27361344,-89.86894722,0.933417895
rs11209746,A,G,NA,0.093532129,0.108532732,No,No,Yes,No,Debette14Hill18Lee18_PTGER3-Blk2,rs481940,chr1:71572114,chr1,71106431,71106431,0.864318254,0.9419,0.001073302,0.1032,0.021687886,0.071610945,0.0498,0.30135,0.6504,NA,NA,NA,NA,NA,NA,NA,NA,NA,NA,NA,NA,93.73410974,93.83002072,-177.4682195,-175.6600414,-160.2778229,-155.0315656,0.661404529
rs11209952,C,T,0.168376282,NA,NA,Yes,No,No,No,Wray18_NEGR1,rs1620977,chr1:72837500,chr1,72371817,72371817,6.80E-06,0.0054,0.945157037,0.9802,0.042939628,0.118738249,0.611,5.00E-05,0.2174,NA,NA,NA,NA,NA,NA,NA,NA,NA,NA,NA,NA,136.3911092,137.1176363,-262.7822183,-262.2352726,-245.4630593,-241.4522818,0.228038498
rs112481526,A,G,NA,0.021226502,0.11027416,No,No,No,Yes,PGCxDis19_KIAA1109,rs75595651,chr4:123076007,chr4,122154852,122154852,0.040734247,0.3648,0.55815741,0.8096,0.019558246,0.06768037,0.19735,0.793,0.0295,NA,NA,NA,NA,NA,NA,NA,NA,NA,NA,NA,NA,93.43319731,95.77396683,-176.8663946,-179.5479337,-159.6977846,-158.9456016,0.030488422
rs113278975,C,T,-0.16811921,-0.19564811,-0.13883071,Yes,Yes,Yes,No,Debette14Hill18Lee18_PTGER3-Blk2,rs481940,chr1:71513530,chr1,71047847,71047847,5.05E-05,0.0314,0.000192993,0.037,0.005946496,0.033111169,0.00365,0.77075,0.2569,NA,NA,NA,NA,NA,NA,NA,NA,NA,NA,NA,NA,76.40321008,77.01904649,-142.8064202,-142.038093,-125.5298146,-121.3061663,0.267081963
rs113739197,-,TAAGT,-0.221076325,NA,NA,Yes,No,No,No,PGCxDis19_LIN28B,rs1933802,chr6:105159448,NA,NA,NA,0.000120728,0.0267,0.06845085,0.4378,0.002258965,0.017514125,0.30695,1,0.48345,0,1,0,0,0,0,1,0,1,0,0,0,99.48009765,99.71182046,-188.9601953,-187.4236409,-171.9243364,-166.9806103,0.496018039
rs11434745,-,G,NA,-0.130015845,-0.091083055,No,No,Yes,No,Debette14Hill18Lee18_PTGER3-Blk2,rs481940,chr1:71445183,chr1,70979501,70979501,0.162631089,0.5535,0.007541966,0.2162,0.01880808,0.066976447,0.0257,0.93855,0.32665,NA,NA,NA,NA,NA,NA,NA,NA,NA,NA,NA,NA,104.0756744,104.5211221,-198.1513488,-197.0422441,-180.8961565,-176.3360134,0.345234787
rs1152593,C,T,-0.127668682,-0.090036528,-0.122030165,Yes,Yes,Yes,No,Wray18_ESR2,rs915057,chr14:64675895,chr14,64209177,64209177,8.99E-06,0.0079,0.000223576,0.048,0.00086945,0.009976915,0.01855,0.81975,0.38185,NA,NA,NA,NA,NA,NA,NA,NA,NA,NA,NA,NA,131.075161,131.4310686,-252.1503221,-250.8621372,-235.025572,-230.312437,0.398841911
rs1152594,A,G,NA,0.150278772,0.10161197,No,No,Yes,No,Wray18_ESR2,rs915057,chr14:64675044,chr14,64208326,64208326,0.009381316,0.185,0.001178551,0.0752,0.002322852,0.017568743,0.02775,0.5333,0.26985,NA,NA,NA,NA,NA,NA,NA,NA,NA,NA,NA,NA,73.28378455,73.86669302,-136.5675691,-135.733386,-119.3123768,-115.0271553,0.280262419
rs115714540,T,A,NA,0.003151038,0.108540091,No,No,No,Yes,Wray18_NEGR1,rs1620977,chr1:72844557,chr1,72378874,72378874,0.720732729,0.8807,0.88828565,0.958,0.002475028,0.018375206,0.12115,0.9858,5.00E-04,NA,NA,NA,NA,NA,NA,NA,NA,NA,NA,NA,NA,163.0087665,168.9804972,-316.0175331,-325.9609944,-298.8271365,-305.3325185,0.000548395
rs11717830,C,T,NA,-0.119315355,-0.133586856,No,No,Yes,No,Wray18_ZNF445,rs11707582,chr3:44586368,chr3,44544876,44544876,0.002696216,0.1036,2.45E-05,0.0058,2.02E-06,0.000148138,0.0094,0.1704,0.7094,NA,NA,NA,NA,NA,NA,NA,NA,NA,NA,NA,NA,113.5073268,113.5714049,-217.0146536,-215.1428099,-199.9119786,-194.6195999,0.720351437
rs11766575,T,C,-0.261950356,-0.046315818,-0.20226993,Yes,No,No,Yes,HowardAdams18_MAD1L1,rs1554505,chr7:2005747,chr7,1966112,1966112,1.33E-05,0.0087,0.221070767,0.6124,0.008101189,0.038917478,0.09235,0.8045,0.01235,NA,NA,NA,NA,NA,NA,NA,NA,NA,NA,NA,NA,4.239023981,7.340629078,1.521952039,-2.681258156,18.69056206,17.92107387,0.012751883
rs11770899,C,T,NA,0.040899797,0.128578535,No,No,No,Yes,HowardAdams18_MAD1L1,rs1554505,chr7:1979425,chr7,1939789,1939789,0.01310685,0.2155,0.053764802,0.4046,0.00029439,0.00569399,0.10265,0.97695,0.0396,NA,NA,NA,NA,NA,NA,NA,NA,NA,NA,NA,NA,91.19839986,93.29375531,-172.3967997,-174.5875106,-155.2500716,-154.0114369,0.040646049
rs11772627,G,C,0.191137506,0.060185109,-0.01046384,Yes,No,No,Yes,HowardAdams18_MAD1L1,rs1554505,chr7:2109821,chr7,2070186,2070186,8.42E-05,0.0193,0.010475168,0.1962,0.631460523,0.769182374,0.4238,0.0225,0.0076,NA,NA,NA,NA,NA,NA,NA,NA,NA,NA,NA,NA,198.8964269,202.4375063,-387.7928538,-392.8750127,-370.7346236,-372.4051364,0.007785516
rs11819478,G,A,NA,0.040869484,0.183102569,No,No,No,Yes,CONVERGE_LHPP,rs35936514,chr10:126300243,chr10,124611674,124611674,0.012556194,0.248,0.319987291,0.6858,0.007197566,0.03658514,0.0783,0.997,0.0081,0,0,0,0,1,0,1,1,0,0,0,0,39.77990317,43.21301653,-69.55980635,-74.42603306,-52.43505626,-53.87633295,0.008783993
rs11861296,T,C,NA,0.100113181,0.134476452,No,No,Yes,No,Wray18_PMFBP1,rs11643192,chr16:71850632,chr16,71816729,71816729,0.079327615,0.4433,0.001769649,0.1274,3.71E-05,0.001378453,0.00725,5.00E-05,0.27435,0,0,0,0,0,0,0,0,0,0,0,1,143.0055202,143.5777159,-276.0110405,-275.1554318,-258.6918814,-254.372441,0.284726317
rs1187213,T,G,NA,0.114777059,0.109180524,No,No,Yes,No,Smith16_CELF4,rs1187264,chr18:35339785,chr18,37759821,37759821,0.797892917,0.9139,0.000481248,0.0712,0.001303448,0.011827579,0.03405,0.99995,0.9141,NA,NA,NA,NA,NA,NA,NA,NA,NA,NA,NA,NA,91.14636007,91.15175677,-172.2927201,-170.3035135,-154.9947926,-149.5460005,0.91725559
rs1187224,C,T,-0.230048954,-0.125761339,-0.089716662,Yes,No,Yes,No,Luciano18_CELF4,rs11082011,chr18:35358496,chr18,37778532,37778532,0.00014766,0.039,0.000246814,0.0508,0.00284486,0.020173478,0.01615,0.34875,0.29695,0,1,0,0,0,0,0,0,0,0,0,0,131.1097774,131.6240187,-252.2195547,-251.2480374,-235.1836959,-230.8050067,0.310515317
rs12080583,G,A,NA,0.147429516,0.036281488,No,No,No,Yes,PGCxDis19_RERE,rs301805,chr1:8524877,chr1,8464817,8464817,0.255029192,0.6298,0.00062237,0.0784,0.094544174,0.209821919,0.10165,0.88075,0.01625,NA,NA,NA,NA,NA,NA,NA,NA,NA,NA,NA,NA,67.59055549,70.43140346,-125.181111,-128.8628069,-108.0563609,-108.3131068,0.01714279
rs12102548,C,G,NA,-0.086546228,-0.109150165,No,No,Yes,No,Wray18_PMFBP1,rs11643192,chr16:71929763,chr16,71895860,71895860,0.002716336,0.131,0.001257957,0.11,0.010543426,0.045477806,0.02855,0.9972,0.5414,0,0,0,0,0,1,1,0,0,0,0,0,128.6669844,128.8393669,-247.3339687,-245.6787337,-230.0787765,-224.972503,0.557091598
rs1213048,T,C,-0.135181048,NA,NA,Yes,No,No,No,LiLuo18_RSRC1,rs1193510,chr3:157989979,chr3,158272190,158272190,2.61E-05,0.0253,0.013545003,0.225,0.009299416,0.042036107,0.17985,0.01235,0.75675,NA,NA,NA,NA,NA,NA,NA,NA,NA,NA,NA,NA,167.1870226,167.2307752,-324.3740453,-322.4615505,-307.1403584,-301.7811263,0.767373048
rs12131816,T,C,NA,0.074824236,0.199410774,No,No,No,Yes,Wray18_NEGR1,rs1620977,chr1:72529866,chr1,72064183,72064183,0.613132549,0.8304,0.028352932,0.3318,0.002239423,0.017473204,0.0395,0.9807,0.0223,NA,NA,NA,NA,NA,NA,NA,NA,NA,NA,NA,NA,30.35036958,32.90401099,-50.70073915,-53.80802198,-33.59806416,-33.28481199,0.023825606
rs12193005,C,A,NA,0.093988278,0.117524265,No,No,Yes,No,PGCxDis19_LIN28B,rs1933802,chr6:105355331,chr6,104907456,104907456,0.110041709,0.4899,0.001277098,0.0922,0.013516208,0.054769878,0.0237,0.59905,0.50745,NA,NA,NA,NA,NA,NA,NA,NA,NA,NA,NA,NA,117.1066156,117.3114906,-224.2132311,-222.6229811,-206.9366255,-201.8910544,0.522096409
rs12246428,G,A,-0.232359876,-0.067800118,0.038816732,Yes,No,No,Yes,CONVERGE_SIRT1,rs12415800,chr10:69640165,chr10,67880407,67880407,5.24E-05,0.0158,0.000689283,0.0784,0.054122893,0.140765486,0.6739,0.80415,3.00E-04,NA,NA,NA,NA,NA,NA,NA,NA,NA,NA,NA,NA,175.7267103,182.3289018,-341.4534205,-352.6578036,-324.3951903,-332.1879273,0.000279295
rs12257551,G,A,NA,-0.145890566,-0.080429897,No,No,Yes,Yes,CONVERGE_LHPP,rs35936514,chr10:126254396,chr10,124565827,124565827,0.556367407,0.8078,7.71E-06,0.0048,0.016776062,0.062165138,0.00615,1.00E-04,0.0408,NA,NA,NA,NA,NA,NA,NA,NA,NA,NA,NA,NA,150.6499477,152.7186978,-291.2998954,-293.4373956,-274.1094988,-272.8089197,0.041943065
rs12300350,A,T,NA,0.045133365,-0.025167755,No,No,No,Yes,Demontis19_DUSP6,rs1427829,chr12:89747833,chr12,89354056,89354056,0.355735148,0.6987,0.023386188,0.3058,0.256799036,0.44306876,0.7843,1.00E-04,0.02095,0,1,1,0,1,0,1,1,1,1,0,0,160.373372,162.9842624,-310.7467439,-313.9685248,-293.5563474,-293.3400489,0.022305697
rs12304212,A,C,NA,0.323840397,0.601550015,No,No,Yes,No,Hyde16_SLC6A15,rs2125716,chr12:84736093,chr12,84342314,84342314,NA,NA,0.008959959,0.2194,0.000299411,0.00569399,0.04655,0.9973,0.10715,NA,NA,NA,NA,NA,NA,NA,NA,NA,NA,NA,NA,-60.30874731,-59.00187351,130.6174946,130.003747,143.3339685,145.2635157,0.105941136
rs12413892,T,C,-0.170247827,NA,NA,Yes,No,No,No,CONVERGE_LHPP,rs35936514,chr10:126236581,chr10,124548012,124548012,7.51E-06,0.0052,0.023832377,0.3104,0.007133838,0.03658514,0.08405,0.03015,0.6528,NA,NA,NA,NA,NA,NA,NA,NA,NA,NA,NA,NA,122.0280087,122.1228468,-234.0560174,-232.2456936,-216.8874074,-211.6433616,0.663186242
rs12445641,C,T,0.156920923,NA,NA,Yes,Yes,No,No,Wray18_PMFBP1,rs11643192,chr16:71967783,chr16,71933880,71933880,0.001094084,0.0427,0.000134699,0.0362,0.000904031,0.009976915,0.05095,0.9966,0.8612,NA,NA,NA,NA,NA,NA,NA,NA,NA,NA,NA,NA,122.6739745,122.6880344,-235.3479489,-233.3760688,-218.2231988,-212.8263687,0.866827266
rs12456002,C,T,NA,0.067722596,-0.00767853,No,No,No,Yes,Wray18_TCF4-Superblock-Blk5,rs68021739,chr18:52499160,chr18,54831929,54831929,0.702794717,0.8714,0.011515184,0.186,0.818014795,0.901951506,0.5083,0.9918,0.04555,NA,NA,NA,NA,NA,NA,NA,NA,NA,NA,NA,NA,121.0998024,123.0883959,-232.1996047,-234.1767918,-214.9016772,-213.4192788,0.046120522
rs12497958,A,C,0.317263686,0.278645377,0.373069534,Yes,Yes,Yes,Yes,LiLuo18_RSRC1,rs1193510,chr3:158527448,chr3,158809659,158809659,1.77E-06,0.0051,4.14E-07,2.00E-04,2.45E-08,5.99E-06,5.00E-05,5.00E-05,0.00395,NA,NA,NA,NA,NA,NA,NA,NA,NA,NA,NA,NA,143.2741121,147.3850332,-276.5482242,-282.7700664,-259.2502967,-262.0125533,0.004138916
rs12528333,G,A,NA,-0.433831804,-0.380949244,No,No,Yes,No,PGCxDis19_LIN28B,rs1933802,chr6:105231531,chr6,104783656,104783656,NA,NA,0.000198218,0.029,3.08E-05,0.001216724,0.0151,0.99525,0.68355,0,0,0,0,0,0,0,0,1,0,0,0,-60.58583171,-60.50775745,131.1716634,133.0155149,145.585673,150.3123264,0.692727518
rs12531150,C,T,NA,-0.032033065,0.059732389,No,No,No,Yes,HowardAdams18_MAD1L1,rs1554505,chr7:2289888,chr7,2250253,2250253,0.585510609,0.8202,0.12251783,0.505,0.01691076,0.062201444,0.71725,0.98985,0.006,NA,NA,NA,NA,NA,NA,NA,NA,NA,NA,NA,NA,143.0587817,146.7690689,-276.1175635,-281.5381377,-258.7984045,-260.7551469,0.006448223
rs12534131,C,T,NA,-0.127552905,-0.132879405,No,No,Yes,No,HowardAdams18_MAD1L1,rs1554505,chr7:2294123,chr7,2254488,2254488,0.264401544,0.6373,4.45E-06,0.0038,0.000301397,0.00569399,0.00485,0.03545,0.90875,NA,NA,NA,NA,NA,NA,NA,NA,NA,NA,NA,NA,129.3228165,129.3288628,-248.645633,-246.6577256,-231.4335444,-226.0032193,0.912436057
rs12537790,T,A,NA,-0.147187353,-0.103728223,No,No,Yes,No,HowardAdams18_MAD1L1,rs1554505,chr7:2299900,chr7,2260265,2260265,0.129966436,0.5053,0.000781201,0.0868,0.010475791,0.045477806,0.00455,0.08125,0.2116,NA,NA,NA,NA,NA,NA,NA,NA,NA,NA,NA,NA,132.9309215,133.6703852,-255.861843,-255.3407703,-238.8036128,-234.870894,0.223942433
rs12574292,C,A,-0.10215225,-0.079179072,-0.054821647,Yes,Yes,Yes,No,Power17_MDDLateMale,rs7950328,chr11:94319818,chr11,94586652,94586652,7.80E-06,0.0123,0.000173067,0.0258,0.021215625,0.070740349,0.0149,0.998,0.2497,NA,NA,NA,NA,NA,NA,NA,NA,NA,NA,NA,NA,241.4801442,242.1126102,-472.9602885,-472.2252204,-455.7916785,-451.6228884,0.260719607
rs12606230,T,C,NA,0.3326611,0.373097712,No,No,Yes,No,Wray18_TCF4-Superblock-Blk5,rs68021739,chr18:52492252,chr18,54825021,54825021,NA,NA,0.00158982,0.123,0.001207738,0.011521429,0.01665,0.99835,0.643,NA,NA,NA,NA,NA,NA,NA,NA,NA,NA,NA,NA,-41.69494212,-41.59298617,93.38988424,95.18597233,107.6500356,112.2981539,0.651581625
rs12666575,C,T,NA,0.031343669,-0.046354488,No,No,No,Yes,HowardAdams18_MAD1L1,rs1554505,chr7:2004421,chr7,1964786,1964786,0.012952921,0.242,0.315796817,0.6806,0.110958531,0.236284494,0.85305,1.00E-04,0.0402,NA,NA,NA,NA,NA,NA,NA,NA,NA,NA,NA,NA,118.9396574,121.0230952,-227.8793149,-230.0461903,-210.8210846,-209.576314,0.041221753
rs12669937,C,T,NA,-0.026857418,-0.101131668,No,No,No,Yes,HowardAdams18_MAD1L1,rs1554505,chr7:1939765,chr7,1900129,1900129,0.299125381,0.6625,0.046992491,0.3706,0.000442674,0.007135206,0.05745,1,0.00825,NA,NA,NA,NA,NA,NA,NA,NA,NA,NA,NA,NA,186.824249,190.3099512,-363.6484979,-368.6199024,-346.4364094,-347.9653962,0.008282246
rs1267673,T,C,NA,0.096258358,0.0988914,No,No,Yes,No,PGCxDis19_BRAF-Blk1,rs10265001,chr7:140397792,chr7,140697992,140697992,0.25881125,0.6271,0.0126783,0.2488,0.021572328,0.071610945,0.0247,0.7496,0.9619,NA,NA,NA,NA,NA,NA,NA,NA,NA,NA,NA,NA,129.452332,129.4536471,-248.9046639,-246.9072942,-231.6709771,-226.22687,0.959097253
rs12699404,A,T,NA,-0.150921486,-0.226413415,No,No,Yes,No,HowardAdams18_MAD1L1,rs1554505,chr7:1894022,chr7,1854386,1854386,0.077351642,0.4267,1.97E-06,0.001,6.67E-08,1.04E-05,0.00415,5.00E-05,0.1425,NA,NA,NA,NA,NA,NA,NA,NA,NA,NA,NA,NA,46.95256577,48.00182776,-83.90513154,-84.00365552,-66.84690128,-63.53377921,0.147441411
rs12703989,G,A,NA,-0.087463237,-0.093768432,No,No,Yes,No,PGCxDis19_BRAF-Blk1,rs10265001,chr7:140238048,chr7,140538248,140538248,0.665370043,0.8571,0.00511125,0.1862,0.006384117,0.034300629,0.0446,0.86475,0.8483,NA,NA,NA,NA,NA,NA,NA,NA,NA,NA,NA,NA,123.4536796,123.4704203,-236.9073591,-234.9408406,-219.7169626,-214.3123647,0.85481419
rs12773190,A,G,NA,0.100706253,0.064809624,No,No,Yes,No,CONVERGE_LHPP,rs35936514,chr10:126204789,chr10,124516220,124516220,0.000249654,0.0643,7.63E-06,0.0066,0.009954735,0.044183154,0.00305,5.00E-05,0.1188,NA,NA,NA,NA,NA,NA,NA,NA,NA,NA,NA,NA,241.3675311,242.5595348,-472.7350623,-473.1190696,-455.5446657,-452.4905938,0.122582734
rs13058792,G,A,NA,-0.012441219,0.08316006,No,No,No,Yes,Wray18_ZNF445,rs11707582,chr3:44576475,chr3,44534983,44534983,0.283343471,0.6564,0.531576863,0.7946,0.01586321,0.06034817,0.3388,0.84535,0.00195,NA,NA,NA,NA,NA,NA,NA,NA,NA,NA,NA,NA,164.4775727,169.18754,-318.9551454,-326.37508,-301.6999532,-305.6688493,0.002146392
rs13066574,C,T,NA,-0.092271176,-0.1507817,No,No,Yes,No,Wray18_ZNF445,rs11707582,chr3:44750810,chr3,44709318,44709318,0.002299235,0.1425,0.019972467,0.2996,0.000895802,0.009976915,0.01,0.5105,0.11195,NA,NA,NA,NA,NA,NA,NA,NA,NA,NA,NA,NA,117.1520914,118.3983139,-224.3041829,-224.7966278,-207.0275773,-204.0647011,0.11439389
rs13197753,G,C,NA,-0.096440517,-0.1146637,No,No,Yes,No,PGCxDis19_LIN28B,rs1933802,chr6:105372685,chr6,104924810,104924810,0.271857046,0.6439,0.009049728,0.1574,0.000836855,0.009952882,0.0333,0.83245,0.6237,NA,NA,NA,NA,NA,NA,NA,NA,NA,NA,NA,NA,106.2532838,106.3659548,-202.5065675,-200.7319096,-185.294479,-180.0774034,0.634999312
rs13225225,C,T,NA,0.171089055,0.1138993,No,No,Yes,No,HowardAdams18_MAD1L1,rs1554505,chr7:1984066,chr7,1944431,1944431,0.063410883,0.4163,2.20E-05,0.004,0.004203951,0.0257492,0.00035,0.005,0.077,NA,NA,NA,NA,NA,NA,NA,NA,NA,NA,NA,NA,157.412392,158.9586634,-304.8247841,-305.9173269,-287.5910972,-285.2369027,0.078651811
rs13330178,C,G,-0.12155981,-0.130080273,-0.1003023,Yes,Yes,Yes,No,Wray18_PMFBP1,rs11643192,chr16:71880586,chr16,71846683,71846683,0.000139655,0.0419,1.39E-06,0.0016,0.000983978,0.01021502,0.0077,0.9999,0.3422,NA,NA,NA,NA,NA,NA,NA,NA,NA,NA,NA,NA,144.8056392,145.2307708,-279.6112783,-278.4615416,-262.3775915,-257.7811174,0.356477873
rs1367633,G,A,NA,0.594136697,0.4951343,No,No,Yes,No,Wray18_TCF4-Superblock-Blk2,rs11663393,chr18:50747956,chr18,53221586,53221586,NA,NA,5.77E-05,0.016,0.00034237,0.006167686,0.02155,0.99985,0.5893,NA,NA,NA,NA,NA,NA,NA,NA,NA,NA,NA,NA,-59.86762008,-59.72787677,129.7352402,131.4557535,142.4517141,146.7155222,0.597037902
rs1380405,G,A,NA,0.172391944,0.1841995,No,No,Yes,No,Hyde16_SLC6A15,rs2125716,chr12:84902568,chr12,84508789,84508789,0.612534965,0.8288,0.000608317,0.0608,4.06E-05,0.001422495,0.0013,0.7721,0.79555,NA,NA,NA,NA,NA,NA,NA,NA,NA,NA,NA,NA,92.14299533,92.17251873,-174.2859907,-172.3450375,-157.0739021,-151.6905312,0.808008886
rs139271255,-,T,NA,-0.020040258,0.1118502,No,No,No,Yes,LiLuo18_RSRC1,rs1193510,chr3:158277035,chr3,158559247,158559247,0.020765176,0.2903,0.712303819,0.8812,0.002801531,0.02006945,0.44225,0.9999,0.01115,NA,NA,NA,NA,NA,NA,NA,NA,NA,NA,NA,NA,53.65864968,56.83227831,-97.31729936,-101.6645566,-80.10521081,-81.01005037,0.011756292
rs139788825,T,-,NA,0.088237722,0.05607835,No,No,Yes,No,Wray18_TMEM161B-MEF2C-Blk1,rs247910,chr5:87246296,chr5,87950480,87950483,0.001270201,0.0883,4.53E-05,0.021,0.08620269,0.1962794,0.04535,5.00E-05,0.2642,NA,NA,NA,NA,NA,NA,NA,NA,NA,NA,NA,NA,175.8134685,176.4116766,-341.626937,-340.8233533,-324.546435,-320.3267509,0.274039133
rs141155580,GCCTCA,-,NA,-0.004233257,-0.1390633,No,No,No,Yes,PGCxDis19_LIN28B,rs1933802,chr6:105437580,NA,NA,NA,0.049843228,0.3651,0.891255851,0.96,0.002403436,0.01806263,0.2415,0.99925,0.00715,NA,NA,NA,NA,NA,NA,NA,NA,NA,NA,NA,NA,55.62002839,59.20913683,-101.2400568,-106.4182737,-84.07144677,-85.81594163,0.007379401
rs141253408,-,TTTG,-0.196687497,-0.173284976,-0.224141,Yes,Yes,Yes,No,Hyde16_SLC6A15,rs2125716,chr12:84938300,chr12,84544522,84544548,3.51E-06,0.0079,3.45E-09,2.00E-04,1.04E-06,9.81E-05,5.00E-05,0.9761,0.0635,NA,NA,NA,NA,NA,NA,NA,NA,NA,NA,NA,NA,196.2150463,197.9212877,-382.4300925,-383.8425754,-365.1109335,-363.0595846,0.064705022
rs142530641,A,G,0.330308856,NA,NA,Yes,No,No,No,Power17_MDDMidAge,rs9323497,chr14:67654604,chr14,67187887,67187887,0.000374118,0.0381,0.01889061,0.286,0.2271366,0.3996466,0.21035,0.9999,0.485,NA,NA,NA,NA,NA,NA,NA,NA,NA,NA,NA,NA,-60.4550292,-60.22474688,130.9100584,132.4494938,147.6929898,152.5890114,0.497360206
rs1459622,A,T,NA,-0.561128724,-0.4001885,No,No,Yes,No,Hyde16_SLC6A15,rs2125716,chr12:84950872,chr12,84557093,84557093,NA,NA,6.23E-05,0.0248,0.000136769,0.003203984,0.01,1,0.27425,NA,NA,NA,NA,NA,NA,NA,NA,NA,NA,NA,NA,-93.83604978,-93.25875242,197.6720996,198.5175048,212.725276,216.5813166,0.282589374
rs1466655,C,T,NA,-0.178692402,-0.09271668,No,No,Yes,No,PGCxDis19_RERE,rs301805,chr1:8375842,chr1,8315782,8315782,0.006412088,0.2085,0.001658795,0.0508,0.003360156,0.02249285,0.0137,0.99995,0.05465,NA,NA,NA,NA,NA,NA,NA,NA,NA,NA,NA,NA,82.96486673,84.79866784,-155.9297335,-157.5973357,-138.6960466,-136.9169114,0.055479945
rs1533933,G,C,NA,0.225666865,0.1259963,No,No,Yes,Yes,PGCxDis19_BRAF-Blk1,rs10265001,chr7:140715025,chr7,141015225,141015225,0.020212637,0.263,1.09E-06,2.00E-04,0.000220257,0.004651968,5.00E-05,0.0362,0.00195,0,1,0,1,1,0,1,1,0,0,0,0,160.6252601,165.3371486,-311.2505202,-318.6742973,-294.0168333,-297.9938731,0.002141899
rs1540319,C,G,-0.139130105,-0.0362873,-0.1205819,Yes,No,No,Yes,Wray18_PAX6,rs1806153,chr11:31837617,chr11,31816069,31816069,2.30E-06,0.0053,0.127803453,0.5032,0.000965724,0.01021502,0.0418,0.55345,0.006,NA,NA,NA,NA,NA,NA,NA,NA,NA,NA,NA,NA,165.1453285,168.8558001,-320.2906571,-325.7116002,-303.1220471,-305.1092682,0.006446901
rs155808,T,C,NA,0.128617896,0.1981809,No,No,Yes,No,PGCxDis19_PCDHAs,rs3806843,chr5:140346712,chr5,140967127,140967127,0.095371247,0.4726,0.002542457,0.105,1.74E-05,0.00082134,0.0012,0.92815,0.0792,NA,NA,NA,NA,NA,NA,NA,NA,NA,NA,NA,NA,109.8613603,111.397229,-209.7227207,-210.794458,-192.3613673,-189.960834,0.079664292
rs155820,C,G,NA,0.094553168,-0.01301508,No,No,No,Yes,PGCxDis19_PCDHAs,rs3806843,chr5:140307746,chr5,140928161,140928161,0.685609677,0.8651,0.03551416,0.3266,0.6685807,0.8037403,0.54535,1,0.04925,NA,NA,NA,NA,NA,NA,NA,NA,NA,NA,NA,NA,29.67244643,31.58204441,-49.34489286,-51.16408882,-32.19816471,-30.58801505,0.050668547
rs1639945,G,C,NA,0.27482259,0.1223718,No,No,Yes,Yes,PGCxDis19_BRAF-Blk1,rs10265001,chr7:140263109,chr7,140563309,140563309,0.050864094,0.3589,2.57E-05,0.0072,0.005517487,0.03173203,0.00055,0.1074,7.00E-04,NA,NA,NA,NA,NA,NA,NA,NA,NA,NA,NA,NA,77.12180279,82.63154017,-144.2436056,-153.2630803,-127.4137255,-133.0672243,0.000901596
rs1656379,A,G,-0.149582593,NA,NA,Yes,No,No,No,LiLuo18_RSRC1,rs1193510,chr3:158288773,chr3,158570984,158570984,0.000212892,0.0411,0.6273001,0.8428,0.1409221,0.2848674,0.53415,0.9439,0.27885,0,0,0,1,0,0,0,0,0,0,0,0,153.2228656,153.7836546,-296.4457313,-295.5673093,-279.3209812,-275.0176092,0.289578923
rs165944,C,T,NA,0.241311089,0.190247,No,No,Yes,No,Wray18_TMEM161B-MEF2C-Blk2,rs10514301,chr5:88110363,chr5,88814546,88814546,0.005635786,0.1991,0.000834635,0.0916,0.000721788,0.009117745,0.03485,0.97005,0.51525,NA,NA,NA,NA,NA,NA,NA,NA,NA,NA,NA,NA,-28.888965,-28.68962788,67.77793,69.37925577,83.96013981,88.79790754,0.527774734
rs16903178,G,A,NA,-0.14290076,-0.01794634,No,No,No,Yes,Wray18_TMEM161B-MEF2C-Blk1,rs247910,chr5:87776730,chr5,88480913,88480913,0.011150197,0.2494,0.001067634,0.0918,0.376432,0.558255,0.1579,0.68795,0.00835,NA,NA,NA,NA,NA,NA,NA,NA,NA,NA,NA,NA,64.73829718,68.20572415,-119.4765944,-124.4114483,-102.3298662,-103.8353745,0.008453197
rs1714520,T,C,NA,0.349772228,0.25291,No,No,Yes,No,LiLuo18_RSRC1,rs1193510,chr3:158285175,chr3,158567386,158567386,0.891210916,0.9524,4.06E-05,0.0196,0.000523616,0.007546235,0.01,0.9999,0.2931,NA,NA,NA,NA,NA,NA,NA,NA,NA,NA,NA,NA,-33.75539004,-33.22912363,77.51078008,78.45824726,93.04050745,97.0939201,0.304924477
rs17286683,A,C,0.383515935,NA,NA,Yes,Yes,No,No,PGCxDis19_PCDHAs,rs3806843,chr5:139781095,chr5,140401510,140401510,1.38E-06,0.0035,0.00093433,0.0468,0.62773,0.7677665,0.4453,0.9963,0.3205,0,1,1,1,1,0,1,1,0,0,0,0,-140.201461,-139.7345252,290.402922,291.4690503,307.4611523,311.9389266,0.333858879
rs17358402,C,T,NA,-0.289739453,-0.1555925,No,No,Yes,Yes,Wray18_PMFBP1,rs11643192,chr16:71967927,chr16,71934024,71934024,0.002388177,0.1294,8.27E-06,0.0054,0.001213277,0.01152143,4.00E-04,0.189,0.0057,NA,NA,NA,NA,NA,NA,NA,NA,NA,NA,NA,NA,56.97241637,60.78860483,-103.9448327,-109.5772097,-86.84215774,-89.05399966,0.00573297
rs17630785,C,T,0.599163754,NA,NA,Yes,No,No,No,LiLuo18_RSRC1,rs1193510,chr3:158392226,chr3,158674437,158674437,0.000195089,0.0381,0.005562835,0.1636,0.007499227,0.03753608,0.1142,0.99995,0.44875,NA,NA,NA,NA,NA,NA,NA,NA,NA,NA,NA,NA,-93.3710155,-93.10135218,196.742031,198.2027044,212.8707644,217.5571844,0.462711923
rs17680345,A,T,NA,0.258292107,0.05566007,No,No,No,Yes,PGCxDis19_LIN28B,rs1933802,chr6:105337409,chr6,104889534,104889534,NA,NA,0.015662055,0.2666,0.2941025,0.4855467,0.1977,0.9999,0.0438,NA,NA,NA,NA,NA,NA,NA,NA,NA,NA,NA,NA,-58.6915554,-56.67221236,127.3831108,125.3444247,143.3200398,144.4687396,0.044468431
rs17695707,C,T,NA,-0.310186614,0.007389588,No,No,No,Yes,PGCxDis19_BRAF-Blk1,rs10265001,chr7:140563901,chr7,140864101,140864101,NA,NA,0.00891175,0.2128,0.93423,0.9727623,0.41055,0.9999,0.03575,NA,NA,NA,NA,NA,NA,NA,NA,NA,NA,NA,NA,-78.49311448,-76.31217335,166.986229,164.6243467,181.4002386,181.9211582,0.036751677
rs17695995,C,A,NA,0.212852723,-0.1462679,No,No,No,Yes,PGCxDis19_BRAF-Blk1,rs10265001,chr7:140589567,chr7,140889767,140889767,NA,NA,0.007668902,0.2018,0.1157266,0.2441406,0.8157,0.9999,0.00195,NA,NA,NA,NA,NA,NA,NA,NA,NA,NA,NA,NA,-54.04253657,-49.31899317,118.0850731,110.6379863,133.5538241,129.2004875,0.002114847
rs1787068,G,A,NA,0.039061757,-0.02776452,No,No,No,Yes,Luciano18_CELF4,rs11082011,chr18:35363713,chr18,37783749,37783749,0.901832031,0.9566,0.040645248,0.3544,0.1071003,0.2301718,0.8646,0.99535,0.0193,NA,NA,NA,NA,NA,NA,NA,NA,NA,NA,NA,NA,178.2765612,180.9341487,-346.5531224,-349.8682973,-329.5172635,-329.4252667,0.021140471
rs1806157,C,A,NA,0.017123098,0.07923139,No,No,No,Yes,Wray18_PAX6,rs1806153,chr11:31840404,chr11,31818856,31818856,0.943581214,0.975,0.402790162,0.7332,0.006075411,0.03364361,0.1498,5.00E-05,0.02285,NA,NA,NA,NA,NA,NA,NA,NA,NA,NA,NA,NA,194.1990362,196.7097445,-378.3980724,-381.419489,-361.1643856,-360.7390648,0.025035679
rs180755508,T,A,-0.176846514,NA,NA,Yes,No,No,No,Power17_MDDMidAge,rs9323497,chr14:67707621,chr14,67240904,67240904,0.000109586,0.0419,0.207742805,0.6034,0.01853015,0.06627322,0.3597,0.96155,0.22815,0,1,1,0,1,0,1,0,0,0,0,0,43.51240326,44.20795577,-77.02480653,-76.41591155,-59.94430452,-55.91930913,0.238218577
rs1870676,T,C,NA,0.126539894,-0.02202204,No,No,No,Yes,Wray18_NEGR1,rs1620977,chr1:72744996,chr1,72279313,72279313,0.600661637,0.8267,0.027498761,0.3266,0.5117008,0.676926,0.5514,0.8485,0.03055,NA,NA,NA,NA,NA,NA,NA,NA,NA,NA,NA,NA,6.095933656,8.419406934,-2.191867313,-4.838813868,13.90991181,14.48332108,0.031108837
rs1879901,A,G,NA,0.034124866,0.1120783,No,No,No,Yes,PGCxDis19_BRAF-Blk1,rs10265001,chr7:140246894,chr7,140547094,140547094,0.03799356,0.3596,0.301277246,0.6676,0.001391978,0.01235633,0.1002,0.99995,0.029,0,0,0,0,0,0,1,0,0,0,0,0,124.3821835,126.7287074,-238.7643669,-241.4574149,-221.4452079,-220.674424,0.030284881
rs1881915,C,A,NA,-0.066956033,0.05322218,No,No,No,Yes,Wray18_ZNF445,rs11707582,chr3:44579918,chr3,44538426,44538426,0.212956604,0.6043,0.018366055,0.2412,0.1386253,0.2811522,0.87355,0.99875,0.0049,NA,NA,NA,NA,NA,NA,NA,NA,NA,NA,NA,NA,92.0100334,95.91459075,-174.0200668,-179.8291815,-156.7648745,-159.1229508,0.005198336
rs191959311,A,G,0.202079048,0.106239839,0.131613,Yes,No,Yes,No,Power17_MDDMidAge,rs9323497,chr14:67793741,chr14,67327024,67327024,0.000444953,0.039,0.017495529,0.2776,0.000506556,0.007387278,0.0206,4.00E-04,0.53585,NA,NA,NA,NA,NA,NA,NA,NA,NA,NA,NA,NA,97.00020286,97.17894536,-184.0004057,-182.3578907,-166.7452134,-161.65166,0.549906327
rs192231,C,T,NA,-0.061354652,-0.1035971,No,No,Yes,No,PGCxDis19_PCDHAs,rs3806843,chr5:140248539,chr5,140868954,140868954,0.002858573,0.1117,0.035248675,0.3206,0.002290059,0.01753327,0.03875,0.99325,0.17295,NA,NA,NA,NA,NA,NA,NA,NA,NA,NA,NA,NA,154.3376111,155.2376463,-298.6752222,-298.4752925,-281.5066122,-277.8729605,0.179703991
rs1966865,G,A,NA,-0.005024421,-0.1273562,No,No,No,Yes,Wray18_ESR2,rs915057,chr14:64975861,chr14,64509143,64509143,0.059702036,0.4118,0.842245478,0.9388,0.02045112,0.06924757,0.18815,5.00E-05,0.0031,NA,NA,NA,NA,NA,NA,NA,NA,NA,NA,NA,NA,96.2966913,100.5829109,-182.5933826,-189.1658219,-165.316777,-168.4338952,0.003412896
rs2008263,A,G,NA,-0.217139143,-0.09072743,No,No,Yes,Yes,HowardAdams18_MAD1L1,rs1554505,chr7:2048335,chr7,2008700,2008700,0.000527403,0.0733,0.001941751,0.056,0.01106202,0.04672752,0.0036,0.9995,0.0024,NA,NA,NA,NA,NA,NA,NA,NA,NA,NA,NA,NA,89.36380585,93.78710555,-168.7276117,-175.5742111,-151.5372152,-154.9457352,0.002936355
rs2070939,G,A,NA,-0.12137633,-0.1124094,No,No,Yes,No,Wray18_PMFBP1,rs11643192,chr16:72108474,chr16,72074575,72074575,0.002203851,0.1456,0.000106691,0.0338,0.00014116,0.003203984,0.02305,1,0.8305,0,1,1,0,0,0,0,0,0,0,0,0,99.18878928,99.20967421,-188.3775786,-186.4193484,-171.2749036,-165.8961384,0.838059095
rs2071164,C,G,0.157247011,0.20733698,0.1109865,Yes,Yes,Yes,Yes,Wray18_PAX6,rs1806153,chr11:31833542,chr11,31811994,31811994,1.83E-06,0.0052,0.000156423,0.0328,0.003650167,0.02341076,0.00245,1,0.02035,NA,NA,NA,NA,NA,NA,NA,NA,NA,NA,NA,NA,93.70384069,96.30714375,-177.4076814,-180.6142875,-160.2172848,-159.9858116,0.022501217
rs2141575,A,G,0.108372023,NA,NA,Yes,No,No,No,Wray18_ZNF445,rs11707582,chr3:44577120,chr3,44535628,44535628,2.26E-05,0.0172,0.140337288,0.534,0.003381966,0.02251581,0.1909,0.07915,0.30735,NA,NA,NA,NA,NA,NA,NA,NA,NA,NA,NA,NA,144.2930895,144.7843622,-278.5861791,-277.5687245,-261.2882515,-256.8112114,0.321571199
rs2141576,T,C,-0.262119567,-0.120807638,-0.1403794,Yes,Yes,Yes,No,Wray18_ZNF445,rs11707582,chr3:44577090,chr3,44535598,44535598,3.33E-07,9.00E-04,1.16E-05,0.009,0.000141237,0.003203984,8.00E-04,2.00E-04,0.50895,NA,NA,NA,NA,NA,NA,NA,NA,NA,NA,NA,NA,166.1791982,166.3829874,-322.3583964,-320.7659748,-305.1897864,-300.1636427,0.52320122
rs2171575,A,T,NA,0.086478549,0.08204093,No,No,Yes,No,Wray18_ZNF445,rs11707582,chr3:44377170,chr3,44335678,44335678,0.000162555,0.055,0.000293536,0.0522,0.002234858,0.0174732,0.0175,1,0.84465,NA,NA,NA,NA,NA,NA,NA,NA,NA,NA,NA,NA,184.1777336,184.1952533,-358.3554672,-356.3905065,-341.2749652,-335.8939041,0.851513344
rs2195270,C,T,NA,0.100571844,0.09156928,No,No,Yes,No,Wray18_TMEM161B-MEF2C-Blk1,rs247910,chr5:87391462,chr5,88095645,88095645,0.00540339,0.1772,0.000145982,0.0406,2.17E-05,0.000985547,0.0144,0.28015,0.7657,NA,NA,NA,NA,NA,NA,NA,NA,NA,NA,NA,NA,159.5052664,159.5456166,-309.0105327,-307.0912331,-292.111046,-286.811849,0.776350496
rs2195271,G,A,0.119795355,NA,NA,Yes,No,No,No,Wray18_TMEM161B-MEF2C-Blk1,rs247910,chr5:87391655,chr5,88095838,88095838,2.04E-05,0.022,0.062740231,0.425,0.4324883,0.6124835,0.40475,0.56845,0.42265,NA,NA,NA,NA,NA,NA,NA,NA,NA,NA,NA,NA,169.845514,170.1448246,-329.6910281,-328.2896491,-312.371869,-307.5066583,0.439104644
rs2282585,C,T,NA,0.292112812,0.3166756,No,No,Yes,No,Wray18_TCF4-Superblock-Blk5,rs68021739,chr18:52625947,chr18,54958716,54958716,0.001199293,0.1141,8.47E-05,0.03,0.00059137,0.008027876,0.01915,0.95315,0.79955,0,0,0,0,0,0,0,0,1,0,0,0,-61.60269717,-61.57295829,133.2053943,135.1459166,149.1143121,154.2366179,0.807323255
rs2337224,G,A,NA,-0.011553153,-0.1076731,No,No,No,Yes,PGCxDis19_PCDHAs,rs3806843,chr5:139981326,chr5,140601741,140601741,0.27291735,0.6467,0.550516911,0.807,0.000313689,0.005822251,0.24815,0.44255,0.02435,NA,NA,NA,NA,NA,NA,NA,NA,NA,NA,NA,NA,93.11018811,95.59398378,-176.2203762,-179.1879676,-159.2979009,-158.8809972,0.025826589
rs2499665,A,G,NA,0.11996606,0.0708753,No,No,Yes,No,PGCxDis19_LIN28B,rs1933802,chr6:105318094,chr6,104870219,104870219,0.871765175,0.9441,0.000981327,0.0482,0.007932407,0.03864577,0.0182,5.00E-05,0.1244,NA,NA,NA,NA,NA,NA,NA,NA,NA,NA,NA,NA,153.8614041,155.0187412,-297.7228082,-298.0374823,-280.4248806,-277.2799693,0.128158152
rs250427,A,G,-0.180876917,-0.11599882,-0.1548469,Yes,Yes,Yes,No,PGCxDis19_PCDHAs,rs3806843,chr5:139936980,chr5,140557395,140557395,1.70E-05,0.0196,6.57E-05,0.0156,0.00030213,0.00569399,0.0083,0.0021,0.3251,0,1,1,0,0,0,1,1,1,1,0,1,102.325958,102.7848869,-194.6519159,-193.5697738,-177.4398274,-172.9152675,0.338038057
rs2509943,C,G,NA,0.453854329,0.187502,No,No,No,Yes,Power17_MDDLateMale,rs7950328,chr11:94231257,chr11,94498091,94498091,0.534852612,0.797,5.37E-07,6.00E-04,0.03349373,0.1001534,0.01545,0.9999,0.01545,NA,NA,NA,NA,NA,NA,NA,NA,NA,NA,NA,NA,-102.8614968,-99.9623291,215.7229937,211.9246582,232.4346649,231.9786637,0.016041354
rs2536956,C,T,NA,-0.089745117,0.09106526,No,No,No,Yes,PGCxDis19_BRAF-Blk1,rs10265001,chr7:140279416,chr7,140579616,140579616,0.146391588,0.5148,0.118549566,0.5008,0.2910241,0.4830685,0.96895,0.9648,0.02855,NA,NA,NA,NA,NA,NA,NA,NA,NA,NA,NA,NA,-38.63940383,-36.28445675,87.27880766,84.5689135,103.6180985,104.1760625,0.029989498
rs2563321,C,G,NA,-0.102623173,-0.06955873,No,No,Yes,No,PGCxDis19_PCDHAs,rs3806843,chr5:139976241,chr5,140596656,140596656,0.033714405,0.3479,0.005787043,0.195,0.008833349,0.0407528,0.0493,0.9999,0.3314,0,0,0,0,0,0,1,0,0,0,0,0,129.7771535,130.2213868,-249.554307,-248.4427737,-232.4295569,-227.8930736,0.345893169
rs2563323,C,G,NA,0.148322527,0.3288803,No,No,Yes,Yes,PGCxDis19_PCDHAs,rs3806843,chr5:139977955,chr5,140598370,140598370,0.002488656,0.1135,0.001997025,0.06,6.85E-06,0.000381504,5.00E-05,0.9937,5.00E-05,NA,NA,NA,NA,NA,NA,NA,NA,NA,NA,NA,NA,140.1457936,155.0015078,-270.2915871,-298.0030156,-253.0579002,-277.3225914,5.01E-08
rs2569164,A,T,NA,0.016860256,0.1051981,No,No,No,Yes,PGCxDis19_PCDHAs,rs3806843,chr5:139975626,chr5,140596041,140596041,0.077118368,0.437,0.381869932,0.7156,0.009353602,0.0421256,0.138,5.00E-05,0.0076,NA,NA,NA,NA,NA,NA,NA,NA,NA,NA,NA,NA,142.6035909,146.1453157,-275.2071818,-280.2906314,-257.9305762,-259.5587047,0.00777991
rs2569167,G,A,NA,-0.011043503,-0.09105109,No,No,No,Yes,PGCxDis19_PCDHAs,rs3806843,chr5:139975887,chr5,140596302,140596302,0.001795665,0.1266,0.545009286,0.8024,0.01454707,0.05674535,0.2271,0.00775,0.01915,0,0,0,0,0,0,1,0,0,0,0,0,138.8002741,141.4529161,-267.6005482,-270.9058321,-250.4978732,-250.3826222,0.021260834
rs2569170,T,C,NA,-0.067111985,0.02288136,No,No,No,Yes,PGCxDis19_PCDHAs,rs3806843,chr5:139978748,chr5,140599163,140599163,0.247868199,0.6275,0.001468234,0.1118,0.202095,0.3630006,0.46925,0.0295,3.00E-04,NA,NA,NA,NA,NA,NA,NA,NA,NA,NA,NA,NA,212.7496257,219.2836132,-415.4992513,-426.5672264,-398.3306413,-405.9648944,0.000300388
rs2611289,G,A,NA,-0.104219599,-0.07718192,No,No,Yes,No,Hyde16_SLC6A15,rs2125716,chr12:84902487,chr12,84508708,84508708,0.094764172,0.4437,0.001028917,0.102,0.003507202,0.02273187,0.0275,0.99925,0.4043,NA,NA,NA,NA,NA,NA,NA,NA,NA,NA,NA,NA,148.2555305,148.5801107,-286.5110611,-285.1602215,-269.3206645,-264.5317456,0.420413017
rs26579,G,C,NA,-0.204641262,-0.1327518,No,No,Yes,No,Wray18_TMEM161B-MEF2C-Blk2,rs10514301,chr5:87985295,chr5,88689478,88689478,0.369374474,0.7093,0.000392784,0.059,0.008990676,0.04109544,0.02355,0.8952,0.2397,NA,NA,NA,NA,NA,NA,NA,NA,NA,NA,NA,NA,17.29027143,17.95145465,-24.58054286,-23.9029093,-7.658067551,-3.595938922,0.250167791
rs269223,C,T,NA,-0.085494514,0.02143524,No,No,No,Yes,PGCxDis19_BRAF-Blk1,rs10265001,chr7:140275739,chr7,140575939,140575939,0.0760601,0.4429,0.070297376,0.4372,0.3667397,0.5509167,0.58695,0.99945,0.03545,NA,NA,NA,NA,NA,NA,NA,NA,NA,NA,NA,NA,46.90742222,49.09260517,-83.81484444,-86.18521034,-66.82403093,-65.79623413,0.036569139
rs269227,T,C,NA,-0.013250234,-0.09433964,No,No,No,Yes,PGCxDis19_BRAF-Blk1,rs10265001,chr7:140326586,chr7,140626786,140626786,0.002673387,0.1556,0.593772792,0.8272,0.003139946,0.02185474,0.1393,0.9204,0.0096,0,0,0,0,0,0,1,1,0,0,0,0,163.5310728,166.7920436,-317.0621456,-321.5840871,-299.8500571,-300.9295809,0.010655162
rs28666045,C,T,NA,-0.119223732,-0.0685461,No,No,Yes,No,Wray18_ESR2,rs915057,chr14:64965266,chr14,64498548,64498548,0.419370071,0.7372,8.61E-05,0.0114,0.006704825,0.03510004,0.004,5.00E-05,0.052,NA,NA,NA,NA,NA,NA,NA,NA,NA,NA,NA,NA,205.1749276,207.0484733,-400.3498552,-402.0969467,-383.0946629,-381.390716,0.052899485
rs2888389,G,A,-0.27969967,NA,NA,Yes,No,No,No,Wray18_ZNF445,rs11707582,chr3:44559156,chr3,44517664,44517664,1.87E-05,0.0207,0.019812617,0.2998,0.01308836,0.05362288,0.18895,1,0.9038,NA,NA,NA,NA,NA,NA,NA,NA,NA,NA,NA,NA,19.66672229,19.67346339,-29.33344458,-27.34692677,-12.23076959,-6.823716776,0.90756313
rs2987983,A,G,NA,-0.105154982,-0.1705376,No,No,Yes,No,Wray18_ESR2,rs915057,chr14:64763653,chr14,64296935,64296935,0.030270746,0.3375,0.002569369,0.146,9.48E-05,0.002524362,0.0453,0.9779,0.22245,NA,NA,NA,NA,NA,NA,NA,NA,NA,NA,NA,NA,25.74046898,26.45066235,-41.48093796,-40.9013247,-24.16177894,-20.11833387,0.233339758
rs301803,A,T,NA,0.019596366,0.1055306,No,No,No,Yes,PGCxDis19_RERE,rs301805,chr1:8498680,chr1,8438620,8438620,0.023557787,0.2679,0.272888079,0.655,0.000214285,0.00464907,0.17765,5.00E-05,0.02545,NA,NA,NA,NA,NA,NA,NA,NA,NA,NA,NA,NA,108.9399477,111.3859044,-207.8798955,-210.7718088,-190.6462086,-190.0913846,0.026982767
rs301807,A,G,0.3635861,0.666658855,0.597725,Yes,Yes,Yes,No,PGCxDis19_RERE,rs301805,chr1:8484823,chr1,8424763,8424763,5.35E-05,0.0092,3.68E-09,2.00E-04,1.32E-07,1.62E-05,5.00E-05,5.00E-05,0.05435,0,1,0,0,1,0,0,0,1,0,0,0,130.5146621,132.3567039,-251.0293243,-252.7134077,-233.971094,-232.2435314,0.054934157
rs3101341,C,T,NA,0.022447117,-0.08130527,No,No,No,Yes,Wray18_NEGR1,rs1620977,chr1:72747844,chr1,72282161,72282161,0.04613095,0.3676,0.51748392,0.7888,0.02323197,0.0758911,0.5141,0.9999,0.0033,NA,NA,NA,NA,NA,NA,NA,NA,NA,NA,NA,NA,125.8809923,130.0624303,-241.7619846,-248.1248607,-224.4428255,-227.3418699,0.003829639
rs314267,T,C,0.2658839,NA,NA,Yes,Yes,No,No,PGCxDis19_LIN28B,rs1933802,chr6:105419990,chr6,104972115,104972115,2.57E-06,0.005,1.83E-05,0.0112,0.0206193,0.06958305,0.1074,0.0156,0.1317,NA,NA,NA,NA,NA,NA,NA,NA,NA,NA,NA,NA,104.1493785,105.2623097,-198.298757,-198.5246193,-181.218255,-178.0280169,0.135716869
rs314269,C,T,NA,-0.181349338,-0.01896578,No,No,No,Yes,PGCxDis19_LIN28B,rs1933802,chr6:105415698,chr6,104967823,104967823,0.01238673,0.2163,0.000308896,0.0506,0.5189498,0.6835629,0.03845,0.31715,5.00E-05,NA,NA,NA,NA,NA,NA,NA,NA,NA,NA,NA,NA,105.7877964,114.1549357,-201.5755928,-216.3098714,-184.4288647,-195.7337976,4.30E-05
rs314289,C,T,NA,0.09158494,-0.03710273,No,No,No,Yes,PGCxDis19_LIN28B,rs1933802,chr6:105430934,chr6,104983059,104983059,0.4264609,0.742,0.040533394,0.373,0.2423702,0.4210232,0.65725,0.9999,0.0063,NA,NA,NA,NA,NA,NA,NA,NA,NA,NA,NA,NA,65.08228278,68.76191806,-120.1645656,-125.5238361,-102.9093733,-104.8176054,0.006671785
rs314291,C,T,NA,-0.220404239,0.04602737,No,No,No,Yes,PGCxDis19_LIN28B,rs1933802,chr6:105424901,chr6,104977026,104977026,0.7425117,0.8911,0.000289683,0.0502,0.5786836,0.7240934,0.4201,1,0.00225,NA,NA,NA,NA,NA,NA,NA,NA,NA,NA,NA,NA,-56.06023874,-51.46896467,122.1204775,114.9379293,138.7355274,134.8759892,0.002443336
rs33922585,C,T,NA,0.080776605,0.09136642,No,No,Yes,No,HowardAdams18_MAD1L1,rs1554505,chr7:2285178,chr7,2245543,2245543,0.3074677,0.6708,0.002330822,0.1406,0.001685071,0.01423594,0.0402,0.00465,0.7883,NA,NA,NA,NA,NA,NA,NA,NA,NA,NA,NA,NA,143.7888578,143.8219757,-277.5777155,-275.6439514,-260.3225233,-254.9377207,0.796898334
rs33981648,T,C,0.2299916,NA,NA,Yes,No,No,No,HowardAdams18_MAD1L1,rs1554505,chr7:2288669,chr7,2249034,2249034,0.000282678,0.0419,0.025120924,0.2654,0.000668382,0.008618612,0.0698,0.00095,0.38125,NA,NA,NA,NA,NA,NA,NA,NA,NA,NA,NA,NA,154.6280585,154.9850479,-299.2561171,-297.9700959,-282.4496562,-277.8023429,0.398126099
rs34052512,T,-,0.156664,NA,NA,Yes,No,No,No,Smith16_CELF4,rs1187264,chr18:35346839,chr18,37766876,37766885,0.000112909,0.0391,0.238361837,0.6286,0.03848321,0.1098212,0.31125,5.00E-05,0.1995,NA,NA,NA,NA,NA,NA,NA,NA,NA,NA,NA,NA,221.5187925,222.3112466,-433.0375851,-432.6224932,-415.9793548,-412.1526169,0.20805513
rs34145223,G,A,NA,-0.181399947,-0.1068858,No,No,Yes,Yes,HowardAdams18_MAD1L1,rs1554505,chr7:1926237,chr7,1886601,1886601,0.3824817,0.7116,0.000143569,0.0244,0.002323377,0.01756874,0.0016,0.93045,0.0367,NA,NA,NA,NA,NA,NA,NA,NA,NA,NA,NA,NA,131.6241314,133.7599412,-253.2482627,-255.5198825,-235.9930704,-234.8136517,0.038753973
rs34148755,G,T,NA,-0.082070857,-0.0840128,No,No,Yes,No,Wray18_TMEM161B-MEF2C-Blk1,rs247910,chr5:87689947,chr5,88394130,88394130,0.004635126,0.1885,1.34E-05,0.0072,0.000859128,0.009976915,0.03875,0.9938,0.9133,NA,NA,NA,NA,NA,NA,NA,NA,NA,NA,NA,NA,153.8347646,153.8402563,-297.6695292,-295.6805125,-280.4143369,-274.9742818,0.916533254
rs34416841,T,C,0.2884746,0.301476718,0.3057923,Yes,Yes,Yes,No,CONVERGE_SIRT1,rs12415800,chr10:69645932,chr10,67886174,67886174,1.07E-05,0.0136,1.46E-07,2.00E-04,2.89E-07,3.22E-05,5.00E-05,0.22735,0.8384,NA,NA,NA,NA,NA,NA,NA,NA,NA,NA,NA,NA,149.7212179,149.7404203,-289.4424358,-287.4808405,-272.2303473,-266.8263342,0.844632744
rs34678418,C,T,NA,0.046206466,-0.08380819,No,No,No,Yes,PGCxDis19_PCDHAs,rs3806843,chr5:140043350,chr5,140663765,140663765,0.007922963,0.2146,0.078894684,0.4588,0.0126765,0.05228524,0.72005,0.2639,0.0063,NA,NA,NA,NA,NA,NA,NA,NA,NA,NA,NA,NA,68.47734589,72.16183884,-126.9546918,-132.3236777,-109.8079636,-111.7476039,0.006635835
rs34781508,G,-,NA,-0.048988747,-0.1089459,No,No,No,Yes,Wray18_ESR2,rs915057,chr14:64952933,chr14,64486216,64486217,0.4193316,0.7375,0.00658351,0.12,0.00072942,0.009117745,0.008,5.00E-05,0.01075,NA,NA,NA,NA,NA,NA,NA,NA,NA,NA,NA,NA,222.4993265,225.6894541,-434.9986531,-439.3789083,-417.8519249,-418.8028345,0.011539684
rs35020344,A,G,-0.1776493,NA,NA,Yes,No,No,No,Wray18_ESR2,rs915057,chr14:64855425,chr14,64388707,64388707,3.72E-07,0.0018,0.015649183,0.2632,0.1506726,0.2957916,0.18745,1,0.43455,0,1,0,0,1,1,1,1,0,0,0,0,192.5067601,192.7925796,-375.0135202,-373.5851592,-357.8231236,-352.9566833,0.449608348
rs35028754,G,A,NA,0.042759532,-0.3540175,No,No,No,Yes,Wray18_PMFBP1,rs11643192,chr16:71879672,chr16,71845769,71845769,0.04661134,0.368,0.148377111,0.5504,8.08E-07,8.25E-05,0.007,0.0568,5.00E-05,1,1,1,0,0,0,1,1,1,1,1,1,51.0490037,86.2934314,-92.0980074,-160.5868628,-74.86432054,-139.9064386,4.63E-17
rs35614340,C,G,NA,-0.105575186,-0.1784761,No,No,Yes,No,PGCxDis19_PCDHAs,rs3806843,chr5:140043618,chr5,140664033,140664033,0.000224083,0.0616,0.006556339,0.2056,0.001103647,0.01117328,0.0048,0.9999,0.06225,NA,NA,NA,NA,NA,NA,NA,NA,NA,NA,NA,NA,106.2691037,107.9805413,-202.5382074,-203.9610827,-185.4134573,-183.4113826,0.064298932
rs35893110,-,TT,NA,-0.092866339,-0.1502659,No,No,Yes,No,Wray18_ZNF445,rs11707582,chr3:44277279,chr3,44235788,44235788,0.02373727,0.282,0.008878342,0.1892,5.75E-05,0.001775334,0.03665,0.7449,0.19935,NA,NA,NA,NA,NA,NA,NA,NA,NA,NA,NA,NA,69.75504796,70.54780152,-129.5100959,-129.095603,-112.2980074,-108.4410968,0.207969217
rs35928531,GGG,-,-0.139024,NA,NA,Yes,No,No,No,Demontis19_DUSP6,rs1427829,chr12:89748583,chr12,89354807,89354809,4.26E-06,0.0082,0.014875996,0.2634,0.000567316,0.008027876,0.0763,1,0.93305,0,0,1,0,1,0,0,0,0,0,0,0,172.1744744,172.1776414,-334.3489488,-332.3552828,-317.2462738,-311.8320728,0.936565832
rs35986134,C,T,NA,-0.067147281,-0.1427671,No,No,No,Yes,CONVERGE_LHPP,rs35936514,chr10:126295508,chr10,124606939,124606939,0.5761384,0.8159,0.004034501,0.1428,3.36E-05,0.001286422,0.0074,0.4019,0.0157,0,0,0,0,1,0,1,1,0,0,0,0,161.179443,164.0585731,-312.3588861,-316.1171462,-295.2783841,-295.6205438,0.016411315
rs364663,T,A,NA,0.153744695,0.2093996,No,No,Yes,No,PGCxDis19_LIN28B,rs1933802,chr6:105443189,chr6,104995314,104995314,0.01699111,0.2509,0.000451233,0.0532,1.27E-05,0.000647854,0.00825,0.88945,0.28195,NA,NA,NA,NA,NA,NA,NA,NA,NA,NA,NA,NA,38.55918505,39.11252523,-67.11837011,-66.22505046,-50.1275566,-45.83607426,0.292804705
rs369065,C,T,0.1869316,0.239895739,0.1892373,Yes,Yes,Yes,No,PGCxDis19_LIN28B,rs1933802,chr6:105444058,chr6,104996183,104996183,0.000112952,0.0368,6.51E-06,6.00E-04,0.000216324,0.00464907,5.00E-05,0.04885,0.08455,NA,NA,NA,NA,NA,NA,NA,NA,NA,NA,NA,NA,174.204466,175.6912161,-338.4089319,-339.3824321,-321.1537396,-318.6762014,0.084638543
rs371429565,GCCTTCCTCAGAGAG,-,-0.1523524,NA,NA,Yes,No,No,No,Smith16_CELF4,rs1187264,chr18:35221547,chr18,37641585,37641608,2.83E-06,0.0067,0.32056208,0.6856,0.02632658,0.0837664,0.26365,5.00E-05,0.35265,NA,NA,NA,NA,NA,NA,NA,NA,NA,NA,NA,NA,178.8979633,179.3011453,-347.7959266,-346.6022905,-330.8051131,-326.2133143,0.369197448
rs3740540,G,A,NA,-0.219212649,-0.2289155,No,No,Yes,No,CONVERGE_LHPP,rs35936514,chr10:126294167,chr10,124605598,124605598,0.000436222,0.0673,3.52E-05,0.0088,4.96E-06,0.000289457,1.00E-04,5.00E-05,0.7754,NA,NA,NA,NA,NA,NA,NA,NA,NA,NA,NA,NA,98.3453084,98.38249564,-186.6906168,-184.7649913,-169.3714578,-163.9820004,0.785070881
rs3757440,A,G,NA,-0.002278972,0.08461432,No,No,No,Yes,HowardAdams18_MAD1L1,rs1554505,chr7:2272936,chr7,2233301,2233301,0.5062602,0.7856,0.903355643,0.964,0.002544118,0.01877437,0.3876,0.9996,0.0289,NA,NA,NA,NA,NA,NA,NA,NA,NA,NA,NA,NA,106.3566273,108.7197274,-202.7132545,-205.4394548,-185.4795677,-184.7590305,0.029706444
rs3758789,T,A,-0.1892204,NA,NA,Yes,No,No,No,Power17_MDDLateMale,rs7950328,chr11:94133124,chr11,94399958,94399958,2.78E-05,0.0254,0.335457285,0.6862,0.1541456,0.3002041,0.4455,0.99875,0.8202,NA,NA,NA,NA,NA,NA,NA,NA,NA,NA,NA,NA,29.52411751,29.54933877,-49.04823503,-47.09867753,-31.94556003,-26.57546754,0.822295065
rs3765971,C,T,NA,-0.063689916,-0.1081378,No,No,Yes,No,PGCxDis19_RERE,rs301805,chr1:8445360,chr1,8385300,8385300,0.001356545,0.1176,0.054154358,0.4068,0.004060842,0.0254545,0.03,0.0079,0.1457,NA,NA,NA,NA,NA,NA,NA,NA,NA,NA,NA,NA,157.3571958,158.3884935,-304.7143916,-304.776987,-287.4807048,-284.0965628,0.150952869
rs3778969,G,A,NA,0.115240334,0.1228846,No,No,Yes,No,HowardAdams18_MAD1L1,rs1554505,chr7:2139990,chr7,2100355,2100355,0.7491242,0.8937,0.004141207,0.1748,0.008443192,0.0396838,0.01005,3.00E-04,0.78715,NA,NA,NA,NA,NA,NA,NA,NA,NA,NA,NA,NA,124.4537614,124.4870175,-238.9075227,-236.974035,-221.6738359,-216.2936107,0.796484347
rs3778998,C,A,NA,0.123851941,0.02131524,No,No,No,Yes,HowardAdams18_MAD1L1,rs1554505,chr7:2180753,chr7,2141118,2141118,0.4112492,0.7312,0.002770702,0.1198,0.4362375,0.6139811,0.14045,0.7323,0.01045,NA,NA,NA,NA,NA,NA,NA,NA,NA,NA,NA,NA,101.3765284,104.5833679,-192.7530567,-197.1667359,-175.4764511,-176.4348092,0.011324453
rs3783727,C,T,NA,-0.123411735,-0.02273039,No,No,No,Yes,Wray18_ESR2,rs915057,chr14:64901728,chr14,64435010,64435010,0.1080757,0.4817,3.17E-07,2.00E-04,0.1383037,0.2809653,0.00575,0.99125,5.00E-05,NA,NA,NA,NA,NA,NA,NA,NA,NA,NA,NA,NA,242.386515,253.0819494,-474.77303,-494.1638989,-457.5826334,-473.535423,3.75E-06
rs3800869,C,T,NA,0.090304897,0.02415373,No,No,No,Yes,HowardAdams18_MAD1L1,rs1554505,chr7:2109933,chr7,2070298,2070298,0.3974472,0.7218,9.82E-05,0.0308,0.1213082,0.2527253,0.1006,0.9972,0.0168,NA,NA,NA,NA,NA,NA,NA,NA,NA,NA,NA,NA,182.6285318,185.4240254,-355.2570635,-358.8480507,-338.1103354,-338.2719769,0.018053119
rs3800872,C,G,0.3081407,NA,NA,Yes,No,No,No,HowardAdams18_MAD1L1,rs1554505,chr7:2110272,chr7,2070637,2070637,0.000355826,0.0483,0.276389991,0.657,0.3364923,0.521776,0.5088,1,0.65195,NA,NA,NA,NA,NA,NA,NA,NA,NA,NA,NA,NA,-29.0749222,-28.97946066,68.1498444,69.95892132,85.00303454,90.18274949,0.662149455
rs3817373,T,A,NA,-0.122715984,-0.1280887,No,No,Yes,No,LiLuo18_RSRC1,rs1193510,chr3:158289035,chr3,158571246,158571246,0.8028861,0.9162,0.010022144,0.2264,0.000330552,0.006043674,0.01925,0.63145,0.9562,NA,NA,NA,NA,NA,NA,NA,NA,NA,NA,NA,NA,90.36545904,90.36692958,-170.7309181,-168.7338592,-153.4543125,-148.0019325,0.956750602
rs395523,G,C,NA,-0.210845316,-0.1186725,No,No,Yes,Yes,PGCxDis19_LIN28B,rs1933802,chr6:105396187,chr6,104948312,104948312,0.02820189,0.3316,4.03E-06,0.0038,8.14E-05,0.002267575,0.00475,0.9999,0.0488,NA,NA,NA,NA,NA,NA,NA,NA,NA,NA,NA,NA,73.12165163,75.04054687,-136.2433033,-138.0810937,-118.9453757,-117.3235807,0.050109514
rs402114,C,T,NA,0.09542566,-0.04576954,No,No,No,Yes,Wray18_TMEM161B-MEF2C-Blk1,rs247910,chr5:87563923,chr5,88268106,88268106,0.03421118,0.3487,0.025695118,0.2902,0.1964809,0.355523,0.7289,0.804,0.0184,NA,NA,NA,NA,NA,NA,NA,NA,NA,NA,NA,NA,14.4751442,17.17764258,-18.9502884,-22.35528516,-1.738199851,-1.700778897,0.020079186
rs4132193,C,T,NA,-0.029455765,0.03988,No,No,No,Yes,PGCxDis19_LIN28B,rs1933802,chr6:105168358,chr6,104720483,104720483,0.07551189,0.4433,0.136897438,0.5346,0.1477314,0.2928624,0.88815,0.99125,0.01385,NA,NA,NA,NA,NA,NA,NA,NA,NA,NA,NA,NA,183.5520256,186.5219142,-357.1040513,-361.0438285,-340.0235493,-340.5472261,0.01480289
rs4312220,G,A,NA,0.169851666,0.06674156,No,No,Yes,Yes,Ren18_NPAS3,rs10498321,chr14:34181469,chr14,33712263,33712263,0.009849269,0.1939,0.000162892,0.0244,0.01839957,0.06627322,0.00475,0.73995,0.0016,NA,NA,NA,NA,NA,NA,NA,NA,NA,NA,NA,NA,146.1535313,151.0762351,-282.3070627,-290.1524702,-265.2043877,-269.6292602,0.001702563
rs45605540,T,C,NA,-0.093436932,-0.06708113,No,No,Yes,No,PGCxDis19_KIAA1109,rs75595651,chr4:123141054,chr4,122219899,122219899,0.000849186,0.0991,0.000147877,0.0294,0.03048847,0.0929064,0.04385,0.99945,0.4281,0,0,0,0,1,0,1,1,0,0,0,0,153.7327357,154.0265357,-297.4654713,-296.0530714,-280.2317845,-275.3726471,0.443348674
rs4662331,T,C,NA,0.150474875,0.1575308,No,No,Yes,No,Ward19_ARHGAP15,rs7567948,chr2:144186652,chr2,143429083,143429083,0.05405592,0.3798,0.000607468,0.0784,0.005428541,0.03151641,0.02055,0.2932,0.88,NA,NA,NA,NA,NA,NA,NA,NA,NA,NA,NA,NA,37.87105957,37.88174847,-65.74211913,-63.76349695,-48.44419156,-43.00598386,0.883754393
rs4680445,T,G,-0.2019443,-0.136358006,-0.1835708,Yes,Yes,Yes,No,LiLuo18_RSRC1,rs1193510,chr3:158291055,chr3,158573266,158573266,4.08E-05,0.0223,0.000205077,0.03,2.74E-06,0.00017664,0.00015,0.9764,0.14265,NA,NA,NA,NA,NA,NA,NA,NA,NA,NA,NA,NA,156.9534889,158.0012257,-303.9069779,-304.0024514,-286.7165813,-283.3739756,0.147735928
rs4719391,T,C,NA,-0.009189387,0.08682282,No,No,No,Yes,HowardAdams18_MAD1L1,rs1554505,chr7:2048136,chr7,2008501,2008501,0.003906979,0.1774,0.775602796,0.9096,0.008147487,0.038987,0.35485,5.00E-05,0.0098,NA,NA,NA,NA,NA,NA,NA,NA,NA,NA,NA,NA,122.8426827,126.1010479,-235.6853655,-240.2020958,-218.494969,-219.57362,0.010686429
rs4719443,A,G,NA,-0.059464629,-0.1051759,No,No,Yes,No,HowardAdams18_MAD1L1,rs1554505,chr7:2161099,chr7,2121464,2121464,0.687662,0.8655,0.008121771,0.2102,0.00472874,0.02867677,0.04935,0.06235,0.1748,NA,NA,NA,NA,NA,NA,NA,NA,NA,NA,NA,NA,139.1970237,140.0835019,-268.3940475,-268.1670039,-251.2036509,-247.538528,0.183016627
rs4721441,T,C,NA,0.047232962,-0.08346665,No,No,No,Yes,HowardAdams18_MAD1L1,rs1554505,chr7:2184060,chr7,2144425,2144425,0.000402442,0.0778,0.139505053,0.5384,0.01939826,0.06760806,0.7636,0.7508,0.01445,NA,NA,NA,NA,NA,NA,NA,NA,NA,NA,NA,NA,39.17553536,42.13211257,-68.35107073,-72.26422513,-51.29284047,-51.79434882,0.015028238
rs4746716,A,C,NA,-0.006166895,-0.09786618,No,No,No,Yes,CONVERGE_SIRT1,rs12415800,chr10:69640423,chr10,67880665,67880665,0.4146702,0.7325,0.862614722,0.9468,0.01068829,0.04594091,0.35325,0.9391,0.03285,NA,NA,NA,NA,NA,NA,NA,NA,NA,NA,NA,NA,86.89258701,89.1462753,-163.785174,-166.2925506,-146.682499,-145.7693406,0.033748966
rs4761067,C,G,NA,0.322922728,0.3519047,No,No,Yes,No,Hyde16_SLC6A15,rs2125716,chr12:84897822,chr12,84504043,84504043,0.006318561,0.131,6.80E-10,2.00E-04,3.57E-08,7.29E-06,5.00E-05,0.00145,0.30295,NA,NA,NA,NA,NA,NA,NA,NA,NA,NA,NA,NA,181.9755448,182.4758403,-353.9510895,-352.9516807,-336.8705875,-332.4550783,0.317167513
rs476137,G,T,NA,-0.182293987,-0.1077766,No,No,Yes,No,Power17_MDDLateMale,rs7950328,chr11:94213905,chr11,94480739,94480739,0.5925054,0.8232,0.003907067,0.1504,0.01409041,0.05649311,0.041,0.97395,0.1848,NA,NA,NA,NA,NA,NA,NA,NA,NA,NA,NA,NA,18.05459885,18.90433603,-26.1091977,-25.80867206,-8.875510844,-5.128247826,0.192356735
rs4801117,C,A,-0.4040833,-0.203700544,-0.135606,Yes,Yes,Yes,Yes,Wray18_TCF4-Superblock-Blk5,rs68021739,chr18:52628923,chr18,54961692,54961692,4.12E-08,3.00E-04,5.35E-06,0.003,2.66E-05,0.001088113,5.00E-05,0.99905,0.01495,NA,NA,NA,NA,NA,NA,NA,NA,NA,NA,NA,NA,184.1659241,187.0827994,-358.3318482,-362.1655987,-341.2513462,-341.6689963,0.015721571
rs485146,C,G,NA,-0.191020093,0.1400442,No,No,No,Yes,Power17_MDDLateMale,rs7950328,chr11:94139867,chr11,94406701,94406701,NA,NA,0.231538022,0.6086,0.1470915,0.2926521,0.9091,0.99995,0.02145,NA,NA,NA,NA,NA,NA,NA,NA,NA,NA,NA,NA,-70.87232899,-68.32228757,151.744658,148.6445751,166.0823302,165.8497818,0.023924701
rs4882415,T,G,NA,-0.028946626,0.03816506,No,No,No,Yes,Hyde16_SLC6A15,rs2125716,chr12:84728688,chr12,84334909,84334909,0.3200605,0.6773,0.129875295,0.5276,0.007975445,0.03864577,0.89775,0.00195,0.0234,NA,NA,NA,NA,NA,NA,NA,NA,NA,NA,NA,NA,174.0448868,176.5555618,-338.0897737,-341.1111237,-320.9430455,-320.5350499,0.025036642
rs4882416,C,T,NA,0.260726879,0.3386906,No,No,Yes,No,Hyde16_SLC6A15,rs2125716,chr12:84745941,chr12,84352162,84352162,NA,NA,0.001371231,0.112,0.00194487,0.01588311,0.0097,1,0.38475,NA,NA,NA,NA,NA,NA,NA,NA,NA,NA,NA,NA,-2.282386697,-1.925468175,14.56477339,15.85093635,28.46039086,32.52567731,0.398172942
rs4882495,G,A,NA,-0.099154163,-0.05165783,No,No,Yes,No,Hyde16_SLC6A15,rs2125716,chr12:84692189,chr12,84298410,84298410,0.002752791,0.1249,9.92E-05,0.0296,0.003464929,0.02257733,0.04815,0.97115,0.1245,NA,NA,NA,NA,NA,NA,NA,NA,NA,NA,NA,NA,161.7568814,162.9138251,-313.5137628,-313.8276501,-296.4110878,-293.3044401,0.128223026
rs489591,T,C,0.4124067,0.294022445,0.2261595,Yes,Yes,Yes,No,Power17_MDDLateMale,rs7950328,chr11:94336431,chr11,94603265,94603265,3.01E-06,0.0067,1.30E-05,0.01,2.27E-05,0.000991185,5.00E-05,1,0.11735,NA,NA,NA,NA,NA,NA,NA,NA,NA,NA,NA,NA,76.71031384,77.90969964,-143.4206277,-143.8193993,-126.2958776,-123.2696992,0.12143057
rs4899134,T,G,0.2973884,0.197074448,0.1086667,Yes,No,Yes,Yes,Wray18_ESR2,rs915057,chr14:64863354,chr14,64396636,64396636,7.70E-06,0.0022,0.000525076,0.0628,0.003335739,0.02245209,0.0028,0.84455,0.029,NA,NA,NA,NA,NA,NA,NA,NA,NA,NA,NA,NA,98.88373056,101.2163262,-187.7674611,-190.4326525,-170.620733,-169.8565787,0.030779993
rs4902280,G,A,NA,-0.0434273,0.06821279,No,No,No,Yes,Wray18_ESR2,rs915057,chr14:64863211,chr14,64396493,64396493,0.9000468,0.9563,0.306423403,0.672,0.05609361,0.1437545,0.81475,0.9999,0.0136,NA,NA,NA,NA,NA,NA,NA,NA,NA,NA,NA,NA,83.18247029,86.18749903,-156.3649406,-160.3749981,-139.1097483,-139.6687673,0.014224564
rs490810,A,G,NA,0.317335218,0.4522344,No,No,Yes,Yes,PGCxDis19_BRAF-Blk1,rs10265001,chr7:140755264,chr7,141055464,141055464,0.003770317,0.1732,2.93E-08,2.00E-04,7.14E-10,3.63E-07,5.00E-05,5.00E-05,5.00E-05,NA,NA,NA,NA,NA,NA,NA,NA,NA,NA,NA,NA,163.5632537,173.5986293,-317.1265074,-335.1972585,-299.9797792,-314.6211848,7.46E-06
rs4949998,G,C,NA,-0.009257549,-0.08620295,No,No,No,Yes,Grove19_PTPB,rs201910565,chr1:97020047,chr1,96554491,96554491,0.006293197,0.2063,0.706946964,0.8792,0.00179221,0.01494477,0.2679,0.9996,0.0316,NA,NA,NA,NA,NA,NA,NA,NA,NA,NA,NA,NA,131.5530216,133.848139,-253.1060432,-255.6962781,-235.8939546,-235.0417718,0.032154608
rs536809,C,T,NA,0.097609035,0.08114227,No,No,Yes,No,PGCxDis19_BRAF-Blk1,rs10265001,chr7:140772643,chr7,141072843,141072843,0.08991643,0.4448,0.000528311,0.0544,0.004072719,0.0254545,0.02195,0.42505,0.5682,NA,NA,NA,NA,NA,NA,NA,NA,NA,NA,NA,NA,161.0995376,161.2522441,-312.1990753,-310.5044882,-295.1185733,-290.0078858,0.580508712
rs55765541,G,A,NA,0.110727095,-0.05580386,No,No,No,Yes,LiLuo18_RSRC1,rs1193510,chr3:158213547,chr3,158495758,158495758,0.4504502,0.7548,0.008426901,0.2032,0.05185049,0.1374824,0.6817,0.99765,0.0024,NA,NA,NA,NA,NA,NA,NA,NA,NA,NA,NA,NA,32.42425128,36.91677501,-54.84850255,-61.83355003,-37.76800054,-41.33694762,0.002721977
rs56035021,G,A,NA,0.033981315,0.1040249,No,No,No,Yes,PGCxDis19_KIAA1109,rs75595651,chr4:123067808,chr4,122146653,122146653,0.09181319,0.4673,0.061026813,0.4166,0.001255001,0.01164678,0.0983,5.00E-05,0.03575,NA,NA,NA,NA,NA,NA,NA,NA,NA,NA,NA,NA,140.7791997,142.946465,-271.5583994,-273.8929299,-254.3032072,-253.1866992,0.037346715
rs56051015,C,G,0.2854165,NA,NA,Yes,No,No,No,Hyde16_SLC6A15,rs2125716,chr12:84497937,chr12,84104158,84104158,5.06E-05,0.0298,0.213220832,0.6078,0.6813441,0.8144846,0.5722,0.97405,0.5685,NA,NA,NA,NA,NA,NA,NA,NA,NA,NA,NA,NA,19.19683162,19.34797411,-28.39366324,-26.69594822,-11.11705766,-5.964021528,0.582453475
rs56267605,A,C,NA,0.076808508,0.07413973,No,No,Yes,No,PGCxDis19_KIAA1109,rs75595651,chr4:123363109,chr4,122441954,122441954,0.008336531,0.2249,0.000676941,0.0816,0.01420203,0.05655565,0.02435,0.99955,0.90315,NA,NA,NA,NA,NA,NA,NA,NA,NA,NA,NA,NA,196.9581543,196.9651471,-383.9163087,-381.9302943,-366.6397031,-361.1983676,0.90586116
rs56347011,C,T,NA,0.003244,-0.08023695,No,No,No,Yes,PGCxDis19_BRAF-Blk1,rs10265001,chr7:140625744,chr7,140925944,140925944,0.02439867,0.302,0.913953962,0.9694,0.07914661,0.1853816,0.31,0.9105,0.00835,NA,NA,NA,NA,NA,NA,NA,NA,NA,NA,NA,NA,154.879168,158.3298509,-299.758336,-304.6597018,-282.5462475,-284.0051955,0.008612993
rs56360035,A,T,-0.3651362,NA,NA,Yes,No,No,No,PGCxDis19_KIAA1109,rs75595651,chr4:123363029,chr4,122441874,122441874,1.15E-06,4.00E-04,0.074321081,0.4352,0.003248565,0.02209251,0.14915,1,0.53035,NA,NA,NA,NA,NA,NA,NA,NA,NA,NA,NA,NA,96.81152057,96.9958457,-183.6230411,-181.9916914,-166.5425391,-161.495089,0.543740914
rs57021669,A,G,NA,-0.065309608,-0.1339008,No,No,Yes,No,PGCxDis19_BRAF-Blk1,rs10265001,chr7:140323341,chr7,140623541,140623541,0.467232,0.766,0.044852667,0.3504,0.000477598,0.007387278,0.03605,0.9922,0.06915,NA,NA,NA,NA,NA,NA,NA,NA,NA,NA,NA,NA,112.8497642,114.4989159,-215.6995284,-216.9978317,-198.4658415,-196.3174075,0.069351481
rs57525201,C,T,NA,-0.050815287,-0.101367,No,No,Yes,No,Wray18_ESR2,rs915057,chr14:64955692,chr14,64488974,64488974,0.1581334,0.5528,0.124846981,0.508,0.00117288,0.01149423,0.04065,0.9998,0.1038,NA,NA,NA,NA,NA,NA,NA,NA,NA,NA,NA,NA,164.8773877,166.1753205,-319.7547754,-320.350641,-302.4781699,-299.6187143,0.107142895
rs581449,A,G,NA,-0.059005222,0.03490591,No,No,No,Yes,Power17_MDDLateMale,rs7950328,chr11:94136161,chr11,94402995,94402995,0.01873757,0.2906,0.026950892,0.3118,0.1935894,0.3523729,0.8135,0.047,0.02255,NA,NA,NA,NA,NA,NA,NA,NA,NA,NA,NA,NA,96.87675497,99.42365116,-183.7535099,-186.8473023,-166.6730079,-166.3506999,0.024011627
rs58590331,G,A,NA,0.116409994,0.1260325,No,No,Yes,No,PGCxDis19_BRAF-Blk1,rs10265001,chr7:140270226,chr7,140570426,140570426,0.4497377,0.7557,3.31E-05,0.01,0.003880829,0.0246322,0.03825,0.9971,0.8006,NA,NA,NA,NA,NA,NA,NA,NA,NA,NA,NA,NA,67.99927917,68.02848555,-125.9985583,-124.0569711,-108.9403281,-103.5870948,0.809022442
rs5869417,A,-,0.2452714,0.083629786,0.1883203,Yes,No,No,Yes,Wray18_TMEM161B-MEF2C-Blk1,rs247910,chr5:87440453,chr5,88144637,88144648,0.000209696,0.0171,0.019359313,0.2902,0.004566614,0.02783135,0.0462,1,0.04945,NA,NA,NA,NA,NA,NA,NA,NA,NA,NA,NA,NA,29.34703807,31.25439726,-48.69407613,-50.50879451,-31.70326263,-30.1198183,0.050804145
rs59602208,C,T,0.1754247,NA,NA,Yes,No,No,No,LiLuo18_RSRC1,rs1193510,chr3:158360108,chr3,158642319,158642319,1.92E-05,0.0091,0.00109229,0.1042,7.61E-08,1.04E-05,NA,NA,NA,NA,NA,NA,NA,NA,NA,NA,NA,NA,NA,NA,NA,107.6655707,126.7868771,-205.3311414,-241.5737541,-188.0759491,-220.8675234,6.25E-10
rs60547325,C,A,NA,0.086029415,-0.03386144,No,No,No,Yes,CONVERGE_SIRT1,rs12415800,chr10:69808481,chr10,68048724,68048724,0.01005861,0.2021,0.166203818,0.5532,0.3816716,0.5619564,0.717,0.99475,0.049,NA,NA,NA,NA,NA,NA,NA,NA,NA,NA,NA,NA,6.189695531,8.101499739,-2.379391062,-4.202999479,14.78921896,16.39933254,0.050535295
rs608972,T,C,NA,0.093067398,0.002780606,No,No,No,Yes,Power17_MDDLateMale,rs7950328,chr11:94336130,chr11,94602964,94602964,0.1745444,0.551,0.000588405,0.076,0.9339165,0.9727623,0.35365,0.7868,0.02655,0,0,0,0,0,0,1,0,0,0,0,0,96.47052626,98.89140698,-182.9410525,-185.782814,-165.8163024,-165.2331138,0.027778507
rs61778711,G,T,-0.3091816,NA,NA,Yes,No,No,No,Debette14Hill18Lee18_PTGER3-Blk2,rs481940,chr1:71203154,chr1,70737471,70737471,7.67E-07,9.00E-04,0.035228184,0.3426,0.156846,0.3030542,0.38015,0.99355,0.57535,NA,NA,NA,NA,NA,NA,NA,NA,NA,NA,NA,NA,56.01144712,56.15856363,-102.0228942,-100.3171273,-84.94239222,-79.82052486,0.587520585
rs61879810,A,G,NA,0.113954494,0.15725,No,No,Yes,No,Wray18_PAX6,rs1806153,chr11:31821467,chr11,31799919,31799919,0.01386331,0.2677,0.002609516,0.1362,0.001232916,0.01161786,0.02585,0.9999,0.3461,NA,NA,NA,NA,NA,NA,NA,NA,NA,NA,NA,NA,59.8460298,60.2637523,-109.6920596,-108.5275046,-92.43686734,-87.82127387,0.360702764
rs61985668,T,C,-0.4567252,-0.686092187,-0.2630505,Yes,Yes,Yes,Yes,Wray18_ESR2,rs915057,chr14:64956346,chr14,64489628,64489628,2.49E-06,0.0039,3.72E-08,2.00E-04,2.18E-06,0.000148138,5.00E-05,0.9551,5.00E-05,NA,NA,NA,NA,NA,NA,NA,NA,NA,NA,NA,NA,75.78637002,128.2423051,-141.57274,-244.4846102,-124.3390532,-223.8041859,1.28E-24
rs61985706,C,A,NA,0.153914833,0.1152725,No,No,Yes,No,Wray18_ESR2,rs915057,chr14:64976600,chr14,64509882,64509882,0.2073632,0.5994,0.001436561,0.1186,0.000649546,0.008464821,0.00475,5.00E-05,0.29825,NA,NA,NA,NA,NA,NA,NA,NA,NA,NA,NA,NA,119.0961176,119.6067311,-228.1922353,-227.2134623,-211.0018387,-206.5849864,0.312228143
rs62323898,A,G,NA,0.078286833,-0.09228336,No,No,No,Yes,PGCxDis19_KIAA1109,rs75595651,chr4:123076895,chr4,122155740,122155740,0.1888495,0.5815,0.331846434,0.6796,0.09014425,0.2041159,0.9437,0.77775,0.0442,NA,NA,NA,NA,NA,NA,NA,NA,NA,NA,NA,NA,-42.00649324,-40.00133796,94.01298649,92.00267593,110.1951963,111.4213277,0.04522282
rs62397566,G,C,-0.1638689,NA,NA,Yes,No,No,No,Debette14Hill18Lee18_PTGER3-Blk1,rs1883640,chr6:20603008,chr6,20602777,20602777,2.83E-06,0.0049,0.001007078,0.054,1.58E-06,0.000138441,NA,NA,NA,NA,NA,NA,NA,NA,NA,NA,NA,NA,NA,NA,NA,NA,NA,NA,NA,NA,NA,NA
rs62435127,A,G,NA,0.060254958,0.003143811,No,No,No,Yes,HowardAdams18_MAD1L1,rs1554505,chr7:1884937,chr7,1845301,1845301,0.7467162,0.8912,0.033512728,0.3308,0.8671505,0.9319441,0.37545,0.9661,0.04925,0,0,1,0,1,0,1,1,0,0,0,0,167.6003168,169.5132828,-325.2006336,-327.0265656,-307.988545,-306.3720593,0.050465274
rs62444919,C,T,0.1889897,0.205402139,0.1266253,Yes,Yes,Yes,Yes,HowardAdams18_MAD1L1,rs1554505,chr7:2109499,chr7,2069864,2069864,0.000684964,0.0339,0.000147954,0.0058,0.000492243,0.007387278,5.00E-05,0.5523,0.00395,NA,NA,NA,NA,NA,NA,NA,NA,NA,NA,NA,NA,185.9976376,190.1090602,-361.9952752,-368.2181204,-344.8048787,-347.5896446,0.004136629
rs62484288,G,T,NA,0.295645196,0.04338725,No,No,No,Yes,PGCxDis19_BRAF-Blk1,rs10265001,chr7:140506037,chr7,140806237,140806237,0.8549488,0.9361,0.000670779,0.0656,0.4686065,0.641179,0.1819,0.9984,0.01625,NA,NA,NA,NA,NA,NA,NA,NA,NA,NA,NA,NA,-30.66366955,-27.80891465,71.32733911,67.6178293,85.74134872,84.91464083,0.01687325
rs62485370,G,A,NA,-0.154466013,-0.1599818,No,No,Yes,No,PGCxDis19_BRAF-Blk1,rs10265001,chr7:140604660,chr7,140904860,140904860,0.01010458,0.2411,6.94E-05,0.006,0.00013931,0.003203984,0.00015,0.74045,0.86455,NA,NA,NA,NA,NA,NA,NA,NA,NA,NA,NA,NA,158.7220386,158.735448,-307.4440771,-305.4708961,-290.2536806,-284.8424202,0.869916296
rs6441853,T,G,NA,-0.064083181,0.01218045,No,No,No,Yes,Wray18_ZNF445,rs11707582,chr3:44583575,chr3,44542083,44542083,0.03097098,0.3408,0.103301812,0.4922,0.6994908,0.8255069,0.5516,0.995,0.0273,NA,NA,NA,NA,NA,NA,NA,NA,NA,NA,NA,NA,124.0195069,126.4133339,-238.0390138,-240.8266678,-220.8053269,-220.1462436,0.028664443
rs6441858,T,C,NA,0.109580004,0.09260684,No,No,Yes,No,Wray18_ZNF445,rs11707582,chr3:44625624,chr3,44584132,44584132,0.3015256,0.6611,1.43E-06,0.0012,0.000874031,0.009976915,0.0023,0.1613,0.4788,NA,NA,NA,NA,NA,NA,NA,NA,NA,NA,NA,NA,206.4096997,206.6460202,-402.8193994,-401.2920405,-385.5642071,-380.5858098,0.49177464
rs6452769,G,A,NA,-0.163044665,-0.1302915,No,No,Yes,No,Wray18_TMEM161B-MEF2C-Blk1,rs247910,chr5:87389027,chr5,88093210,88093210,0.001005892,0.1084,0.003158268,0.134,0.008882447,0.0407528,0.0483,0.99475,0.5909,NA,NA,NA,NA,NA,NA,NA,NA,NA,NA,NA,NA,15.55033051,15.68539374,-21.10066102,-19.37078749,-4.042430762,1.099088826,0.603246951
rs6464284,T,C,0.3949427,0.234337572,0.1305702,Yes,Yes,Yes,Yes,PGCxDis19_BRAF-Blk1,rs10265001,chr7:140756162,chr7,141056362,141056362,4.39E-09,1.00E-04,9.41E-07,2.00E-04,0.000821348,0.009864223,0.00055,0.3831,0.0131,NA,NA,NA,NA,NA,NA,NA,NA,NA,NA,NA,NA,96.29612424,99.34923035,-182.5922485,-186.6984607,-165.4018519,-166.0699848,0.013470752
rs6500767,G,A,0.1958503,NA,NA,Yes,No,No,No,Wray18_RBFOX1Block1,rs8063603,chr16:6334991,chr16,6284990,6284990,2.11E-05,0.0091,0.455677644,0.7602,0.01953021,0.06768037,0.2098,0.9999,0.05795,NA,NA,NA,NA,NA,NA,NA,NA,NA,NA,NA,NA,40.29453822,42.06909866,-70.58907644,-72.13819733,-53.31247086,-51.40627063,0.059577007
rs6571201,T,C,NA,0.141067305,0.4222541,No,No,No,Yes,PGCxDis19_LIN28B,rs1933802,chr6:105167916,chr6,104720041,104720041,0.001115255,0.0607,0.002716839,0.1264,8.88E-10,3.63E-07,5.00E-05,0.00265,5.00E-05,NA,NA,NA,NA,NA,NA,NA,NA,NA,NA,NA,NA,79.1779832,100.3855708,-148.3559664,-188.7711416,-131.3651529,-168.3821653,7.38E-11
rs6597838,A,G,NA,-0.088924171,-0.1087753,No,No,Yes,No,CONVERGE_LHPP,rs35936514,chr10:126235215,chr10,124546646,124546646,0.424392,0.7403,0.000262411,0.048,0.00036475,0.006205815,0.0122,0.92485,0.5009,NA,NA,NA,NA,NA,NA,NA,NA,NA,NA,NA,NA,160.811809,161.0243937,-311.623618,-310.0487873,-294.4768899,-289.4727136,0.51436885
rs6662,G,T,NA,-0.161865934,-0.1017438,No,No,Yes,No,PGCxDis19_BRAF-Blk1,rs10265001,chr7:140706157,chr7,141006357,141006357,0.000315791,0.059,0.000295808,0.0508,0.01138764,0.04791496,0.0071,1,0.1112,NA,NA,NA,NA,NA,NA,NA,NA,NA,NA,NA,NA,110.5883552,111.8352493,-211.1767104,-211.6704986,-193.9430235,-190.9900744,0.11429632
rs67446837,G,A,NA,-0.068262398,-0.0939365,No,No,Yes,No,LiLuo18_RSRC1,rs1193510,chr3:158465711,chr3,158747922,158747922,0.06101771,0.3707,0.001250659,0.1062,0.000587438,0.008027876,0.0324,0.99995,0.38695,NA,NA,NA,NA,NA,NA,NA,NA,NA,NA,NA,NA,167.549728,167.89807,-325.0994561,-323.79614,-307.9527279,-303.2200662,0.403900178
rs6768789,G,A,NA,0.090935325,-0.07689147,No,No,No,Yes,Wray18_ZNF445,rs11707582,chr3:44610505,chr3,44569013,44569013,0.7278162,0.8835,0.035503825,0.3574,0.07415332,0.1760423,0.89305,0.8737,0.0033,NA,NA,NA,NA,NA,NA,NA,NA,NA,NA,NA,NA,21.6858135,25.87753827,-33.37162699,-39.75507654,-16.38081348,-19.36610033,0.003786531
rs6769609,C,T,-0.1891782,-0.125377724,-0.08922929,Yes,No,Yes,No,Wray18_ZNF445,rs11707582,chr3:44522804,chr3,44481312,44481312,7.02E-05,0.0025,0.004768938,0.1154,0.01082967,0.0462242,0.00555,0.8812,0.25695,NA,NA,NA,NA,NA,NA,NA,NA,NA,NA,NA,NA,165.3305492,165.940709,-320.6610984,-319.8814179,-303.5363484,-299.3317178,0.269297961
rs6773505,G,A,NA,0.196874702,-0.02038581,No,No,No,Yes,LiLuo18_RSRC1,rs1193510,chr3:157831860,chr3,158114071,158114071,0.07256151,0.4314,0.003860944,0.1748,0.7085371,0.8305818,0.3001,0.99995,0.00105,NA,NA,NA,NA,NA,NA,NA,NA,NA,NA,NA,NA,-8.652556408,-3.452276135,27.30511282,18.90455227,44.01678408,38.95855778,0.001259771
rs6785876,G,A,NA,0.054574942,0.116184,No,No,Yes,No,Wray18_ZNF445,rs11707582,chr3:44621285,chr3,44579793,44579793,0.3982693,0.7226,0.046448808,0.3478,0.001203877,0.01152143,0.03845,0.95785,0.0615,NA,NA,NA,NA,NA,NA,NA,NA,NA,NA,NA,NA,150.5710977,152.3041932,-291.1421954,-292.6083863,-273.9301069,-271.95388,0.062635389
rs6794461,A,G,NA,-0.184343449,-0.1427592,No,No,Yes,No,LiLuo18_RSRC1,rs1193510,chr3:157831054,chr3,158113265,158113265,0.7841511,0.9079,0.001150509,0.0712,0.000483455,0.007387278,0.01165,0.98965,0.3621,NA,NA,NA,NA,NA,NA,NA,NA,NA,NA,NA,NA,49.9553862,50.3451278,-89.9107724,-88.69025561,-72.85254214,-68.22037929,0.37729924
rs6795710,C,T,NA,-0.097874905,-0.07639906,No,No,Yes,No,LiLuo18_RSRC1,rs1193510,chr3:158275033,chr3,158557244,158557244,0.4776348,0.7712,0.001432151,0.0844,0.002455151,0.01833878,0.00835,0.21715,0.4339,NA,NA,NA,NA,NA,NA,NA,NA,NA,NA,NA,NA,202.9384746,203.2251702,-395.8769492,-394.4503404,-378.6865526,-373.8218646,0.448914463
rs6798355,G,A,NA,-0.00680935,0.06834492,No,No,No,Yes,LiLuo18_RSRC1,rs1193510,chr3:157809387,chr3,158091598,158091598,0.05569949,0.4078,0.789317689,0.9156,0.02571578,0.08246553,0.50095,0.65615,0.04135,NA,NA,NA,NA,NA,NA,NA,NA,NA,NA,NA,NA,118.5136361,120.5768104,-227.0272723,-229.1536209,-209.9467702,-208.6570185,0.042220356
rs6809116,A,C,NA,0.088761575,-0.03542172,No,No,No,Yes,Wray18_ZNF445,rs11707582,chr3:44712097,chr3,44670605,44670605,0.1818139,0.574,0.011328723,0.2502,0.2714618,0.4615512,0.66055,0.9243,0.0096,NA,NA,NA,NA,NA,NA,NA,NA,NA,NA,NA,NA,56.77855019,60.08336556,-103.5571004,-108.1667311,-86.2804948,-87.43480442,0.010142869
rs6929352,T,C,NA,-0.080854466,-0.1031561,No,No,Yes,No,PGCxDis19_LIN28B,rs1933802,chr6:105204621,chr6,104756746,104756746,0.1277605,0.5149,0.003599061,0.1504,0.000440427,0.007135206,0.04935,0.81135,0.5742,NA,NA,NA,NA,NA,NA,NA,NA,NA,NA,NA,NA,117.5745015,117.7224789,-225.1490031,-223.4449577,-207.9153162,-202.7645335,0.586429683
rs694617,T,G,NA,0.124498435,0.09256266,No,No,Yes,No,Wray18_PAX6,rs1806153,chr11:31825518,chr11,31803970,31803970,0.000244279,0.0565,0.000456992,0.051,0.005547248,0.03175411,0.0352,1,0.4377,NA,NA,NA,NA,NA,NA,NA,NA,NA,NA,NA,NA,93.49431702,93.77620297,-176.988634,-175.5524059,-159.7334418,-154.8461752,0.452744466
rs6952808,G,C,NA,0.123561988,0.04266918,No,No,Yes,Yes,HowardAdams18_MAD1L1,rs1554505,chr7:1886535,chr7,1846899,1846899,0.1206764,0.5021,5.19E-05,0.0036,0.02045404,0.06924757,0.02465,0.72775,0.00765,NA,NA,NA,NA,NA,NA,NA,NA,NA,NA,NA,NA,173.2294899,176.7591682,-336.4589798,-341.5183363,-319.1186791,-320.7099755,0.007885232
rs6977733,T,A,0.183656,0.140186164,0.1150866,Yes,Yes,Yes,No,HowardAdams18_MAD1L1,rs1554505,chr7:1886725,chr7,1847089,1847089,1.64E-05,0.0146,0.000389284,0.0424,0.000135791,0.003203984,0.0018,1,0.43885,NA,NA,NA,NA,NA,NA,NA,NA,NA,NA,NA,NA,159.7409153,160.0215674,-309.4818306,-308.0431347,-292.2914341,-287.4146589,0.453735274
rs7074734,C,T,NA,0.093521433,-0.1508754,No,No,No,Yes,CONVERGE_SIRT1,rs12415800,chr10:69481795,chr10,67722037,67722037,0.6019125,0.8276,0.104121126,0.4954,0.08921912,0.2023952,0.7607,0.02315,0.00195,NA,NA,NA,NA,NA,NA,NA,NA,NA,NA,NA,NA,-58.6253553,-53.89635952,127.2507106,119.792719,144.5273162,140.5246457,0.002102311
rs7089724,A,G,NA,0.103090761,0.03510367,No,No,No,Yes,CONVERGE_SIRT1,rs12415800,chr10:69366379,chr10,67606621,67606621,0.1385395,0.5278,0.001186403,0.1044,0.06743094,0.1642205,0.08435,0.99605,0.04045,NA,NA,NA,NA,NA,NA,NA,NA,NA,NA,NA,NA,151.6357523,153.7160655,-293.2715046,-295.4321309,-276.059416,-274.7776247,0.041374101
rs7096745,C,A,NA,0.048436718,-0.02781541,No,No,No,Yes,CONVERGE_SIRT1,rs12415800,chr10:69609305,chr10,67849547,67849547,0.6800685,0.8621,0.058231402,0.3858,0.2426468,0.4210232,0.8103,5.00E-05,0.0375,0,1,1,1,1,0,1,0,1,0,0,1,118.8324568,120.973175,-227.6649135,-229.9463499,-210.5181854,-209.3702761,0.038530774
rs71123844,-,T,NA,0.493449626,0.4971948,No,No,Yes,No,Wray18_ESR2,rs915057,chr14:64863965,chr14,64397248,64397259,NA,NA,0.004321006,0.1312,8.02E-05,0.002267575,0.03265,0.9999,0.97435,NA,NA,NA,NA,NA,NA,NA,NA,NA,NA,NA,NA,-59.65676647,-59.65622101,129.3135329,131.312442,141.9765304,146.508039,0.973651193
rs71484573,-,GCCCC,0.1839626,0.189074158,0.1840833,Yes,Yes,Yes,No,CONVERGE_LHPP,rs35936514,chr10:126296914,chr10,124608346,124608350,1.90E-05,0.0207,0.000174003,0.0192,5.94E-05,0.001775334,5.00E-05,0.78415,0.7934,0,0,0,0,1,0,1,1,0,0,0,0,146.0637995,146.09515,-282.1275989,-280.1903,-265.0028488,-259.6405999,0.802276634
rs7149535,G,A,NA,-0.085155031,-0.00444269,No,No,No,Yes,Power17_MDDMidAge,rs9323497,chr14:67735368,chr14,67268651,67268651,0.03612082,0.3476,0.005003271,0.1884,0.8777057,0.9380405,0.31415,0.9946,0.02975,NA,NA,NA,NA,NA,NA,NA,NA,NA,NA,NA,NA,122.2806276,124.6147401,-234.5612551,-237.2294801,-217.4585801,-216.7062701,0.030725667
rs71549424,-,C,NA,-0.107391829,-0.1412532,No,No,Yes,No,PGCxDis19_LIN28B,rs1933802,chr6:105356838,chr6,104908964,104908965,0.002578438,0.151,0.000620084,0.0338,4.23E-05,0.001438794,0.0016,0.99955,0.2694,NA,NA,NA,NA,NA,NA,NA,NA,NA,NA,NA,NA,168.5628851,169.1468396,-327.1257702,-326.2936793,-310.0010202,-305.7439792,0.279831299
rs7194397,C,T,NA,0.074617423,0.004834527,No,No,No,Yes,Wray18_PMFBP1,rs11643192,chr16:72128299,chr16,72094400,72094400,0.07849996,0.4477,0.055041814,0.391,0.7842734,0.8806003,0.3225,0.0256,0.0405,0,0,0,0,1,0,0,0,0,0,0,0,141.7102313,143.7880629,-273.4204626,-275.5761258,-256.143857,-254.8441991,0.041495522
rs7195988,C,T,NA,0.297924716,0.09559408,No,No,Yes,Yes,Wray18_PMFBP1,rs11643192,chr16:71963186,chr16,71929283,71929283,0.000458122,0.0699,2.11E-09,2.00E-04,0.01053496,0.04547781,5.00E-05,5.00E-05,5.00E-05,NA,NA,NA,NA,NA,NA,NA,NA,NA,NA,NA,NA,117.4270737,132.2082817,-224.8541474,-252.4165633,-207.7736454,-231.9199609,5.41E-08
rs7201643,C,A,NA,0.194714582,0.1829977,No,No,Yes,No,Wray18_PMFBP1,rs11643192,chr16:72100780,chr16,72066881,72066881,0.00920717,0.2125,0.01501752,0.2718,0.01028911,0.04533871,0.032,0.99995,0.8847,0,1,1,0,0,0,0,0,1,0,0,0,-17.0258727,-17.01665958,44.0517454,46.03331917,61.08760426,66.4763498,0.892024245
rs7238466,A,G,NA,-0.250479824,-0.1561078,No,No,Yes,No,Wray18_TCF4-Superblock-Blk2,rs11663393,chr18:50523959,chr18,52997589,52997589,0.01869084,0.2535,0.000110525,0.03,0.002009861,0.01620972,0.01205,0.99995,0.1513,NA,NA,NA,NA,NA,NA,NA,NA,NA,NA,NA,NA,9.118434661,10.1133696,-8.236869322,-8.226739203,8.279655219,11.59309025,0.158354485
rs72635792,C,G,NA,0.214048087,0.1933202,No,No,Yes,No,PGCxDis19_RERE,rs301805,chr1:8378599,chr1,8318539,8318539,0.006681879,0.1779,1.86E-05,0.0014,6.56E-05,0.001913544,5.00E-05,0.9999,0.48635,NA,NA,NA,NA,NA,NA,NA,NA,NA,NA,NA,NA,163.5982354,163.8264006,-317.1964708,-315.6528012,-300.0937958,-295.1295912,0.499343977
rs73046323,G,A,NA,-0.09239997,-0.133206,No,No,Yes,No,HowardAdams18_MAD1L1,rs1554505,chr7:1882795,chr7,1843159,1843159,0.00794493,0.223,0.017763442,0.2874,0.009146523,0.04149811,0.02025,0.6568,0.24995,NA,NA,NA,NA,NA,NA,NA,NA,NA,NA,NA,NA,107.0055619,107.6358177,-204.0111238,-203.2716354,-186.7990352,-182.6171292,0.261554263
rs73154307,G,A,NA,0.28589629,-0.03621772,No,No,No,Yes,LiLuo18_RSRC1,rs1193510,chr3:158212541,chr3,158494752,158494752,0.207387,0.5972,0.001172345,0.1068,0.6684703,0.8037403,0.44165,1,0.01625,NA,NA,NA,NA,NA,NA,NA,NA,NA,NA,NA,NA,-60.83850383,-57.98338569,131.6770077,127.9667714,146.0146799,145.1719781,0.016866269
rs73157727,T,G,0.6295555,NA,NA,Yes,No,No,No,Hyde16_SLC6A15,rs2125716,chr12:84914892,chr12,84521113,84521113,1.60E-05,0.0189,0.029175852,0.3258,0.2185502,0.3857695,0.49555,0.99995,0.51355,NA,NA,NA,NA,NA,NA,NA,NA,NA,NA,NA,NA,-120.2479761,-120.0467126,250.4959521,252.0934252,266.0256795,270.7290981,0.52578714
rs73158329,G,A,0.1781505,NA,NA,Yes,No,No,No,LiLuo18_RSRC1,rs1193510,chr3:158467950,chr3,158750161,158750161,5.54E-05,0.011,0.827282252,0.9316,0.9723603,0.9876794,0.9171,0.16665,0.90825,NA,NA,NA,NA,NA,NA,NA,NA,NA,NA,NA,NA,176.6234591,176.6296203,-343.2469182,-341.2592405,-326.2110593,-320.8162099,0.911611462
rs73165483,G,T,NA,0.090963785,0.05779809,No,No,Yes,No,PGCxDis19_BRAF-Blk1,rs10265001,chr7:140619641,chr7,140919841,140919841,0.6669182,0.8574,0.000759753,0.0748,0.008240165,0.03912481,0.04145,0.97655,0.2805,NA,NA,NA,NA,NA,NA,NA,NA,NA,NA,NA,NA,178.3006022,178.8574988,-346.6012044,-345.7149976,-329.4985294,-325.1917876,0.291258866
rs73172122,G,C,-0.1982748,-0.13406992,-0.163493,Yes,No,Yes,No,LiLuo18_RSRC1,rs1193510,chr3:158182743,chr3,158464954,158464954,8.19E-05,0.0406,0.001156461,0.096,8.65E-05,0.002355828,0.0011,0.9999,0.38745,NA,NA,NA,NA,NA,NA,NA,NA,NA,NA,NA,NA,135.9676701,136.3153526,-261.9353402,-260.6307052,-244.7449436,-240.0022293,0.404345523
rs7513962,C,T,0.1401385,0.091287776,0.09299605,Yes,No,Yes,No,Grove19_PTPB,rs201910565,chr1:96952532,chr1,96486976,96486976,0.000215341,0.0385,0.012771165,0.2066,0.01532004,0.05864701,0.03575,0.8456,0.9975,NA,NA,NA,NA,NA,NA,NA,NA,NA,NA,NA,NA,132.3367704,132.3367926,-254.6735408,-252.6735852,-237.5708658,-232.1503752,0.994681301
rs75251748,T,G,0.2247401,0.272322086,0.4967846,Yes,Yes,Yes,Yes,CONVERGE_SIRT1,rs12415800,chr10:69856136,chr10,68096379,68096379,1.35E-05,0.0106,4.76E-06,0.0048,4.30E-10,3.63E-07,5.00E-05,5.00E-05,5.00E-05,NA,NA,NA,NA,NA,NA,NA,NA,NA,NA,NA,NA,123.6406679,143.0459793,-237.2813357,-274.0919585,-220.2231054,-253.6220822,4.67E-10
rs7525653,A,G,0.2207813,0.117440006,0.03503844,Yes,No,No,Yes,Grove19_PTPB,rs201910565,chr1:96952534,chr1,96486978,96486978,2.27E-06,0.0018,0.000374794,0.0618,0.09653435,0.2129581,0.11065,0.7998,0.0402,NA,NA,NA,NA,NA,NA,NA,NA,NA,NA,NA,NA,105.9888389,108.0710316,-201.9776777,-204.1420632,-184.7010721,-183.4101365,0.041282385
rs7608024,T,A,-0.122981,-0.086102409,-0.09237769,Yes,Yes,Yes,No,Ward19_ARHGAP15,rs7567948,chr2:144185670,chr2,143428101,143428101,0.000168757,0.0276,9.08E-06,0.0024,5.17E-05,0.001666011,0.00025,3.00E-04,0.7257,NA,NA,NA,NA,NA,NA,NA,NA,NA,NA,NA,NA,290.2960615,290.3527532,-570.5921229,-568.7055064,-553.1889283,-547.8216728,0.736324503
rs7638518,A,C,NA,0.10546609,-0.03325992,No,No,No,Yes,LiLuo18_RSRC1,rs1193510,chr3:158286742,chr3,158568953,158568953,0.005165372,0.1926,0.15387201,0.5238,0.525158,0.6879842,0.68205,0.9999,0.0481,NA,NA,NA,NA,NA,NA,NA,NA,NA,NA,NA,NA,-4.620612819,-2.684582356,19.24122564,17.36916471,35.90481961,37.36547747,0.049096199
rs7653558,C,T,-0.2859392,-0.242158918,-0.2979229,Yes,Yes,Yes,No,Wray18_ZNF445,rs11707582,chr3:44620719,chr3,44579227,44579227,6.62E-06,0.0101,7.33E-08,2.00E-04,1.01E-08,3.09E-06,5.00E-05,0.8784,0.1834,NA,NA,NA,NA,NA,NA,NA,NA,NA,NA,NA,NA,93.0465326,93.90109497,-176.0930652,-175.8021899,-158.9244552,-155.1998579,0.19109897
rs7708715,C,A,NA,0.007104421,0.1697882,No,No,No,Yes,Wray18_TMEM161B-MEF2C-Blk1,rs247910,chr5:87712519,chr5,88416702,88416702,0.3644965,0.7015,0.916361561,0.9698,0.003052954,0.0214935,0.3539,0.893,0.0313,NA,NA,NA,NA,NA,NA,NA,NA,NA,NA,NA,NA,-39.61776623,-37.31470893,89.23553245,86.62941786,106.2489194,107.0454822,0.031858137
rs7710380,T,C,NA,0.13478991,0.05439009,No,No,Yes,Yes,PGCxDis19_PCDHAs,rs3806843,chr5:140156264,chr5,140776679,140776679,0.00034471,0.0637,4.35E-06,2.00E-04,0.00097407,0.01021502,0.01545,1,0.01035,NA,NA,NA,NA,NA,NA,NA,NA,NA,NA,NA,NA,160.7035899,163.9249127,-311.4071797,-315.8498254,-294.066879,-295.0414645,0.01114126
rs77180026,T,-,NA,0.071587722,-0.1021493,No,No,No,Yes,Wray18_ESR2,rs915057,chr14:64850912,chr14,64384195,64384202,0.4203946,0.7354,0.050775683,0.3746,0.01092419,0.04630497,0.78485,0.9461,5.00E-04,NA,NA,NA,NA,NA,NA,NA,NA,NA,NA,NA,NA,55.23834604,61.391223,-100.4766921,-110.782446,-83.20008651,-90.05051931,0.000451564
rs77241189,C,T,NA,0.077419104,-0.07278678,No,No,No,Yes,Power17_MDDLateMale,rs7950328,chr11:94143317,chr11,94410151,94410151,0.03064923,0.3387,0.019465052,0.2928,0.1362805,0.2777764,0.97425,0.6931,5.00E-04,NA,NA,NA,NA,NA,NA,NA,NA,NA,NA,NA,NA,86.64665273,92.53168449,-163.2933055,-173.063369,-146.1029089,-152.4348931,0.000601909
rs7751101,A,G,NA,-0.098871418,-0.001248794,No,No,No,Yes,PGCxDis19_LIN28B,rs1933802,chr6:105210495,chr6,104762620,104762620,0.04656698,0.3643,0.00729105,0.1586,0.962202,0.9838876,0.368,0.00155,0.02435,NA,NA,NA,NA,NA,NA,NA,NA,NA,NA,NA,NA,82.17466943,84.65811144,-154.3493389,-157.3162229,-137.4039802,-136.9817925,0.025837154
rs79269275,C,T,0.1539355,NA,NA,Yes,Yes,No,No,CONVERGE_SIRT1,rs12415800,chr10:69647397,chr10,67887639,67887639,0.000175937,0.0306,2.61E-10,2.00E-04,0.000901509,0.009976915,NA,NA,NA,NA,NA,NA,NA,NA,NA,NA,NA,NA,NA,NA,NA,145.7809653,172.9069256,-281.5619306,-333.8138512,-264.349842,-313.1593449,1.76E-13
rs9284880,C,T,0.1879112,NA,NA,Yes,No,No,No,Wray18_ZNF445,rs11707582,chr3:44759389,chr3,44717897,44717897,6.10E-05,0.0256,0.000950743,0.092,0.000742428,0.00917153,NA,NA,NA,NA,NA,NA,NA,NA,NA,NA,NA,NA,NA,NA,NA,127.113689,127.1633484,-244.227378,-242.3266968,-226.9294504,-221.5691837,0.752648569
rs9399896,A,G,0.1634438,NA,NA,Yes,Yes,No,No,PGCxDis19_LIN28B,rs1933802,chr6:105216969,chr6,104769094,104769094,0.000241639,0.0358,0.000550381,0.039,0.000495814,0.007387278,NA,NA,NA,NA,NA,NA,NA,NA,NA,NA,NA,NA,NA,NA,NA,127.969502,128.339273,-245.9390041,-244.678546,-228.7922759,-224.1024723,0.389807647
rs9669137,A,G,-0.1148712,NA,NA,Yes,No,No,No,Hyde16_SLC6A15,rs2125716,chr12:84751430,chr12,84357651,84357651,0.00070313,0.0347,0.015252833,0.2506,0.1565587,0.3029769,NA,NA,NA,NA,NA,NA,NA,NA,NA,NA,NA,NA,NA,NA,NA,116.01558,116.1530856,-222.0311601,-220.3061711,-204.8407635,-199.6776953,0.599989965