"Supplementary Table 6. MPRA summary statistics. Table of summary statistics from the MPRA of 150 variants shown in Fig S38. Each row includes the affected gene, variant chromosome and position, the reference and alternative alleles, the base mean expression, log2 fold-change in expression, nominal and adjusted expression p-values, the base mean allelic expression, log2 fold-change in allelic expression, nominal and adjusted allelic expression p-values, eOutlier and aseOutlier p-values, Watershed scores for total expression and ASE, and the variant Watershed score bin. ",,,,,,,,,,,,,,,,,
GeneID,Chr,Pos,ref,alt,baseMean_allele,log2FoldChange_allele,pvalue_allele,padj_allele,baseMean_expr,log2FoldChange_expr,pvalue_expr,padj_expr,total_expression_outlier_pvalue,ase_outlier_pvalue,total_expression_watershed_posterior,ase_watershed_posterior,WS_Bin
ENSG00000027001,chr13,23880546,ref=G,alt=A,33368.70494,-0.067597794,0.667558468,0.945271242,33368.70494,0.048243948,0.664607582,0.783748898,-0.93162,NA,0.00063,0.01002,Low
ENSG00000027001,chr13,23898305,ref=T,alt=A,2359.985529,0.543149588,0.292730905,0.836639508,2359.985529,-0.289499992,0.427535571,0.583586054,4.00E-05,NA,0.55174,0.19066,High
ENSG00000027001,chr13,23898371,ref=G,alt=A,35712.68647,-0.367216156,0.000996484,0.094333792,35712.68647,0.190765209,0.015628441,0.054088858,0.87405,NA,0.00128,0.01137,Low
ENSG00000056487,chr22,45000555,ref=T,alt=C,25197.39497,0.18683,0.208775614,0.836639508,25197.39497,0.04672071,0.656700444,0.77778404,-0.88174,NA,0.0049,0.02532,Low
ENSG00000056487,chr22,45001375,ref=C,alt=T,37329.34932,-0.058848215,0.664239881,0.945271242,37329.34932,-0.01534507,0.87274783,0.921702737,-0.90533,NA,0.00084,0.00784,Low
ENSG00000056487,chr22,45005246,ref=C,alt=T,43320.00618,0.117586877,0.431881778,0.898567216,43320.00618,-0.154482862,0.14422635,0.280240524,-0.6591,NA,0.00143,0.01059,Low
ENSG00000056487,chr22,45014817,ref=C,alt=T,16168.35053,-0.140590013,0.497159641,0.917007192,16168.35053,0.551211166,0.000166721,0.001182205,0.74144,NA,0.00106,0.00691,Low
ENSG00000056487,chr22,45015234,ref=G,alt=A,131167.4584,-0.109983376,0.187682375,0.825317187,131167.4584,1.983155503,2.93E-247,1.60E-244,-0.78122,NA,0.00191,0.01462,Low
ENSG00000063438,chr5,296837,ref=C,alt=G,6854.059107,0.022683151,0.93098504,0.997012158,6854.059107,-0.334250914,0.071143842,0.174975396,0.01292,NA,0.43217,0.07413,Low
ENSG00000063438,chr5,301272,ref=G,alt=A,17952.82132,-0.093062252,0.539695002,0.917007192,17952.82132,0.329928254,0.002093777,0.010319654,-0.66932,NA,0.00118,0.00745,Low
ENSG00000068903,chr19,38894899,ref=C,alt=T,22499.4582,0.409020382,0.017063191,0.381564919,22499.4582,-0.379590187,0.001748927,0.009181868,-0.93707,NA,0.00135,0.01403,Low
ENSG00000068903,chr19,38895419,ref=G,alt=A,28865.54688,0.302579644,0.012979513,0.354758366,28865.54688,-0.413392465,1.56E-06,1.81E-05,-0.00184,3.00E-05,0.99185,0.99557,High
ENSG00000068903,chr19,38904027,ref=G,alt=A,29318.9159,0.042287469,0.784143363,0.970377977,29318.9159,-0.322940738,0.003094112,0.01481917,0.98418,0.44392,0.00095,0.00271,Low
ENSG00000077616,chr11,90134260,ref=G,alt=T,61100.36227,-0.045077312,0.658295282,0.945271242,61100.36227,0.521591305,4.44E-13,1.10E-11,0.50579,NA,0.00142,0.01258,Low
ENSG00000077616,chr11,90134522,ref=G,alt=A,31279.27266,-0.204516586,0.269442972,0.836639508,31279.27266,0.230474837,0.078407851,0.188593332,0.00904,0.09599,0.91874,0.92651,High
ENSG00000080189,chr20,46356656,ref=C,alt=T,19801.31666,-0.038845684,0.781529046,0.970377977,19801.31666,0.745335678,5.18E-14,1.49E-12,2.00E-05,0,0.94725,0.97503,High
ENSG00000080189,chr20,46356667,ref=C,alt=T,27704.51427,-0.008519294,0.951060952,0.99868551,27704.51427,0.485151428,7.65E-07,9.72E-06,-0.73489,0.62438,0.00132,0.00519,Low
ENSG00000085491,chr1,108208346,ref=G,alt=T,24094.14642,-0.046396792,0.781994061,0.970377977,24094.14642,0.012690191,0.914754874,0.947734651,0.62801,NA,0.00243,0.01954,Low
ENSG00000085491,chr1,108209007,ref=C,alt=G,19359.48288,0.100743734,0.509676231,0.917007192,19359.48288,-0.15394909,0.154482023,0.29185877,-2.00E-05,3.00E-05,0.93875,0.95391,High
ENSG00000101695,chr18,32010742,ref=G,alt=A,47692.3383,-0.085176193,0.527330163,0.917007192,47692.3383,-0.361726006,0.000145709,0.001060764,0.99253,NA,0.00214,0.0186,Low
ENSG00000103365,chr16,23526289,ref=T,alt=G,31198.5902,-0.018898162,0.860854766,0.970377977,31198.5902,-0.059327534,0.436732095,0.587329369,-0.72336,NA,0.00118,0.01838,Low
ENSG00000103365,chr16,23526873,ref=G,alt=A,20185.75697,-0.233377036,0.137982402,0.717472256,20185.75697,0.029492375,0.790992011,0.860997971,0,0,0.947,0.97866,High
ENSG00000103365,chr16,23528628,ref=C,alt=T,21551.26581,0.428143237,0.023112913,0.410254202,21551.26581,-0.420747996,0.001592293,0.008440698,0,0,0.94774,0.98076,High
ENSG00000103365,chr16,23529250,ref=T,alt=C,32785.1434,-0.054168714,0.684838463,0.952592828,32785.1434,-0.135903044,0.149728677,0.286848623,-0.54882,NA,0.00069,0.01266,Low
ENSG00000103512,chr16,14825824,ref=G,alt=A,42269.0828,-0.206422869,0.083825019,0.643313996,42269.0828,-0.050283416,0.551295067,0.69197036,0.89289,NA,0.00058,0.01573,Low
ENSG00000107099,chr9,216451,ref=G,alt=A,21241.81613,0.201909352,0.275978531,0.836639508,21241.81613,-0.22458784,0.086576268,0.202878294,0.01728,NA,0.25778,0.03117,Low
ENSG00000107099,chr9,216482,ref=A,alt=G,7504.873764,0.275110273,0.318474622,0.845297128,7504.873764,-0.200421801,0.304289674,0.473339493,0.9433,NA,0.00097,0.00804,Low
ENSG00000107099,chr9,219963,ref=T,alt=C,26053.7603,0.036322411,0.810445752,0.970377977,26053.7603,-0.260163241,0.01512315,0.053958716,0.8156,NA,0.00132,0.00843,Low
ENSG00000107099,chr9,220877,ref=C,alt=T,33183.08336,0.030110718,0.820254309,0.970377977,33183.08336,-0.243734788,0.00928369,0.037146102,0.01728,NA,0.19176,0.0285,Low
ENSG00000109323,chr4,102756096,ref=C,alt=A,2387.303634,-0.334615574,0.573707744,0.917007192,2387.303634,0.175608386,0.676199764,0.788899724,0.82638,0.43011,0.00086,0.00184,Low
ENSG00000109323,chr4,102756129,ref=T,alt=C,18238.19431,-0.22529509,0.331845725,0.858619662,18238.19431,0.262143908,0.109475312,0.232978422,-0.079,0.02488,0.88364,0.85088,High
ENSG00000109323,chr4,102767904,ref=C,alt=T,17468.82497,0.025929543,0.863161768,0.970377977,17468.82497,-0.099753973,0.348370395,0.518284021,-0.58118,0.54881,0.00102,0.00249,Low
ENSG00000109323,chr4,102768192,ref=C,alt=T,15985.59991,-0.142694568,0.371426071,0.87491545,15985.59991,0.471214462,3.01E-05,0.000260499,-0.079,0.02488,0.93064,0.89265,High
ENSG00000109323,chr4,102768269,ref=G,alt=A,46735.51191,0.042178023,0.758119608,0.970377977,46735.51191,1.22672969,9.33E-37,1.02E-34,-0.079,0.02488,0.89149,0.87641,High
ENSG00000114023,chr3,122376480,ref=G,alt=A,33374.86164,0.012591542,0.907718981,0.987709542,33374.86164,0.047413684,0.537178525,0.683681759,0.77067,0.57711,0.00135,0.003,Low
ENSG00000114023,chr3,122376656,ref=T,alt=G,21261.51131,-0.261844722,0.059134032,0.633496407,21261.51131,0.273212638,0.005330343,0.023553617,0,NA,0.92457,0.60556,High
ENSG00000116668,chr1,185148458,ref=G,alt=A,7974.218587,0.147459957,0.517806639,0.917007192,7974.218587,-0.33449632,0.03782198,0.111025811,-0.53981,NA,0.00073,0.00772,Low
ENSG00000116668,chr1,185148522,ref=T,alt=C,6996.772425,0.379519308,0.256248867,0.836639508,6996.772425,-0.382651778,0.10560685,0.227910436,0.85782,NA,6.00E-04,0.00886,Low
ENSG00000116668,chr1,185149910,ref=G,alt=A,1877.037757,0.846405015,0.097057217,0.65024235,1877.037757,-0.136460693,0.705009284,NA,-0.82294,NA,0.00087,0.00894,Low
ENSG00000116668,chr1,185166397,ref=C,alt=T,10280.76343,-0.182611403,0.537362391,0.917007192,10280.76343,-0.116107636,0.5790449,0.713676107,-0.67317,NA,0.0011,0.01232,Low
ENSG00000124523,chr6,13574435,ref=G,alt=A,6056.854531,-0.366985348,0.294888605,0.836639508,6056.854531,2.034482272,2.20E-16,8.00E-15,-0.90719,NA,0.00415,0.03515,Low
ENSG00000124523,chr6,13574630,ref=C,alt=T,9196.884779,-0.251487844,0.257770052,0.836639508,9196.884779,0.56448579,0.000327342,0.002127721,0.00131,0.05269,0.98916,0.99217,High
ENSG00000127419,chr4,934717,ref=G,alt=T,45525.66914,0.027092326,0.812867187,0.970377977,45525.66914,-0.044956772,0.578489898,0.713676107,0.00089,NA,0.73019,0.43313,High
ENSG00000127419,chr4,935017,ref=G,alt=T,34583.59952,-0.017969273,0.884240855,0.979042506,34583.59952,-0.00733128,0.933070526,0.954038403,0.58364,0.34551,0.00206,0.00425,Low
ENSG00000128791,chr18,9329174,ref=G,alt=C,29190.61463,0.112493454,0.398622951,0.884444672,29190.61463,-0.140671187,0.135546926,0.269122261,-0.38596,0.36682,0.00119,0.00257,Low
ENSG00000128791,chr18,9329284,ref=A,alt=T,17800.62992,-0.173641193,0.367103446,0.87491545,17800.62992,0.041748799,0.759097593,0.842413183,-0.26865,NA,0.00136,0.01574,Low
ENSG00000131737,chr17,41382752,ref=T,alt=G,33920.20823,-0.268972078,0.041337743,0.600674096,33920.20823,0.102584001,0.271314138,0.428496206,-0.82181,NA,0.00384,0.03385,Low
ENSG00000131737,chr17,41383056,ref=G,alt=A,17978.38453,-0.331297672,0.07100607,0.640181712,17978.38453,0.110966999,0.39208141,0.559333274,0.00019,NA,0.28107,0.10016,Low
ENSG00000131737,chr17,41383059,ref=G,alt=A,18707.64382,0.366438864,0.016926627,0.381564919,18707.64382,-0.355259225,0.001063812,0.006179162,0.00019,NA,0.32585,0.11443,Low
ENSG00000131737,chr17,41383060,ref=C,alt=T,3738.084278,0.235824448,0.550957681,0.917007192,3738.084278,-0.21543522,0.44121852,0.591171676,0.00019,NA,0.31692,0.1167,Low
ENSG00000131791,chr1,147169637,ref=G,alt=A,12948.95065,0.448179639,0.074605946,0.64206329,12948.95065,-0.038105556,0.829994607,0.88602529,0.00046,0.00044,0.86926,0.89986,High
ENSG00000131791,chr1,147170386,ref=T,alt=C,28197.08316,-0.098472955,0.550267534,0.917007192,28197.08316,0.05938067,0.61039593,0.742263202,0.00046,0.00044,0.9327,0.93479,High
ENSG00000131791,chr1,147170417,ref=T,alt=C,25993.93304,-0.210962507,0.165891126,0.785217994,25993.93304,0.222077005,0.038981764,0.113818411,-0.91297,0.44615,0.00175,0.00484,Low
ENSG00000133422,chr22,30968685,ref=C,alt=T,4591.438368,0.00993823,0.978754645,0.998923616,4591.438368,0.414681968,0.115867298,0.243321326,0.03249,NA,0.62983,0.2097,High
ENSG00000133422,chr22,30969076,ref=G,alt=A,13944.76155,-0.06208256,0.745033766,0.970377977,13944.76155,0.890266732,4.21E-11,8.52E-10,-0.64408,NA,0.00339,0.03116,Low
ENSG00000133742,chr8,85372794,ref=G,alt=A,54576.96034,-0.121853396,0.233094051,0.836639508,54576.96034,0.324593078,7.09E-06,7.04E-05,0.00541,NA,0.44481,0.11109,Low
ENSG00000135940,chr2,97653136,ref=G,alt=A,26166.10307,0.217050127,0.219083818,0.836639508,26166.10307,-0.248727755,0.046410041,0.132669541,0.77186,NA,0.00126,0.02034,Low
ENSG00000138115,chr10,95065171,ref=C,alt=T,33792.94713,0.039727846,0.783758824,0.970377977,33792.94713,0.386633776,0.000158625,0.001139593,0,NA,0.30493,0.06969,Low
ENSG00000138115,chr10,95066338,ref=T,alt=C,68118.46803,0.101304609,0.313437591,0.836639508,68118.46803,-0.284549481,6.25E-05,0.000494464,0.8224,NA,0.00128,0.01645,Low
ENSG00000138760,chr4,76209658,ref=C,alt=T,29510.99237,0.133012946,0.364534946,0.87491545,29510.99237,0.455202056,1.14E-05,0.000109039,-1.00E-05,NA,0.50158,0.13174,High
ENSG00000138760,chr4,76210097,ref=A,alt=C,14808.85299,-0.449256432,0.007601495,0.329788298,14808.85299,0.137592368,0.247291302,0.407432686,0.92962,NA,0.00188,0.01827,Low
ENSG00000140740,chr16,21959576,ref=A,alt=G,28342.25196,0.121139406,0.499785365,0.917007192,28342.25196,-0.173793282,0.170755761,0.310775485,0,NA,0.66865,0.20265,High
ENSG00000140740,chr16,21961797,ref=G,alt=A,21737.84098,0.143196703,0.367457474,0.87491545,21737.84098,-0.059625987,0.595793926,0.730455083,-0.91383,0.32124,0.00063,0.004,Low
ENSG00000141385,chr18,12375475,ref=C,alt=T,12811.5322,0.145520744,0.493778893,0.917007192,12811.5322,-0.3635544,0.015652087,0.054088858,0.82519,NA,0.00137,0.01548,Low
ENSG00000141385,chr18,12375587,ref=C,alt=T,15963.14792,0.417400257,0.020771884,0.410254202,15963.14792,-0.177401822,0.164821757,0.303790001,0,NA,0.64782,0.17612,High
ENSG00000141385,chr18,12375594,ref=A,alt=G,11111.40186,-0.415780214,0.033619413,0.530439633,11111.40186,-0.063624167,0.645432022,0.769153471,0,NA,0.55028,0.15603,High
ENSG00000141933,chr19,499702,ref=C,alt=T,21585.76906,-0.163293976,0.24547038,0.836639508,21585.76906,-0.129597982,0.192408712,0.337797932,-0.00235,NA,0.5474,0.1167,High
ENSG00000141933,chr19,499726,ref=C,alt=T,27372.19777,-0.151050704,0.328366028,0.858619662,27372.19777,0.065446307,0.549220965,0.690999701,0.94078,NA,0.0025,0.01644,Low
ENSG00000141933,chr19,502061,ref=G,alt=A,334.1184575,-1.039362512,0.553202106,0.917007192,334.1184575,0.252200056,0.838885099,NA,-0.00235,NA,0.64454,0.16463,High
ENSG00000141933,chr19,515770,ref=C,alt=T,11938.51899,0.055949613,0.791201582,0.970377977,11938.51899,0.006686379,0.964317512,0.973229874,0.78227,NA,0.00206,0.02014,Low
ENSG00000141933,chr19,515777,ref=A,alt=C,35843.34673,0.390831091,0.001271325,0.103158929,35843.34673,-0.004441991,0.958708183,0.972964067,-0.00235,NA,0.55044,0.1971,High
ENSG00000141933,chr19,515808,ref=G,alt=A,17676.94122,-0.322189073,0.047631808,0.614883334,17676.94122,-0.103577024,0.367580222,0.533773407,-0.00235,NA,0.67091,0.2178,High
ENSG00000141933,chr19,515814,ref=C,alt=T,17035.18094,-0.236662354,0.258858005,0.836639508,17035.18094,0.829080191,2.25E-08,3.41E-07,-0.00235,NA,0.54696,0.20598,High
ENSG00000142687,chr1,35547722,ref=A,alt=G,39136.67513,-0.066645723,0.56103646,0.917007192,39136.67513,-0.166150965,0.040512716,0.117659272,0.81202,NA,0.00111,0.01705,Low
ENSG00000142687,chr1,35548660,ref=A,alt=G,5789.210416,0.235101079,0.576200662,0.917007192,5789.210416,-0.191466552,0.51985804,0.667864682,-0.00055,0.13108,0.42778,0.01974,Low
ENSG00000146729,chr7,55944224,ref=C,alt=T,30250.31064,0.01821582,0.890866036,0.984169325,30250.31064,-0.239504912,0.010704615,0.041451914,-0.00167,NA,0.65387,0.15181,High
ENSG00000146729,chr7,55944652,ref=C,alt=T,37653.32306,-0.131351442,0.297739313,0.836639508,37653.32306,0.035575016,0.690001734,0.796492488,0.98319,0.38284,8.00E-04,0.0032,Low
ENSG00000146729,chr7,55946326,ref=A,alt=G,29411.59954,-0.473267274,0.000628995,0.071453863,29411.59954,0.241081487,0.013815199,0.050624824,0.73185,0.51386,0.00244,0.00512,Low
ENSG00000146729,chr7,55947194,ref=C,alt=T,24333.85812,0.049636377,0.70988719,0.962611163,24333.85812,-0.094765764,0.315456072,0.485180326,-0.00167,NA,0.38412,0.09304,Low
ENSG00000147548,chr8,38372638,ref=A,alt=T,20288.88563,0.065553992,0.660316059,0.945271242,20288.88563,-0.077775889,0.460869996,0.606349441,-0.00073,0.01677,0.9194,0.90547,High
ENSG00000147548,chr8,38372996,ref=G,alt=A,11211.36621,0.089934953,0.641971836,0.945271242,11211.36621,-0.286485814,0.036124049,0.107194189,0.43632,NA,0.00113,0.01323,Low
ENSG00000156990,chr3,9837543,ref=G,alt=A,33701.20087,0.001068496,0.992859745,0.998923616,33701.20087,-0.212299739,0.011893067,0.044783549,0.95056,NA,0.00099,0.02084,Low
ENSG00000156990,chr3,9845964,ref=A,alt=C,20086.62758,0.040502417,0.831939558,0.970377977,20086.62758,-0.317342637,0.018696264,0.062244879,-0.65156,NA,0.00132,0.0165,Low
ENSG00000156990,chr3,9846871,ref=A,alt=C,27294.0913,-0.155218877,0.245247337,0.836639508,27294.0913,-0.133830958,0.155992399,0.29268677,-0.82406,NA,0.00144,0.01987,Low
ENSG00000156990,chr3,9853771,ref=G,alt=C,28195.85812,-0.06557424,0.549270502,0.917007192,28195.85812,0.098610804,0.202676995,0.351970871,-0.82406,NA,0.00094,0.02177,Low
ENSG00000157045,chr16,15064948,ref=C,alt=T,46729.15978,0.075496134,0.517062623,0.917007192,46729.15978,-0.15338351,0.062712149,0.161151661,2.00E-05,NA,0.48899,0.1406,Low
ENSG00000157045,chr16,15065443,ref=G,alt=A,72612.20652,0.107261354,0.217739687,0.836639508,72612.20652,0.349258821,1.35E-08,2.16E-07,-0.58469,NA,0.00167,0.01415,Low
ENSG00000160194,chr21,42873004,ref=C,alt=T,30246.99129,0.022714237,0.877377352,0.975245276,30246.99129,-0.320512083,0.002082852,0.010319654,-1.00E-05,NA,0.89349,0.49934,High
ENSG00000160194,chr21,42873364,ref=A,alt=G,16496.93232,-0.178584518,0.313440987,0.836639508,16496.93232,0.266334413,0.033263967,0.099791901,-0.08254,0.10127,0.68659,0.15192,High
ENSG00000164070,chr4,127786545,ref=A,alt=G,42756.69676,-0.084622106,0.438583606,0.905874503,42756.69676,0.076676294,0.320824296,0.490672453,0.99151,NA,0.00101,0.01372,Low
ENSG00000164070,chr4,127786678,ref=G,alt=T,21664.4771,0.101169227,0.55847816,0.917007192,21664.4771,-0.297622708,0.014934747,0.053647183,0.00012,NA,0.38019,0.09429,Low
ENSG00000164631,chr7,6713323,ref=A,alt=G,14931.53791,0.64940343,0.004766956,0.270763124,14931.53791,-0.605472278,0.000197005,0.001379032,3.00E-05,0.08061,0.88137,0.88004,High
ENSG00000167766,chr19,52681024,ref=C,alt=T,24590.49834,-0.256653563,0.05124153,0.624467172,24590.49834,-0.395828491,2.14E-05,0.000197757,-0.00219,0.0018,0.88857,0.86204,High
ENSG00000167766,chr19,52683032,ref=A,alt=G,27655.20498,-0.090584104,0.497182392,0.917007192,27655.20498,0.171338581,0.069308818,0.172538431,0.56988,0.56355,0.0012,0.00262,Low
ENSG00000167766,chr19,52683589,ref=G,alt=T,11146.22151,-0.32063707,0.20406432,0.836639508,11146.22151,0.300150033,0.092672143,0.208226296,-0.00219,0.0018,0.86075,0.82996,High
ENSG00000167766,chr19,52693550,ref=C,alt=T,18541.09929,-0.111592486,0.582816191,0.917007192,18541.09929,0.115493443,0.421424775,0.580323268,-0.91887,0.39655,0.00093,0.00191,Low
ENSG00000167766,chr19,52693878,ref=T,alt=G,29593.1527,0.087161467,0.54273892,0.917007192,29593.1527,-0.079317752,0.433477351,0.586308568,-0.00219,0.0018,0.89393,0.8499,High
ENSG00000169085,chr8,66466484,ref=G,alt=A,41420.62625,-0.060082496,0.667646701,0.945271242,41420.62625,0.124393355,0.208932035,0.359169623,0.09837,NA,0.77392,0.45303,High
ENSG00000169085,chr8,66466986,ref=C,alt=T,53104.68146,-0.010433353,0.93517987,0.997012158,53104.68146,0.127596214,0.159655775,0.296503582,0.51697,NA,0.00131,0.01539,Low
ENSG00000170949,chr19,53097285,ref=T,alt=C,24130.27936,-0.094450595,0.582049086,0.917007192,24130.27936,0.2171323,0.073464087,0.179871711,NA,0.60949,0.0064,0.00489,Low
ENSG00000170949,chr19,53098041,ref=G,alt=T,66946.86201,-0.094319328,0.312169948,0.836639508,66946.86201,0.635644431,5.39E-22,2.94E-20,-0.00058,NA,0.82445,0.47895,High
ENSG00000170949,chr19,53111545,ref=G,alt=A,16302.17214,-0.046162613,0.791776185,0.970377977,16302.17214,-0.224472264,0.069520979,0.172538431,-0.00058,NA,0.86623,0.44941,High
ENSG00000170949,chr19,53112101,ref=C,alt=T,22802.79437,0.07237383,0.642216221,0.945271242,22802.79437,-0.058286757,0.596672101,0.730455083,0.96717,0.61223,0.00099,0.00288,Low
ENSG00000173064,chr12,112386454,ref=C,alt=G,43167.65409,0.222943925,0.129652368,0.705759076,43167.65409,-0.043730632,0.674116496,0.788899724,0,NA,0.47938,0.08288,Low
ENSG00000173064,chr12,112386492,ref=A,alt=G,15550.41209,0.114722869,0.612621497,0.924129599,15550.41209,-0.301122168,0.060300799,0.1571165,-0.94537,NA,9.00E-04,0.01176,Low
ENSG00000173950,chr3,195262545,ref=A,alt=G,1896.63408,0.223080533,0.654055222,0.945271242,1896.63408,-0.288767843,0.411939268,NA,5.00E-05,NA,0.56135,0.1576,High
ENSG00000173950,chr3,195262644,ref=C,alt=T,31631.19208,-0.213825306,0.099977759,0.656790307,31631.19208,-0.044199091,0.630726295,0.76021315,0.95147,NA,0.00044,0.00756,Low
ENSG00000174851,chr11,66287700,ref=G,alt=T,55.14242577,-3.718413292,0.520153329,0.917007192,55.14242577,1.35099516,0.74072302,NA,0,NA,0.54265,0.20618,High
ENSG00000174851,chr11,66290125,ref=G,alt=A,21286.55788,-0.061511583,0.738228214,0.970377977,21286.55788,0.155104439,0.233316202,0.393181008,0.9942,NA,0.00076,0.01752,Low
ENSG00000175224,chr11,46619222,ref=A,alt=C,32781.75375,-0.089659537,0.413938543,0.896655472,32781.75375,-0.108098589,0.163749747,0.303075804,-0.00104,3.00E-05,0.93681,0.96568,High
ENSG00000175224,chr11,46619284,ref=A,alt=G,45015.67568,-0.075944076,0.535789855,0.917007192,45015.67568,0.234400413,0.006880446,0.028460027,0.88613,0.60122,0.00157,0.00634,Low
ENSG00000183020,chr11,920217,ref=C,alt=G,30309.52308,0.118411074,0.425626567,0.896655472,30309.52308,-0.149455925,0.155084742,0.291987134,-0.378,0.28144,0.00033,0.00282,Low
ENSG00000183020,chr11,920254,ref=G,alt=A,58325.7786,-0.003659269,0.973181535,0.998923616,58325.7786,0.087650421,0.254726977,0.413497995,0.00159,0.24967,0.34046,0.01889,Low
ENSG00000183978,chr17,42798769,ref=A,alt=C,11419.7809,1.519774317,4.47E-08,2.54E-05,11419.7809,-0.035587899,0.856285648,0.906069697,0,NA,0.94107,0.61911,High
ENSG00000183978,chr17,42798775,ref=C,alt=T,25197.88698,-0.135805622,0.2888972,0.836639508,25197.88698,1.359376517,5.83E-51,1.06E-48,0.50065,NA,0.0042,0.03467,Low
ENSG00000187024,chr9,127708779,ref=G,alt=A,7246.769576,-0.084232477,0.765416275,0.970377977,7246.769576,-0.529688053,0.008009067,0.032633958,0.95227,NA,0.00159,0.01723,Low
ENSG00000187024,chr9,127709201,ref=A,alt=G,30092.18733,-0.27574199,0.08720982,0.643313996,30092.18733,0.215711934,0.058422414,0.153358837,0.4427,NA,0.0018,0.02098,Low
ENSG00000187607,chr17,15693282,ref=G,alt=A,13066.07412,0.156593146,0.501211704,0.917007192,13066.07412,-0.39645828,0.016018405,0.055006599,-2.00E-04,NA,0.77528,0.27988,High
ENSG00000187607,chr17,15693283,ref=C,alt=A,15215.34314,-0.413662632,0.101438913,0.656790307,15215.34314,-0.02113176,0.905812957,0.942045475,-8.00E-05,NA,0.76811,0.2774,High
ENSG00000196405,chr14,99979052,ref=T,alt=C,54934.23124,-0.18112275,0.073698268,0.64206329,54934.23124,-0.0612309,0.392352827,0.559333274,-0.77803,NA,0.0015,0.0174,Low
ENSG00000196405,chr14,99979132,ref=G,alt=T,21850.02633,-0.077929467,0.590871279,0.917506755,21850.02633,-0.120920134,0.238178617,0.397692736,0.00676,0.02703,0.73426,0.74901,High
ENSG00000196792,chr14,31020883,ref=G,alt=T,6164.119215,-0.412014873,0.142084946,0.727065309,6164.119215,-0.20077434,0.311548301,0.481884907,-0.90508,NA,0.00077,0.00902,Low
ENSG00000196792,chr14,31023028,ref=T,alt=G,42394.17159,-0.017015875,0.899267394,0.984169325,42394.17159,-0.089218245,0.347934844,0.518284021,0,0.00206,0.74437,0.76703,High
ENSG00000196914,chr11,120341523,ref=T,alt=C,17790.24763,-0.29314214,0.079863691,0.643313996,17790.24763,0.194750213,0.099878942,0.22176895,-0.00055,0.0129,0.86145,0.84816,High
ENSG00000196914,chr11,120343184,ref=T,alt=G,32735.5055,0.195322121,0.05430775,0.624467172,32735.5055,-0.092699394,0.19695114,0.344664495,0.79772,0.43459,0.00089,0.00318,Low
ENSG00000197006,chr16,21591215,ref=G,alt=A,26769.15277,-0.1585901,0.3892684,0.884444672,26769.15277,0.217483772,0.094910272,0.212381183,-0.90751,NA,0.00067,0.01287,Low
ENSG00000197006,chr16,21591431,ref=T,alt=C,18534.87059,0.080989098,0.590079266,0.917506755,18534.87059,0.235716434,0.026691068,0.08375473,0,NA,0.53945,0.13182,High
ENSG00000197563,chr18,62182631,ref=C,alt=G,50060.59081,-0.150461245,0.188893018,0.825317187,50060.59081,-0.090777131,0.262271918,0.417494073,-0.00058,NA,0.26907,0.03111,Low
ENSG00000197563,chr18,62182781,ref=C,alt=T,25836.13383,-0.034797356,0.827920583,0.970377977,25836.13383,-0.205334639,0.069976594,0.17288335,0.71842,NA,0.00066,0.00629,Low
ENSG00000197785,chr1,1503083,ref=C,alt=T,15557.61825,-0.110376201,0.567377361,0.917007192,15557.61825,-0.041010203,0.763673562,0.844060253,-0.9097,0.86964,0.00221,0.00432,Low
ENSG00000197785,chr1,1503170,ref=G,alt=A,15625.47196,-0.028365386,0.896098869,0.984169325,15625.47196,-0.233231501,0.128723027,0.258392546,-0.0262,0.03574,0.9621,0.94509,High
ENSG00000198535,chr15,62058141,ref=A,alt=G,26434.13679,-0.052951027,0.709422161,0.962611163,26434.13679,-0.243318216,0.015385134,0.054088858,-0.90173,NA,0.00244,0.02305,Low
ENSG00000198535,chr15,62058423,ref=G,alt=A,2346.936528,0.042049936,0.912785245,0.989431334,2346.936528,0.08237435,0.761524245,0.843391963,0.00078,NA,0.42182,0.13469,Low
ENSG00000205212,chr17,20901974,ref=C,alt=T,44986.51919,0.066690921,0.579700634,0.917007192,44986.51919,-0.065497966,0.441754659,0.591171676,0.00612,NA,0.42723,0.14032,Low
ENSG00000205212,chr17,20902475,ref=A,alt=T,51055.84401,0.030865648,0.73507835,0.970377977,51055.84401,0.205391275,0.001454282,0.00786176,-0.68722,NA,0.00166,0.0126,Low
ENSG00000224635,chr20,38418937,ref=T,alt=C,12628.21386,0.014124297,0.951212783,0.99868551,12628.21386,-0.185561265,0.255217627,0.413497995,0.00227,NA,0.54611,0.17649,High
ENSG00000224635,chr20,38422312,ref=G,alt=A,67420.70543,0.141585921,0.091362242,0.65024235,67420.70543,0.005332252,0.928353198,0.950995959,0.72821,NA,0.00136,0.0144,Low
ENSG00000226792,chr13,51172577,ref=C,alt=T,45538.75976,-0.002909353,0.979569237,0.998923616,45538.75976,0.063612673,0.428741379,0.583772552,0.2006,NA,0.00123,0.01079,Low
ENSG00000226792,chr13,51172581,ref=T,alt=G,38488.79377,-0.250550278,0.079123009,0.643313996,38488.79377,0.186139283,0.064940246,0.16491802,0.8877,NA,0.00142,0.01153,Low
ENSG00000237693,chr5,150844836,ref=G,alt=A,35989.78868,-0.245061682,0.029201876,0.473904736,35989.78868,0.6321186,1.82E-15,6.20E-14,-0.80587,NA,0.00093,0.00879,Low
ENSG00000237693,chr5,150845068,ref=T,alt=A,77300.87015,0.072872736,0.407288226,0.894926543,77300.87015,0.475729338,1.98E-14,6.37E-13,0,NA,0.63908,0.34677,High
ENSG00000240875,chr3,156815900,ref=G,alt=A,5067.378771,-0.317329989,0.35486447,0.87491545,5067.378771,0.180594413,0.456284998,0.604688371,0.21671,NA,0.00189,0.01246,Low
ENSG00000240875,chr3,156816332,ref=C,alt=T,17407.83208,-0.210482094,0.222555391,0.836639508,17407.83208,0.327276855,0.007306664,0.02999578,0.87594,NA,0.00196,0.01289,Low
ENSG00000258308,chr12,101956175,ref=C,alt=A,11045.43219,0.168018762,0.473523598,0.917007192,11045.43219,-0.112831551,0.495994918,0.643261818,-0.72947,NA,0.002,0.01756,Low
ENSG00000258308,chr12,101956370,ref=C,alt=T,19205.56579,0.088028631,0.565572382,0.917007192,19205.56579,0.104091664,0.336600775,0.506292075,0,NA,0.56921,0.17258,High
ENSG00000261159,chr3,128866979,ref=C,alt=T,23676.67343,-0.078021569,0.60906506,0.924129599,23676.67343,-0.100403817,0.352231315,0.520698366,-0.71796,NA,0.00215,0.02119,Low
ENSG00000262370,chr16,3087121,ref=G,alt=C,23981.1693,-0.358580728,0.011742347,0.354758366,23981.1693,0.724428719,6.10E-13,1.45E-11,0.00114,NA,0.61024,0.17149,High
ENSG00000262370,chr16,3087193,ref=G,alt=A,5628.762685,-0.110920802,0.762009597,0.970377977,5628.762685,0.401895717,0.12063826,0.251406451,-0.98251,NA,0.00086,0.01789,Low
ENSG00000269994,chr9,87042201,ref=C,alt=A,76894.57159,0.054566337,0.554645315,0.917007192,76894.57159,0.824587204,1.53E-36,1.39E-34,0.86188,NA,0.00259,0.0205,Low
ENSG00000269994,chr9,87042321,ref=C,alt=T,32548.63975,0.0915445,0.482438928,0.917007192,32548.63975,0.062912686,0.494623256,0.643010232,0.04759,NA,0.61879,0.19887,High